引导编号,引导组号,引导类型,是否跳组,触发条件,类型参数,依赖界面,可跳过引导,模型,引导内容,配音,说明,是否遮罩,引导前执行,手指点击,后续引导触发条件,后续引导,后续触发条件说明
10,1,1,0,,,fun:mainview,0,,从<font color=#fe6600>沉睡中苏醒的勇者</font>呀，巨龙即将灭世，而唯有你！能！拯！救！我！们！,xinshou010.mp3,引导剧情1,1,,,,1_20,
20,1,1,0,,,,0,,你的记忆将随着苏醒而渐渐恢复，现在请先<font color=#fe6600>回想起你的名字</font>吧！,xinshou020.mp3,引导剧情2,1,,,,2_30,
30,2,3,0,,,fun:mainview,0,,open_set_player_name,,玩家起名,0,,,set_player_name,3_40,命名成功后继续
40,3,1,0,,,fun:mainview,0,,<font color=#fe6600><玩家名字></font>……，多么令人回忆的名字啊！你还记得曾经发生的事吗，<font color=#fe6600>屠龙之战</font>？不过暂时的遗忘也不算坏事……,xinshou030.mp3,引导剧情3,1,,,,4_50,
50,4,2,0,,1,fun:mainview,0,,现在让我们在<font color=#fe6600>英雄祭坛</font>招募你的<font color=#fe6600>第一个英雄</font>吧！,xinshou040.mp3,点击英雄祭坛,0,,G.view.mainView.nodes.btn_yxjt,choukaOpenOver,4_60,英雄祭坛界面绘制成功后继续
60,4,1,0,,,,0,,消耗<font color=#fe6600>召唤印记</font>可以在祭坛进行<font color=#fe6600>召唤祭祀</font>，可以随机获得<font color=#fe6600>1-5星</font>英雄哦！,xinshou050.mp3,普通抽引导,1,,,,4_70,
70,4,2,1,,1,,0,,难以想象我竟会成为你的再次复苏时的指引者！,,普通抽引导2,0,,G.frame.chouka.nodes.ptjs_btn_1,ajax_jitan_chouka,4_80,英雄祭坛-普通单抽结果展示界面绘制成功后继续
80,4,4,0,,,,0,,,,普通抽英雄展示,0,,,chouka_hdyx_one_over,4_90,
90,4,4,0,,,,0,,,,点击领取按钮,0,,G.frame.chouka_hdyx.nodes.btn_qd,,5_100,
100,5,1,0,,,frame:chouka,0,,消耗<font color=#fe6600>先祖印记</font>可以在祭坛进行<font color=#fe6600>先祖祭祀</font>，随机出现品质较高的<font color=#fe6600>3-5星</font>英雄哦！,,高级抽引导,1,,,,5_110,
110,5,4,1,,,,0,,,,点高级抽,0,,G.frame.chouka.nodes.gjjs_btn_1,ajax_jitan_chouka,5_120,
120,5,4,0,,,,0,,,,高级抽英雄展示,0,,,chouka_hdyx_one_over,5_130,
130,5,4,0,,,,0,,,,高级抽点击领取按钮,0,,G.frame.chouka_hdyx.nodes.btn_qd,,5_140,
140,5,4,0,,,,0,,,,高级抽点击返回按钮,0,,G.frame.chouka.nodes.btn_fh,,5_150,
150,5,1,0,,,,0,,太棒了！竟然召唤到了传奇法师<font color=#fe6600>寒冰女巫</font>，现在开始你传奇征程的第一场战斗吧！,xinshou070.mp3,引导剧情4,1,,,,6_160,
160,6,2,0,,1,fun:mainview,0,,现在让我们前往森海山脉。,xinshou080.mp3,第一场战斗点探险,0,,G.view.mainMenu.nodes.btn_tanxian,tanxianOpenOver,6_170,探险界面绘制成功后继续
170,6,2,0,,1,,0,,很多年后人们将谈论起勇者开启征程的这一刻！,,第一场战斗点挑战领主,0,,G.frame.tanxian.nodes.btn_tzlz,yingxiong_zhongzu_xuanze_over,6_180,探险界面-英雄出战界面绘制成功
180,6,2,0,,1,,0,,点击<font color=#fe6600>英雄头像</font>，选择出战英雄！,xinshou090.mp3,第一场战斗点第一个英雄,0,,G.frame.yingxiong_fight.bottom._headUI.0,yingxiong_fight_playAniMove_over,6_190,英雄头像飞入动画结束后继续
190,6,4,0,,,,0,,,,第一场战斗点第二个英雄,0,,G.frame.yingxiong_fight.bottom._headUI.1,yingxiong_fight_playAniMove_over,6_200,英雄头像飞入动画结束后继续
200,6,4,0,,,,0,,,,第一场战斗点开战,0,,G.frame.yingxiong_fight.top.nodes.btn_kz,ajax_tanxian_fightboss,6_210,
210,6,4,1,,,,0,,,,第一场战斗监听怒气,0,,,sp_is_full,6_220,
220,6,3,0,,,,0,,pauseFight,,第一场战斗暂停战斗,0,,,pauseFightOver,6_230,
230,6,1,0,,,,0,,当英雄攻击和受到攻击的时候，会增长怒气，<font color=#fe6600>怒气满后会释放技能</font>！,xinshou100.mp3,第一场战斗释放怒气,1,,,,6_240,回到探险界面，并界面绘制成功后继续
240,6,3,0,,,,0,,resumeFight,,第一场战斗战斗结果,0,,,fightWin_showOver,6_250,
250,6,3,0,,,,0,,closeFightWithWin,,第一场战斗战斗结束,0,,,closeFightOver,7_260,
260,7,2,0,,1,frame:tanxian,0,,战斗胜利，我们可以领取探险<font color=#fe6600>通关奖励</font>了。,xinshou110.mp3,通关奖励点通关奖励,0,,G.frame.tanxian.nodes.panel_gsbx,tanxianjiangliopenover,7_270,探险界面-通关奖励界面绘制成功后继续
270,7,4,0,,,frame:tanxian_jlyl,0,,,,通关奖励点领取奖励,0,,G.frame.tanxian_jlyl.nodes.btn_lq1,jiangliShowOver,7_280,
280,7,4,0,,,,0,,,,通关奖励关闭奖励界面,0,,G.frame.jiangli.nodes.btn_qr2,prizeViewHideOver,7_290,
290,7,4,0,,,,0,,,,关闭通关奖励界面,0,,G.frame.tanxian_jlyl.nodes.txt_djgb,,8_300,
300,8,2,0,,1,fun:mainview,0,,太好了，得到了<font color=#fe6600>英雄碎片</font>，快去<font color=#fe6600>合成</font>他吧！,xinshou120.mp3,点英雄按钮,0,,G.view.mainMenu.nodes.btn_yingxiong,yingxiongOpenOver,8_310,背包界面绘制成功后继续
310,8,4,0,,,,0,,,,点碎片页签,0,,G.frame.yingxiong.nodes.page_2,beibaoChangeTypeOver,8_320,背包碎片切页绘制成功后继续
320,8,2,0,,1,,0,,<font color=#fe6600>英雄碎片</font>是<font color=#fe6600>召唤英雄</font>的重要途径，点击即可合成！,xinshou130.mp3,英雄碎片合成,0,,G.frame.beibao._firstItem,iteminfoShowOver,8_330,背包-碎片分页-第一个物品的详情弹窗弹出后继续
330,8,4,0,,,,0,,,,点击合成按钮,0,,G.frame.iteminfo.nodes.btn_hecheng,ajax_item_use,8_340,背包-碎片分页-第一个物品的详情弹窗-合成弹窗绘制成功后继续
340,8,4,1,,,,0,,,,弹出英雄获得,0,,,jiangliShowOver,8_350,
350,8,4,0,,,,0,,,,点击领取按钮,0,,G.frame.jiangli.nodes.btn_qr2,,9_360,背包-碎片分页-第一个物品的详情弹窗-合成弹窗-奖励显示界面绘制成功后继续
360,9,1,0,,,frame:yingxiong,0,,我们需要<font color=#fe6600>升级英雄</font>获得更强大的力量去战胜灭世之龙！,xinshou140.mp3,点击英雄按钮,1,,,,9_370,英雄界面绘制成功后继续
370,9,4,0,,,,0,,,,加载英雄背包,0,,G.frame.yingxiong.nodes.page_1,yingxiongLoadOver,9_380,
380,9,4,0,,,,0,,,,点击第一个英雄,0,,G.frame.yingxiong._firstItem,yingxiong_xxxxOpenOver,10_390,英雄界面-第一个英雄升级界面绘制成功后继续
390,10,2,0,,1,fun:yingxiong_xxxx_panel1,0,,<font color=#fe6600>升级英雄？</font>不错主意！<font color=#fe6600>金币</font>和<font color=#fe6600>经验</font>足够时，点击这里。,xinshou150.mp3,点击一次升级按钮,0,,G.frame.yingxiong_xxxx._panels.1.nodes.btn_up,hero_lvup_over,12_400,
400,12,2,0,,1,fun:yingxiong_xxxx_panel1,0,,干的漂亮，让我们再试一次<font color=#fe6600>升级</font>吧。,,点击一次升级按钮,0,,G.frame.yingxiong_xxxx._panels.1.nodes.btn_up,hero_lvup_over,14_410,
410,14,2,0,,1,fun:yingxiong_xxxx_panel1,0,,每个英雄都有一个神装梦，现在为英雄穿戴些<font color=#fe6600>装备</font>吧！,xinshou170.mp3,点击装备页签,0,,G.frame.yingxiong_xxxx.topMenu.btns.menuBtn2,yingxiong_xxxxChangeTypeOver,15_420,英雄界面-第一个英雄强化界面绘制成功后继续
420,15,4,0,,,fun:yingxiong_xxxx_panel2,0,,,,点击一件穿戴,0,,G.frame.yingxiong_xxxx._panels.2.nodes.btn_1,ajax_hero_yjwear,15_430,
430,15,4,1,,,,0,,,,穿戴完成,0,,,yingxiong_zb_yjcd_over,15_440,
440,15,2,0,,1,,0,,虽然不算什么强大的装备，但总算凑活能用。,xinshou180.mp3,装备引导引导对话,0,,G.frame.yingxiong_xxxx._panels.2.nodes.btn_fanhui,,16_450,
450,16,2,0,,1,fun:mainview,0,,让我们继续探索森海山脉吧。,,点击探险按钮,0,,G.view.mainMenu.nodes.btn_tanxian,tanxianOpenOver,16_460,探险界面绘制成功后继续
460,16,2,0,,1,,0,,现在前往下一关！,,点击下一关,0,,G.frame.tanxian.nodes.btn_xyg,changeGuanqiaOver,17_470,探险界面绘制成功后继续
470,17,1,0,,,frame:tanxian,0,,在森海山脉<font color=#fe6600>挂机</font>可获得丰厚奖励，快看看都获取了什么！,xinshou200.mp3,引导对话,1,,,,17_480,探险界面-探险挂机领取后的奖励显示界面绘制成功后继续
480,17,4,0,,,,0,,,,点击获取按钮,0,,G.frame.tanxian.nodes.box,ajax_tanxian_recgjprize,17_490,
490,17,4,1,,,,0,,,,挂机奖励弹窗,0,,,jiangliShowOver,17_500,
500,17,4,0,,,,0,,,,关闭领取奖励界面,0,,G.frame.tanxian_hdjl.nodes.1txt_djgb,,18_510,
510,18,2,0,,1,frame:tanxian,0,,尊敬的勇者准备好新的战斗了么？,,第二场战斗点挑战领主,0,,G.frame.tanxian.nodes.btn_tzlz,yingxiong_zhongzu_xuanze_over,18_520,探险界面-英雄出战界面加载
520,18,2,0,,1,,0,,新英雄是个<font color=#fe6600>靠谱的坦克</font>哦，他能为其它英雄抵挡伤害！,xinshou210.mp3,第二场战斗点击英雄,0,,G.frame.yingxiong_fight.bottom._headUI.1,yingxiong_fight_playAniMove_over,18_530,英雄头像飞入动画结束后继续
530,18,1,0,,,,0,,有时候你可以像这样<font color=#fe6600>拖动英雄更换位置</font>，让出战阵容更合理。,,第二场战斗引导对话,1,,,,18_540,
540,18,3,0,,,,0,,moveHeroPos,,第二场战斗交换,0,,,moveHeroPosOver,18_550,
550,18,4,0,,,,0,,,,第二场战斗点击战斗,0,,G.frame.yingxiong_fight.top.nodes.btn_kz,ajax_tanxian_fightboss,18_560,
560,18,4,1,,,,0,,,,第二场战斗战斗结算,0,,,fightWin_showOver,18_570,
570,18,3,0,,,,0,,closeFightWithWin,,第二场战斗战斗结束,0,,,closeFightOver,20_580,
580,20,2,0,,1,frame:tanxian,0,,现在可以前往下一个关卡了。,xinshou230.mp3,第三场战斗点击下一关,0,,G.frame.tanxian.nodes.btn_xyg,ajax_tanxian_changegjmap,20_590,
590,20,4,1,,,,0,,,,第三场战斗关卡切换,0,,,changeGuanqiaOver,20_600,
600,20,1,0,,,,0,,要记得经常领取战利品来增强自己的实力哦，离线挂机每次<font color=#fe6600>最多累计8小时</font>！,xinshou240.mp3,第三场战斗引导对话,1,,,,21_610,
610,21,2,0,,1,frame:tanxian,0,,再次挑战深海山脉吧！,,第三场战斗点挑战领主,0,,G.frame.tanxian.nodes.btn_tzlz,yingxiong_zhongzu_xuanze_over,21_620,
620,21,2,0,,1,,0,,对战<font color=#fe6600>克制</font>的种族会有<font color=#fe6600>25%伤害的额外加成</font>哦！,xinshou250.mp3,第三场战斗点帮助信息,0,,G.frame.yingxiong_fight.top.nodes.btn_zxxq,fight_zzkezhiOpenOver,21_630,
630,21,4,0,,,,0,,,,第三场战斗关闭帮助信息,0,,G.frame.fight_zzkezhi.nodes.txt_djgb,,21_640,
640,21,4,0,,,,0,,,,第三场战斗点开战按钮,0,,G.frame.yingxiong_fight.top.nodes.btn_kz,ajax_tanxian_fightboss,21_650,
650,21,4,1,,,,0,,,,第三场战斗战斗结算,0,,,fightWin_showOver,21_660,
660,21,3,0,,,,0,,closeFightWithWin,,第三场战斗战斗结束,0,,,closeFightOver,22_670,
670,22,1,0,,,frame:tanxian,0,,听说你的英勇事迹后，村民给你送来了<font color=#fe6600>全村最好的武器</font>，快去领取吧！,xinshou260.mp3,在线奖励引导剧情,1,,,,22_680,
680,22,4,0,,,,0,,,,在线奖励点主城,0,,G.view.mainMenu.nodes.btn_haoyou,zhucheng_aniOver,22_690,
690,22,2,0,,1,,0,,每隔一段时间就可以在这里领取一份奖励，不要忘记哦！,xinshou270.mp3,在线奖励点在线奖励,0,,G.view.mainView.nodes.xsjl_dh,zaixianjiangli_openOver,22_700,
700,22,4,0,,,,0,,,,在线奖励点领取,0,,G.frame.zaixianjiangli._firstItem,ajax_onlineprize_getprize,22_710,
710,22,4,1,,,,0,,,,在线奖励奖励弹窗,0,,,jiangliShowOver,22_720,
720,22,4,0,,,,0,,,,在线奖励关闭奖励界面,0,,G.frame.jiangli.nodes.btn_qr2,,22_730,
730,22,4,0,,,,0,,,,在线奖励关闭在线奖励,0,,G.frame.zaixianjiangli.nodes.txt_djgb,,23_740,
740,23,2,0,,1,fun:mainview,0,,每天登录都有丰厚的<font color=#fe6600>签到奖励</font>可以领取。,xinshou280.mp3,签到引导点精彩活动,0,,G.view.mainView.nodes.btn_jchd,huodong_setContents_over,23_750,
750,23,4,0,,,,0,,,,签到引导点签到按钮,0,,G.frame.huodong._panels.nodes.btn_sign,ajax_sign_getprize,23_760,
760,23,4,1,,,,0,,,,签到引导奖励弹出,0,,,jiangliShowOver,23_770,
770,23,4,0,,,,0,,,,签到引导关闭领奖界面,0,,G.frame.jiangli.nodes.btn_qr2,,23_780,
780,23,4,0,,,,0,,,,签到引导关闭活动界面,0,,G.frame.huodong.nodes.btn_fh,,24_790,
790,24,2,0,,1,fun:mainview,0,,快看，<font color=#fe6600>杂货铺</font>又有好东西了。,,杂货店引导点杂货店,0,,G.view.mainView.nodes.btn_zhd,zhahuodian_setContent_over,24_800,
800,24,2,0,,1,,0,,竟然有能在英雄祭坛进行先祖祭祀的<font color=#fe6600>先祖印记</font>，赶快买下来！,,杂货店引导点击购买先祖,0,,G.frame.shopmain._firstItem,alert_open_over,24_810,
810,24,4,0,,,,0,,,,杂货店引导确定购买,0,,G.frame.buying.nodes.btn_3,ajax_zahuopu_buy,24_820,
820,24,4,1,,,,0,,,,杂货店引导奖励弹出,0,,,jiangliShowOver,24_830,
830,24,4,0,,,,0,,,,杂货店引导关闭领奖界面,0,,G.frame.jiangli.nodes.btn_qr2,,24_840,
840,24,4,0,,,,0,,,,杂货店引导点击返回,0,,G.frame.shopmain.nodes.btn_fh,,25_850,
850,25,4,0,,,fun:mainview,0,,,,杂货店引导点击英雄祭坛,0,,G.view.mainView.nodes.btn_yxjt,choukaOpenOver,25_860,
860,25,1,0,,,,0,,在英雄祭坛，用<font color=#fe6600>先祖印记</font>进行<font color=#fe6600>先祖祭祀</font>吧。,xinshou310.mp3,杂货店引导引导剧情,1,,,,25_870,
870,25,4,0,,,,0,,,,杂货店引导点高级抽,0,,G.frame.chouka.nodes.gjjs_btn_1,ajax_jitan_chouka,25_880,
880,25,4,1,,,,0,,,,杂货店引导英雄展示,0,,,chouka_hdyx_one_over,25_890,
890,25,4,0,,,,0,,,,杂货店引导点领取,0,,G.frame.chouka_hdyx.nodes.btn_qd,,25_900,
900,25,4,0,,,,0,,,,杂货店引导点返回,0,,G.frame.chouka.nodes.btn_fh,,26_910,
910,26,2,0,,1,fun:mainview,0,,想要快速成长起来，我们要学会更快的探索大陆。,,快速探险点击探险,0,,G.view.mainMenu.nodes.btn_tanxian,tanxianOpenOver,26_920,
920,26,2,0,,1,,0,,<font color=#fe6600>快速探险</font>能迅速提升等级，并获得大量经验。,xinshou330.mp3,快速探险点击快速探险,0,,G.frame.tanxian.nodes.btn_kstx,tanxian_kstx_showover,26_930,
930,26,4,0,,,,0,,,,快速探险点确定,0,,G.frame.tanxian_kstx.nodes.btn_kstx,ajax_tanxian_fasttx,26_940,
940,26,4,1,,,,0,,,,快速探险奖励弹出,0,,,jiangliShowOver,26_950,
950,26,4,0,,,,0,,,,快速探险关闭领奖界面,0,,G.frame.tanxian_hdjl.nodes.1txt_djgb,,27_960,
960,27,1,0,,,frame:tanxian,0,,希望你能尽快成长起来，再次创造你的英勇传说。,xinshou340.mp3,神器引导剧情1,1,,,,27_970,
970,27,2,0,,1,,0,,新的冒险等待着你哦，快去探险吧！,,神器点下一关,0,,G.frame.tanxian.nodes.btn_xyg,ajax_tanxian_changegjmap,28_980,
980,28,1,0,,,frame:tanxian,0,,尊敬的勇者，你还记得当初与你并肩作战的圣贤么，他们的<font color=#fe6600>神器</font>经历千年风霜已经力量枯竭。,xinshou350.mp3,神器引导剧情2,1,,,,28_990,
990,28,1,0,,,,0,,你的力量可以重新<font color=#fe6600>激活神器</font>上的屠龙之力，灭世巨龙即将苏醒，唯有你能<font color=#fe6600>跟随神器的指引</font>拯救我们。,xinshou360.mp3,神器引导剧情3,1,,,,28_1000,
1000,28,3,0,,,,0,,resumeshenqi,,神器显示神器,0,,,shenqianiover,28_1010,
1010,28,4,0,,,,0,,,,神器点神器,0,,G.frame.tanxian.nodes.panel_sqdh,tulongzhiluOpenOver,28_1020,
1020,28,2,0,,1,,0,,跟随指引就能重新激活这5把先贤神器。,,神器第一把神器,0,,G.frame.shenqi.nodes.btn_hmzr,shenqi_infoOpenOver,28_1030,
1030,28,1,0,,,,0,,神器上铭刻着先贤的意志，激活神器可以获得强大的<font color=#fe6600>神器属性和技能</font>加成。,xinshou370.mp3,神器引导剧情4,1,,,,28_1040,
1040,28,1,0,,,,0,,先尝试<font color=#fe6600>激活部分神器</font>的屠龙之力，我等待着你<font color=#fe6600>恢复往日的力量</font>！,xinshou380.mp3,神器引导剧情5,1,,,,28_1050,
1050,28,4,0,,,,0,,,,神器第一个任务,0,,G.frame.shenqi_info.nodes.btnfirst,ajax_artifact_receive,28_1060,
1060,28,4,1,,,,0,,,,神器奖励弹出,0,,,jiangliShowOver,28_1070,
1070,28,4,0,,,,0,,,,神器关闭领奖弹窗,0,,G.frame.jiangli.nodes.btn_qr2,,28_1080,
1080,28,1,0,,,,0,,现在让我们跟随神器的引导前往<font color=#fe6600>森海山脉探险</font>，早日激活神器！,xinshou390.mp3,神器引导剧情6,1,,,,28_1090,
1090,28,4,0,,,,0,,,,神器第二个任务,0,,G.frame.shenqi_info.nodes.btn_tanxian,tanxianOpenOver,28_1100,
1100,28,1,0,,,,0,,新的功能“魔法转盘”将在14级开启，勇者大人请<font color=#fe6600>挑战关卡</font>努力升级变强吧！,,神器引导剧情7,1,,,,28_1110,
1110,28,4,0,,,,0,,,,神器强制引导结束,0,,G.frame.tanxian.nodes.btn_tzlz,,,
11001,110,2,1,guanqia:10,1,,0,,随着探索的深入，对手会越来越强，不要忘记培养英雄哦！,,,0,,G.frame.fight_tanxian_fail.nodes.btn,woyaobainqiangOpenOver,110_11002,
11002,110,4,0,,,,0,,,,,0,,G.frame.woyaobianqiang.nodes.btn_czzy,woyaobainqiangOpenOver,110_11003,
11003,110,1,0,,,,0,,培养英雄有多种方法，在前期我们要多升级、进阶英雄。,,,1,,,,110_11004,
11004,110,4,0,,,,0,,,,,0,,G.frame.woyaobianqiang.btn_on,yingxiongOpenOver,110_11005,
11005,110,4,0,,,,0,,,,,0,,G.frame.yingxiong._firstItem,yingxiong_xxxxOpenOver,110_11006,
11006,110,2,0,,1,,0,,点击这里，让我们再升级一下英雄吧！,,,0,,G.frame.yingxiong_xxxx._panels.1.nodes.btn_up,,,
11401,114,1,1,lv:14,,,1,,<font color=#fe6600>魔法转盘</font>开启了，快去让世界见证你的实力吧！,,,1,,,,114_11402,
11402,114,4,0,,,,0,,,,,0,,G.view.mainMenu.nodes.btn_haoyou,,114_11403,
11403,114,3,0,,btn_xyc,,0,,scrollToBuild,,,0,,,scrollToBuildOver,114_11404,
11404,114,2,0,,1,,0,,太好运了，我们竟然获得了3个转盘币。,,,0,,G.view.mainView.nodes.btn_xyc,xuyuanchiOpenOver,114_11405,
11405,114,1,0,,,,0,,消耗<font color=#fe6600>转盘币</font>就可抽奖获取丰厚奖励哦！,,,1,,,,114_11406,
11406,114,4,0,,,,0,,,,,0,,G.frame.xuyuanchi.nodes.btn_1,xuyuanchi_hdjl_one_over,114_11407,
11407,114,1,0,,,,1,,听说在<font color=#fe6600>杂货铺</font>可以获得大量<font color=#fe6600>折扣转盘币</font>，不要错过哦！,,,1,,,,,
11801,118,1,1,lv:18,,,1,,<font color=#fe6600>自由竞技场</font>开启了，快去让世界见证你的实力吧！,xinshou440.mp3,,1,,,,118_11802,
11802,118,4,0,,,,0,,,,,0,,G.view.mainMenu.nodes.btn_haoyou,,118_11803,
11803,118,3,0,,btn_jjc,,0,,scrollToBuild,,,0,,,scrollToBuildOver,118_11804,
11804,118,1,0,,,,1,,<font color=#fe6600>每周挑战</font>一定次数竞技场，可以获得<font color=#fe6600>丰厚奖励</font>！,xinshou450.mp3,,1,,,,118_11805,
11805,118,4,0,,,,0,,,,,0,,G.view.mainView.nodes.btn_jjc,jingjichangOpenOver,118_11806,
11806,118,2,0,,1,,0,,每周<font color=#fe6600>竞技排名</font>奖励还能收获<font color=#fe6600>丰厚荣誉</font>，兑换传说英雄哦！,xinshou460.mp3,,0,,G.frame.jingjichang.nodes.img_zyjj,jingjichang_freepkOpenOver,118_11807,
11807,118,1,0,,,,1,,现在就整备好你的阵容去挑战对手吧！挑战后千万别忘了领取<font color=#fe6600>周宝箱奖励</font>哦！,xinshou470.mp3,,1,,,,,
12001,120,1,1,lv:999,,,1,,<font color=#fe6600>塔防试炼</font>开启了，挑战可以获得丰厚培养材料！,xinshou480.mp3,,1,,,,120_12002,
12002,120,4,0,,,,0,,,,,0,,G.view.mainMenu.nodes.btn_haoyou,,120_12003,
12003,120,3,0,,btn_fst,,0,,scrollToBuild,,,0,,,scrollToBuildOver,120_12004,
12004,120,4,0,,,,0,,,,,0,,G.view.mainView.nodes.btn_fst,shendianzhiluOpenOver,120_12005,
12005,120,2,0,,1,,0,,塔防试炼每天都有免费次数，记得不要浪费了哦！,xinshou490.mp3,,0,,G.frame.julongshendian.nodes.img_mrsl,meirishilianOpenOver,120_12006,
12006,120,1,0,,1,,1,,提升贵族等级还能获得更多挑战次数，提升等级还能解锁无畏试炼，获取大量英雄哦！,xinshou500.mp3,,1,,,,,
12101,121,1,1,lv:21,,,1,,<font color=#fe6600>公会功能</font>开启了，加入公会可以获得大量<font color=#fe6600>公会贡献</font>，兑换<font color=#fe6600>传说英雄</font>哦！,xinshou510.mp3,,1,,,,121_12102,
12102,121,4,0,,,,0,,,,,0,,G.view.mainMenu.nodes.btn_gonghui,gonghui_ghphOpenOver,121_12103,
12103,121,1,0,,,,1,,现在就加入或创建一个公会吧！挑战<font color=#fe6600>公会副本、公会捐献获取大量贡献</font>，提升<font color=#fe6600>公会技能获得大量属性</font>加成，快和公会成员一同努力吧！,,,1,,,,,
12301,123,1,1,lv:23,,,1,,<font color=#fe6600>传说英雄猩红女爵</font>降临了，赶紧看看有没有办法召唤他！,,,1,,,,123_12302,
12302,123,3,0,,,,0,,closeAllFrame,,,0,,,closeAllFrameOver,123_12303,
12303,123,4,0,,,,0,,,,,0,,G.view.mainView.nodes.btn_crdl,crdlShowOver,123_12304,
12304,123,1,0,,,,1,,只要完成这<font color=#fe6600>三个试炼</font>，就可以获得猩红女爵了，赶紧去试试看吧！,,,0,,,,,
12401,124,1,1,lv:24,,,1,,<font color=#fe6600>巨龙神殿的神殿之路</font>开启了，挑战神殿之路不仅可以获得大量<font color=#fe6600>英雄进阶材料</font>，通关还奖励<font color=#fe6600>传说英雄</font>，让我们现在就去看看吧！,,,1,,,,124_12402,
12402,124,4,0,,,,0,,,,,0,,G.view.mainMenu.nodes.btn_haoyou,,124_12403,
12403,124,3,0,,btn_fst,,0,,scrollToBuild,,,0,,,scrollToBuildOver,124_12404,
12404,124,2,0,,1,,0,,巨龙神殿每层都有强力的怪物守护者，击败他们获得奖励！,,,0,,G.view.mainView.nodes.btn_fst,shendianzhiluOpenOver,124_12405,
12405,124,4,0,,,,0,,,,,0,,G.frame.julongshendian.nodes.img_sdzl,dafashitaOpenOver,124_12406,
12406,124,1,0,,,,1,,每挑战<font color=#fe6600>10层的怪物守护者</font>，就能获得一份神秘奖励哦！,,,1,,,,,
12501,125,1,1,lv:25,,,1,,<font color=#fe6600>召唤之书功能</font>开启了，使用召唤卷将很<font color=#fe6600>高概率获得传说英雄</font>！还能通过置换精华将不需要的<font color=#fe6600>英雄转换为其他英雄</font>哦！,,,1,,,,,
12801,128,1,1,lv:28,,,1,,<font color=#fe6600>悬赏任务</font>开启了，完成悬赏任务可以获得丰厚奖励！完成高难度悬赏任务还能获得大量<font color=#fe6600>传说英雄、传说道具</font>。 ,xinshou570.mp3,,1,,,,128_12802,
12802,128,4,0,,,,0,,,,,0,,G.view.mainMenu.nodes.btn_haoyou,,128_12803,
12803,128,3,0,,btn_xsrw,,0,,scrollToBuild,,,0,,,scrollToBuildOver,128_12804,
12804,128,2,0,,1,,0,,越高难度的悬赏，奖励越为丰厚，千万别错过！,,,0,,G.view.mainView.nodes.btn_xsrw,xuanshangrenwuOpenOver,128_12805,
12805,128,1,0,,,,1,,消耗悬赏积分即可接取悬赏任务，<font color=#fe6600>探险挂机</font>可以获得大量<font color=#fe6600>悬赏积分</font>，要记得领取哦！,xinshou580.mp3,,1,,,,,
14001,140,1,1,lv:40,,,1,,<font color=#fe6600>十字军远征</font>开启了，挑战远征可以获得大量金币还有声望，声望可以兑换丰厚奖励哦！ ,xinshou590.mp3,,1,,,,140_14002,
14002,140,4,0,,,,0,,,,,0,,G.view.mainMenu.nodes.btn_haoyou,,140_14003,
14003,140,3,0,,btn_fst,,0,,scrollToBuild,,,0,,,scrollToBuildOver,140_14004,
14004,140,2,0,,1,,0,,只有40级以上的强力英雄才能参与远征哦！,xinshou600.mp3,,0,,G.view.mainView.nodes.btn_fst,shendianzhiluOpenOver,140_14005,
14005,140,4,0,,,,0,,,,,0,,G.frame.julongshendian.nodes.img_szjyz,shizijunyuanzhengOpenOver,140_14006,
14006,140,1,0,,,,1,,每挑战3个远征的对手，就可以获得丰厚的远征军声望，试着战斗看看吧！,xinshou610.mp3,,1,,,,,
14801,148,1,0,lv:48,,,1,,<font color=#fe6600>神殿</font>开启了，挑战迷宫，获取迷宫币，可以兑换强大的神威结晶,,,1,,,,148_14802,
14802,148,4,0,,,,0,,,,,0,,G.view.mainMenu.nodes.btn_haoyou,,148_14803,
14803,148,3,0,,btn_fst,,0,,scrollToBuild,,,0,,,scrollToBuildOver,148_14804,
14804,148,2,0,,1,,0,,只有50级以上的英雄才能探索迷宫哦,xinshou600.mp3,,0,,G.view.mainView.nodes.btn_fst,shendianzhiluOpenOver,148_14805,
14805,148,3,0,,3,,0,,scrollToFst,,,0,,,huaOver,148_14806,
14806,148,4,0,,1,,0,,,,,0,,G.frame.julongshendian.nodes.img_smmg,sdmgShowOver,148_14807,
14807,148,1,0,,,,0,,让我们开启本轮挑战吧,,,1,,,,,
15201,152,1,1,lv:52,,,1,,守望者秘境开启了，现在就去挑战吧！,,,1,,,,152_15202,
15202,152,4,0,,,,0,,,,,0,,G.view.mainMenu.nodes.btn_haoyou,,152_15203,
15203,152,3,0,,btn_fst,fun:mainview,0,,scrollToBuild,,移动到守望者秘境附近,0,,,scrollToBuildOver,152_15204,
15204,152,4,0,,,,0,,,,,0,,G.view.mainView.nodes.btn_fst,shendianzhiluOpenOver,152_15205,
15205,152,3,0,,4,,0,,scrollToFst,,,0,,,huaOver,152_15206,
15206,152,2,0,,1,,0,,挑战期间遇到地精商人可购买到超值商品哦！,,,0,,G.frame.julongshendian.nodes.img_swzmj,shouwangzhemijingOpenOver,152_15207,
15207,152,1,0,,,,1,,选择本轮秘境挑战的5个强力英雄参加挑战吧！,,,1,,,,,
16001,160,1,0,,,,1,,恭喜激活神器，神器提供强大的战斗力，更是能释放毁天灭地的神器技能，快去<font color=#fe6600>出战</font>界面中给队伍装备神器吧！,,,1,,,,,
17001,170,1,0,,,,1,,任意充值6元，即可获得价值<font color=#fe6600>8888钻石</font>的首充大礼包哦，超猛前排<font color=#fe6600>牛头人酋长</font>和<font color=#fe6600>橙装四件套</font>，助你战力大飞升！,,,1,,,,,
18001,180,1,1,,,,1,,王国为了嘉奖勇者，开放了一系列试炼活动，达成任务条件就能<font color=#fe6600>获得丰厚奖励</font>哦！甚至还有机会获得<font color=#fe6600>“星辰勇者”</font>的专属永久称号！,,,1,,,,180_18002,
18002,180,4,0,,,,0,,,,,0,,G.view.mainView.nodes.img_shilian_bg,,,
19001,190,1,0,,,,1,,恭喜！你的实力已经可以将英雄提升到更高的星级了！赶紧去看看吧！,,,1,,,,190_19002,
19002,190,1,0,,,,1,,英雄可以升14星了，14星英雄将<font color=#fe6600>获得更强大的能力，并可以使用更强力的雕文</font>！,,,1,,,,,
31115101,311151,1,0,,,,0,3111a,已经过去了三个月，我仍旧无法找到拯救族人的方法。一步步来到这里，莫非是神的旨意？,,,1,,,,311151_31115102,
31115102,311151,1,0,,,,0,3111a,<font color=#fe6600>未来10天我要在此练习剑术</font>，你不要来打扰我，这5个碎片送你了，你速速离开吧！,,,1,,,,311151_31115103,
31115103,311151,3,0,,,,0,,eventprize,,,0,,,,,
31115201,311152,1,0,,,,0,3111a,又是你！怎么次次碰见你，快走吧，我的宝剑已经不耐烦了。这次远征可能是最后一次出征，你不要沾染我的不幸,,,1,,,,311152_31115202,
31115202,311152,1,0,,,,0,3111a,走之前带上这5个碎片，就当做我们不要再见面的一个饯别了,,,1,,,,311152_31115203,
31115203,311152,3,0,,,,0,,eventprize,,,0,,,,,
31115301,311153,1,0,,,,0,3111a,那件错误而轻率的举动，造成了无法挽回的后果。现在仍沉重地压在我的心头，时时提醒我不能忘记,,,1,,,,311153_31115302,
31115302,311153,1,0,,,,0,3111a,怎么你又来了，这5个碎片给你，以后别再偷听我自言自语了,,,1,,,,311153_31115303,
31115303,311153,3,0,,,,0,,eventprize,,,0,,,,,
31115401,311154,1,0,,,,0,3111a,头疼的要裂开，夜深人静闭上双眼，我眼前就会一一闪过他们的面孔。只有不断挥舞着剑，我的心才能平静,,,1,,,,311154_31115402,
31115402,311154,1,0,,,,0,3111a,你来了啊，这5个碎片给你，陪我练一下剑吧,,,1,,,,311154_31115403,
31115403,311154,3,0,,,,0,,eventprize,,,0,,,,,
31115501,311155,1,0,,,,0,3111a,当你凝视深渊时，深渊也在凝视着你。年轻人，寻找破解诅咒的最好办法，就是勇敢地面对诅咒,,,1,,,,311155_31115502,
31115502,311155,1,0,,,,0,3111a,感觉每次见到你都会给你5个碎片，都快成习惯了，这次也拿去吧,,,1,,,,311155_31115503,
31115503,311155,3,0,,,,0,,eventprize,,,0,,,,,
31115601,311156,1,0,,,,0,3111a,呵，你敢不敢摸摸我这把剑？这是一把代表着荣耀的剑，曾经斩下无数魔鬼的头颅。你走近些，我与你讲讲过去的故事,,,1,,,,311156_31115602,
31115602,311156,1,0,,,,0,3111a,吼，你还挺勇敢的，说好的5个碎片，给你了,,,1,,,,311156_31115603,
31115603,311156,3,0,,,,0,,eventprize,,,0,,,,,
31115701,311157,1,0,,,,0,3111a,生命总会在最黑暗的地方绽放，在最危难的时刻才能迸发人性的光辉。永远不要放弃信任与忠诚,,,1,,,,311157_31115702,
31115702,311157,1,0,,,,0,3111a,哼，听我这一个大叔讲废话一定很无聊吧，这5个碎片你收下吧,,,1,,,,311157_31115703,
31115703,311157,3,0,,,,0,,eventprize,,,0,,,,,
31115801,311158,1,0,,,,0,3111a,我的种族绝不为奴，生命可以失去，但尊严不行。一名合格的勇士，应该是战死在战场上，由他忠诚的手下抬回去,,,1,,,,311158_31115802,
31115802,311158,1,0,,,,0,3111a,我要去远征了，不知道能不能活着回来，这5个碎片就作为我们还能再见面的信物吧,,,1,,,,311158_31115803,
31115803,311158,3,0,,,,0,,eventprize,,,0,,,,,
31115901,311159,1,0,,,,0,3111a,退缩吧！乌云！太阳的光芒不会被遮挡！希望近在眼前，这一次远征，胜利的号角已经提前吹响了,,,1,,,,311159_31115902,
31115902,311159,1,0,,,,0,3111a,真好，我们又见面了，这5个碎片给你吧,,,1,,,,311159_31115903,
31115903,311159,3,0,,,,0,,eventprize,,,0,,,,,
311151001,3111510,1,0,,,,0,3111a,一次完美的选择，你终于还是找到了我，让我们携手踏上新的旅程吧！,,,1,,,,3111510_311151002,
311151002,3111510,1,0,,,,0,3111a,这是我最后的5个碎片，让我加入你的军团吧,,,1,,,,3111510_311151003,
311151003,3111510,3,0,,,,0,,eventprize,,,0,,,,,
