技能id,技能类型,伤害系数,伤害系数数组,真实伤害,生命上限,出手回合,选敌类型,是否存活,位置,排序条件,选敌数量,造成伤害次数,是否真伤,描述,攻击后技能,攻击后技能数组,其他条件,小怪数量,额外技能
1,2,1000,[],0,0,[],1,1,0,"pos,asc",1,,,对单个敌人造成100%伤害,,,,,
2,2,1000,[],0,0,[],1,1,0,"pos,asc",1,,,对单个敌人造成100%伤害,,,,,
3,2,1000,[],0,0,[],1,1,0,"pos,asc",1,,,对单个敌人造成100%伤害,,,,,
4,2,1000,[],0,0,[],1,1,0,"pos,asc",1,,,对单个敌人造成100%伤害,,,,,
5,2,1000,[],0,0,[],1,1,0,"pos,asc",1,,,对单个敌人造成100%伤害,,,,,
6,2,1000,[],0,0,[],1,1,0,"pos,asc",1,,,对单个敌人造成100%伤害,,,,,
7,2,1000,[],0,0,[],1,1,0,"pos,asc",1,,,对单个敌人造成100%伤害,,,,,
8,2,1000,[],0,0,[],1,1,0,"pos,asc",1,,,对单个敌人造成100%伤害,,,,,
9,2,1000,[],0,0,[],1,1,0,"pos,asc",1,,,对单个敌人造成100%伤害,,,,,
10,2,1000,[],0,0,[],1,1,0,rand,3,,,对3个随机目标造成100%伤害,,,,,
11,2,1000,[],0,0,[],1,1,0,"pos,asc",1,,,对单个敌人造成100%伤害,,,,,
12,2,1000,[],0,0,[],1,1,0,"pos,asc",1,,,对单个敌人造成100%伤害,,,,,
13,2,1000,[],0,0,[],1,1,0,rand,3,,,对2个随机目标造成100%伤害,,,,,
14,2,1000,[],0,0,[],1,1,0,"pos,asc",1,,,对单个敌人造成100%伤害,,,,,
15,2,1000,[],0,0,[],1,1,0,"pos,asc",1,,,对单个敌人造成100%伤害,,,,,
16,2,1000,[],0,0,[],1,1,0,"pos,asc",1,,,对单个敌人造成100%伤害,,,,,
17,2,1000,[],0,0,[],1,1,0,"pos,asc",1,,,对单个敌人造成100%伤害,,,,,
18,2,1000,[],0,0,[],1,1,0,"pos,asc",1,,,对单个敌人造成100%伤害,,,,,
19,2,1000,[],0,0,[],1,1,0,"pos,asc",1,,,对单个敌人造成100%伤害,,,,,
20,2,1000,[],0,0,[],1,1,1,,,,,对前排敌人造成100%伤害,,,,,
10002,2,0,[],300,0,[],1,1,0,rand,2,,,对前排敌人造成300点真实伤害并流血，每回合造成133点流血伤害，持续3回合,"""10003""",,,,
10102,2,0,[],1916,0,[],1,1,0,rand,2,,,对前排敌人造成1916点真实伤害并流血，每回合造成1072点流血伤害，持续3回合,"""10103""",,,,
10202,2,0,[],3031,0,[],1,1,0,rand,2,,,对前排敌人造成3031点真实伤害并流血，每回合造成1842点流血伤害，持续3回合,"""10203""",,,,
10302,2,0,[],4146,0,[],1,1,0,rand,2,,,对前排敌人造成4146点真实伤害并流血，每回合造成2612点流血伤害，持续3回合,"""10303""",,,,
10402,2,0,[],5261,0,[],1,1,0,rand,2,,,对前排敌人造成5261点真实伤害并流血，每回合造成3382点流血伤害，持续3回合,"""10403""",,,,
10502,2,0,[],6376,0,[],1,1,0,rand,2,,,对前排敌人造成6376点真实伤害并流血，每回合造成4152点流血伤害，持续3回合,"""10503""",,,,
10602,2,0,[],7491,0,[],1,1,0,rand,2,,,对前排敌人造成7491点真实伤害并流血，每回合造成4922点流血伤害，持续3回合,"""10603""",,,,
10702,2,0,[],11611,0,[],1,1,0,rand,3,,,对随机3名敌人造成11611点真实伤害并流血，每回合造成7842点流血伤害，持续3回合,"""10703""",,,,
10802,2,0,[],15731,0,[],1,1,0,rand,3,,,对随机3名敌人造成15731点真实伤害并流血，每回合造成10762点流血伤害，持续3回合,"""10803""",,,,
10902,2,0,[],19851,0,[],1,1,0,rand,3,,,对随机3名敌人造成19851点真实伤害并流血，每回合造成13682点流血伤害，持续3回合,"""10903""",,,,
11002,2,0,[],23971,0,[],1,1,0,rand,3,,,对随机3名敌人造成23971点真实伤害并流血，每回合造成16602点流血伤害，持续3回合,"""11003""",,,,
11102,2,0,[],28091,0,[],1,1,0,rand,3,,,对随机3名敌人造成28091点真实伤害并流血，每回合造成19522点流血伤害，持续3回合,"""11103""",,,,
11202,2,0,[],32211,0,[],1,1,0,rand,3,,,对随机3名敌人造成32211点真实伤害并流血，每回合造成22442点流血伤害，持续3回合,"""11203""",,,,
11302,2,0,[],50981,0,[],1,1,0,rand,4,,,对随机4名敌人造成50981点真实伤害并流血，每回合造成35862点流血伤害，持续3回合，同时增加己方随机4名英雄对流血目标10%伤害加成2回合,"""11303"",""11313""",,,,
11402,2,0,[],69751,0,[],1,1,0,rand,4,,,对随机4名敌人造成69751点真实伤害并流血，每回合造成49282点流血伤害，持续3回合，同时增加己方随机4名英雄对流血目标15%伤害加成2回合,"""11403"",""11413""",,,,
11502,2,0,[],88521,0,[],1,1,0,rand,4,,,对随机4名敌人造成88521点真实伤害并流血，每回合造成62702点流血伤害，持续3回合，同时增加己方随机4名英雄对流血目标20%伤害加成2回合,"""11503"",""11513""",,,,
11602,2,0,[],107291,0,[],1,1,0,rand,4,,,对随机4名敌人造成107291点真实伤害并流血，每回合造成76122点流血伤害，持续3回合，同时增加己方随机4名英雄对流血目标25%伤害加成2回合,"""11603"",""11613""",,,,
11702,2,0,[],126061,0,[],1,1,0,rand,4,,,对随机4名敌人造成126061点真实伤害并流血，每回合造成89542点流血伤害，持续3回合，同时增加己方随机4名英雄对流血目标30%伤害加成2回合,"""11703"",""11713""",,,,
11802,2,0,[],144831,0,[],1,1,0,rand,4,,,对随机4名敌人造成144831点真实伤害并流血，每回合造成102962点流血伤害，持续3回合，同时增加己方随机4名英雄对流血目标35%伤害加成2回合,"""11803"",""11813""",,,,
11902,2,0,[],164951,0,[],1,1,0,rand,4,,,对随机4名敌人造成164951点真实伤害并流血，每回合造成126882点流血伤害，持续3回合，同时增加己方随机4名英雄对流血目标40%伤害加成2回合,"""11903"",""11913""",,,,
12002,2,0,[],185071,0,[],1,1,0,rand,4,,,对随机4名敌人造成185071点真实伤害并流血，每回合造成150802点流血伤害，持续3回合，同时增加己方随机4名英雄对流血目标45%伤害加成2回合,"""12003"",""12013""",,,,
12102,2,0,[],205191,0,[],1,1,0,rand,4,,,对随机4名敌人造成205191点真实伤害并流血，每回合造成174722点流血伤害，持续3回合，同时增加己方随机4名英雄对流血目标50%伤害加成2回合,"""12103"",""12113""",,,,
12202,2,0,[],225311,0,[],1,1,0,rand,4,,,对随机4名敌人造成225311点真实伤害并流血，每回合造成198642点流血伤害，持续3回合，同时增加己方随机4名英雄对流血目标55%伤害加成2回合,"""12203"",""12213""",,,,
12302,2,0,[],245431,0,[],1,1,0,rand,4,,,对随机4名敌人造成245431点真实伤害并流血，每回合造成222562点流血伤害，持续3回合，同时增加己方随机4名英雄对流血目标60%伤害加成2回合,"""12303"",""12313""",,,,
12402,2,0,[],265600,0,[],1,1,0,rand,4,,,对随机4名敌人造成265551点真实伤害并流血，每回合造成246482点流血伤害，持续3回合，同时增加己方随机4名英雄对流血目标65%伤害加成2回合,"""12403"",""12413""",,,,
12502,2,0,[],285671,0,[],1,1,0,rand,4,,,唤醒毁灭之力，对随机4名敌人造成$285671$点真实伤害并流血，持续造成261611点流血伤害，持续3回合，增加己方随机4名英雄对流血目标70%伤害加成2回合,"""12503"",""12513""",,,,
12602,2,0,[],305791,0,[],1,1,0,rand,4,,,唤醒毁灭之力，对随机4名敌人造成$305791$点真实伤害并流血，持续造成276722点流血伤害，持续3回合，增加己方随机4名英雄对流血目标75%伤害加成2回合,"""12603"",""12613""",,,,
12702,2,0,[],325911,0,[],1,1,0,rand,4,,,唤醒毁灭之力，对随机4名敌人造成$325911$点真实伤害并流血，持续造成291833点流血伤害，持续3回合，增加己方随机4名英雄对流血目标80%伤害加成2回合,"""12703"",""12713""",,,,
12802,2,0,[],346031,0,[],1,1,0,rand,4,,,唤醒毁灭之力，对随机4名敌人造成$346031$点真实伤害并流血，持续造成306944点流血伤害，持续3回合，增加己方随机4名英雄对流血目标85%伤害加成2回合,"""12803"",""12813""",,,,
12902,2,0,[],366151,0,[],1,1,0,rand,4,,,唤醒毁灭之力，对随机4名敌人造成$366151$点真实伤害并流血，持续造成322055点流血伤害，持续3回合，增加己方随机4名英雄对流血目标90%伤害加成2回合,"""12903"",""12913""",,,,
13002,2,0,[],386271,0,[],1,1,0,rand,4,,,唤醒毁灭之力，对随机4名敌人造成$386271$点真实伤害并流血，持续造成337166点流血伤害，持续3回合，增加己方随机4名英雄对流血目标95%伤害加成2回合,"""13003"",""13013""",,,,
13102,2,0,[],406391,0,[],1,1,0,rand,4,,,唤醒毁灭之力，对随机4名敌人造成$406391$点真实伤害并流血，持续造成352277点流血伤害，持续3回合，增加己方随机4名英雄对流血目标100%伤害加成2回合,"""13103"",""13113""",,,,
13202,2,0,[],426511,0,[],1,1,0,rand,4,,,唤醒毁灭之力，对随机4名敌人造成$426511$点真实伤害并流血，持续造成367388点流血伤害，持续3回合，增加己方随机4名英雄对流血目标105%伤害加成2回合,"""13203"",""13213""",,,,
20002,2,0,[],850,0,[],1,1,0,rand,2,,,对前排敌人造成850点真实伤害,,,,,
20102,2,0,[],3288,0,[],1,1,0,rand,2,,,对前排敌人造成3288点真实伤害,,,,,
20202,2,0,[],5493,0,[],1,1,0,rand,2,,,对前排敌人造成5493点真实伤害,,,,,
20302,2,0,[],7698,0,[],1,1,0,rand,2,,,对前排敌人造成7698点真实伤害,,,,,
20402,2,0,[],9903,0,[],1,1,0,rand,2,,,对前排敌人造成9903点真实伤害,,,,,
20502,2,0,[],12108,0,[],1,1,0,rand,2,,,对前排敌人造成12108点真实伤害,,,,,
20602,2,0,[],14313,0,[],1,1,0,rand,2,,,对前排敌人造成14313点真实伤害,,,,,
20702,2,0,[],20918,0,[],1,1,0,rand,3,,,对随机3名敌人造成20918点真实伤害，并降低目标2%护甲，持续3回合,"""20703""",,,,
20802,2,0,[],27523,0,[],1,1,0,rand,3,,,对随机3名敌人造成27523点真实伤害，并降低目标4%护甲，持续3回合,"""20803""",,,,
20902,2,0,[],34128,0,[],1,1,0,rand,3,,,对随机3名敌人造成34128点真实伤害，并降低目标5%护甲，持续3回合,"""20903""",,,,
21002,2,0,[],40733,0,[],1,1,0,rand,3,,,对随机3名敌人造成40733点真实伤害，并降低目标7%护甲，持续3回合,"""21003""",,,,
21102,2,0,[],47338,0,[],1,1,0,rand,3,,,对随机3名敌人造成47338点真实伤害，并降低目标9%护甲，持续3回合,"""21103""",,,,
21202,2,0,[],53943,0,[],1,1,0,rand,3,,,对随机3名敌人造成53943点真实伤害，并降低目标10%护甲，持续3回合,"""21203""",,,,
21302,2,0,[],67848,0,[],1,1,0,rand,4,,,对随机4名敌人造成67848点真实伤害，并降低目标12%护甲，持续3回合，同时增加己方随机4名英雄7%攻击2回合,"""21303"",""21313""",,,,
21402,2,0,[],81753,0,[],1,1,0,rand,4,,,对随机4名敌人造成81753点真实伤害，并降低目标14%护甲，持续3回合，同时增加己方随机4名英雄9%攻击2回合,"""21403"",""21413""",,,,
21502,2,0,[],95658,0,[],1,1,0,rand,4,,,对随机4名敌人造成95658点真实伤害，并降低目标15%护甲，持续3回合，同时增加己方随机4名英雄10%攻击2回合,"""21503"",""21513""",,,,
21602,2,0,[],109563,0,[],1,1,0,rand,4,,,对随机4名敌人造成109563点真实伤害，并降低目标17%护甲，持续3回合，同时增加己方随机4名英雄12%攻击2回合,"""21603"",""21613""",,,,
21702,2,0,[],123468,0,[],1,1,0,rand,4,,,对随机4名敌人造成123468点真实伤害，并降低目标19%护甲，持续3回合，同时增加己方随机4名英雄14%攻击2回合,"""21703"",""21713""",,,,
21802,2,0,[],137373,0,[],1,1,0,rand,4,,,对随机4名敌人造成137373点真实伤害，并降低目标20%护甲，持续3回合，同时增加己方随机4名英雄15%攻击2回合,"""21803"",""21813""",,,,
21902,2,0,[],161278,0,[],1,1,0,rand,4,,,对随机4名敌人造成161278点真实伤害，并降低目标22%护甲和10点速度，持续3回合，同时增加己方随机4名英雄17%攻击2回合,"""21903"",""21913"",""21923""",,,,
22002,2,0,[],185183,0,[],1,1,0,rand,4,,,对随机4名敌人造成185183点真实伤害，并降低目标24%护甲和14点速度，持续3回合，同时增加己方随机4名英雄19%攻击2回合,"""22003"",""22013"",""22023""",,,,
22102,2,0,[],209088,0,[],1,1,0,rand,4,,,对随机4名敌人造成209088点真实伤害，并降低目标25%护甲和18点速度，持续3回合，同时增加己方随机4名英雄20%攻击2回合,"""22103"",""22113"",""22123""",,,,
22202,2,0,[],232993,0,[],1,1,0,rand,4,,,对随机4名敌人造成232993点真实伤害，并降低目标27%护甲和22点速度，持续3回合，同时增加己方随机4名英雄22%攻击2回合,"""22203"",""22213"",""22223""",,,,
22302,2,0,[],256898,0,[],1,1,0,rand,4,,,对随机4名敌人造成256898点真实伤害，并降低目标29%护甲和26点速度，持续3回合，同时增加己方随机4名英雄24%攻击2回合,"""22303"",""22313"",""22323""",,,,
22402,2,0,[],280800,0,[],1,1,0,rand,4,,,对随机4名敌人造成280800点真实伤害，并降低目标30%护甲和30点速度，持续3回合，同时增加己方随机4名英雄25%攻击2回合,"""22403"",""22413"",""22423""",,,,
22502,2,0,[],304308,0,[],1,1,0,rand,4,,,以上古圣贤的名义，对随机4名敌人造成$304308$点真实伤害，同时降低其32%防御和34速度，持续3回合，并且增加己方4名英雄26%的攻击2回合,"""22503"",""22513"",""22523""",,,,
22602,2,0,[],328213,0,[],1,1,0,rand,4,,,以上古圣贤的名义，对随机4名敌人造成$328213$点真实伤害，同时降低其34%防御和38速度，持续3回合，并且增加己方4名英雄27%的攻击2回合,"""22603"",""22613"",""22623""",,,,
22702,2,0,[],352118,0,[],1,1,0,rand,4,,,以上古圣贤的名义，对随机4名敌人造成$352118$点真实伤害，同时降低其36%防御和42速度，持续3回合，并且增加己方4名英雄28%的攻击2回合,"""22703"",""22713"",""22723""",,,,
22802,2,0,[],376023,0,[],1,1,0,rand,4,,,以上古圣贤的名义，对随机4名敌人造成$376023$点真实伤害，同时降低其38%防御和46速度，持续3回合，并且增加己方4名英雄29%的攻击2回合,"""22803"",""22813"",""22823""",,,,
22902,2,0,[],399928,0,[],1,1,0,rand,4,,,以上古圣贤的名义，对随机4名敌人造成$399928$点真实伤害，同时降低其40%防御和50速度，持续3回合，并且增加己方4名英雄30%的攻击2回合,"""22903"",""22913"",""22923""",,,,
23002,2,0,[],423833,0,[],1,1,0,rand,4,,,以上古圣贤的名义，对随机4名敌人造成$423833$点真实伤害，同时降低其42%防御和54速度，持续3回合，并且增加己方4名英雄31%的攻击2回合,"""23003"",""23013"",""23023""",,,,
23102,2,0,[],447738,0,[],1,1,0,rand,4,,,以上古圣贤的名义，对随机4名敌人造成$447738$点真实伤害，同时降低其44%防御和58速度，持续3回合，并且增加己方4名英雄32%的攻击2回合,"""23103"",""23113"",""23123""",,,,
23202,2,0,[],471643,0,[],1,1,0,rand,4,,,以上古圣贤的名义，对随机4名敌人造成$471643$点真实伤害，同时降低其46%防御和62速度，持续3回合，并且增加己方4名英雄33%的攻击2回合,"""23203"",""23213"",""23223""",,,,
30002,2,0,[],1500,0,[],1,1,0,rand,2,,,对随机1名敌人造成1500点真实伤害，恢复随机3名己方英雄5%生命,"""30003""",,,,
30102,2,0,[],2949,0,[],1,1,0,rand,2,,,对随机1名敌人造成2949点真实伤害，恢复随机3名己方英雄5%生命,"""30103""",,,,
30202,2,0,[],4354,0,[],1,1,0,rand,2,,,对随机1名敌人造成4354点真实伤害，恢复随机3名己方英雄5%生命,"""30203""",,,,
30302,2,0,[],5759,0,[],1,1,0,rand,2,,,对随机1名敌人造成5759点真实伤害，恢复随机3名己方英雄6%生命,"""30303""",,,,
30402,2,0,[],7164,0,[],1,1,0,rand,2,,,对随机1名敌人造成7164点真实伤害，恢复随机3名己方英雄6%生命,"""30403""",,,,
30502,2,0,[],8569,0,[],1,1,0,rand,2,,,对随机1名敌人造成8569点真实伤害，恢复随机3名己方英雄7%生命,"""30503""",,,,
30602,2,0,[],9974,0,[],1,1,0,rand,2,,,对随机1名敌人造成9974点真实伤害，恢复随机3名己方英雄7%生命,"""30603""",,,,
30702,2,0,[],14644,0,[],1,1,0,rand,2,,,对随机2名敌人造成14644点真实伤害，恢复随机3名己方英雄8%生命并增加2%护甲2回合,"""30703"",""30713""",,,,
30802,2,0,[],19314,0,[],1,1,0,rand,2,,,对随机2名敌人造成19314点真实伤害，恢复随机3名己方英雄8%生命并增加4%护甲2回合,"""30803"",""30813""",,,,
30902,2,0,[],23984,0,[],1,1,0,rand,2,,,对随机2名敌人造成23984点真实伤害，恢复随机3名己方英雄9%生命并增加5%护甲2回合,"""30903"",""30913""",,,,
31002,2,0,[],28654,0,[],1,1,0,rand,2,,,对随机2名敌人造成28654点真实伤害，恢复随机3名己方英雄9%生命并增加7%护甲2回合,"""31003"",""31013""",,,,
31102,2,0,[],33324,0,[],1,1,0,rand,2,,,对随机2名敌人造成33324点真实伤害，恢复随机3名己方英雄10%生命并增加9%护甲2回合,"""31103"",""31113""",,,,
31202,2,0,[],37994,0,[],1,1,0,rand,2,,,对随机2名敌人造成37994点真实伤害，恢复随机3名己方英雄10%生命并增加10%护甲2回合,"""31203"",""31213""",,,,
31302,2,0,[],47664,0,[],1,1,0,rand,3,,,对随机3名敌人造成47664点真实伤害，恢复随机4名己方英雄11%生命并增加12%护甲2回合,"""31303"",""31313""",,,,
31402,2,0,[],57334,0,[],1,1,0,rand,3,,,对随机3名敌人造成57334点真实伤害，恢复随机4名己方英雄11%生命并增加14%护甲2回合,"""31403"",""31413""",,,,
31502,2,0,[],67004,0,[],1,1,0,rand,3,,,对随机3名敌人造成67004点真实伤害，恢复随机4名己方英雄12%生命并增加15%护甲2回合,"""31503"",""31513""",,,,
31602,2,0,[],76674,0,[],1,1,0,rand,3,,,对随机3名敌人造成76674点真实伤害，恢复随机4名己方英雄12%生命并增加17%护甲2回合,"""31603"",""31613""",,,,
31702,2,0,[],86344,0,[],1,1,0,rand,3,,,对随机3名敌人造成86344点真实伤害，恢复随机4名己方英雄13%生命并增加19%护甲2回合,"""31703"",""31713""",,,,
31802,2,0,[],96014,0,[],1,1,0,rand,3,,,对随机3名敌人造成96014点真实伤害，恢复随机4名己方英雄14%生命并增加20%护甲2回合,"""31803"",""31813""",,,,
31902,2,0,[],109684,0,[],1,1,0,rand,4,,,对随机4名敌人造成109684点真实伤害，恢复随机4名己方英雄15%生命并增加22%护甲和7%攻击2回合,"""31903"",""31913"",""31923""",,,,
32002,2,0,[],123354,0,[],1,1,0,rand,4,,,对随机4名敌人造成123354点真实伤害，恢复随机4名己方英雄16%生命并增加24%护甲和9%攻击2回合,"""32003"",""32013"",""32023""",,,,
32102,2,0,[],137024,0,[],1,1,0,rand,4,,,对随机4名敌人造成137024点真实伤害，恢复随机4名己方英雄17%生命并增加25%护甲和10%攻击2回合,"""32103"",""32113"",""32123""",,,,
32202,2,0,[],150694,0,[],1,1,0,rand,4,,,对随机4名敌人造成150694点真实伤害，恢复随机4名己方英雄18%生命并增加27%护甲和12%攻击2回合,"""32203"",""32213"",""32223""",,,,
32302,2,0,[],164364,0,[],1,1,0,rand,4,,,对随机4名敌人造成164364点真实伤害，恢复随机4名己方英雄19%生命并增加29%护甲和14%攻击2回合,"""32303"",""32313"",""32323""",,,,
32402,2,0,[],178000,0,[],1,1,0,rand,4,,,对随机4名敌人造成178000点真实伤害，恢复随机4名己方英雄20%生命并增加30%护甲和15%攻击2回合,"""32403"",""32413"",""32423""",,,,
32502,2,0,[],190904,0,[],1,1,0,rand,4,,,唤醒神的恩泽，对随机4名敌人造成$190904$点真实伤害，同时恢复随机4名己方英雄21%生命，增加31%的防御和16%的攻击2回合,"""32503"",""32513"",""32523""",,,,
32602,2,0,[],204574,0,[],1,1,0,rand,4,,,唤醒神的恩泽，对随机4名敌人造成$204574$点真实伤害，同时恢复随机4名己方英雄22%生命，增加32%的防御和17%的攻击2回合,"""32603"",""32613"",""32623""",,,,
32702,2,0,[],218244,0,[],1,1,0,rand,4,,,唤醒神的恩泽，对随机4名敌人造成$218244$点真实伤害，同时恢复随机4名己方英雄23%生命，增加33%的防御和18%的攻击2回合,"""32703"",""32713"",""32723""",,,,
32802,2,0,[],231914,0,[],1,1,0,rand,4,,,唤醒神的恩泽，对随机4名敌人造成$231914$点真实伤害，同时恢复随机4名己方英雄24%生命，增加34%的防御和19%的攻击2回合,"""32803"",""32813"",""32823""",,,,
32902,2,0,[],245584,0,[],1,1,0,rand,4,,,唤醒神的恩泽，对随机4名敌人造成$245584$点真实伤害，同时恢复随机4名己方英雄25%生命，增加35%的防御和20%的攻击2回合,"""32903"",""32913"",""32923""",,,,
33002,2,0,[],259254,0,[],1,1,0,rand,4,,,唤醒神的恩泽，对随机4名敌人造成$259254$点真实伤害，同时恢复随机4名己方英雄26%生命，增加36%的防御和21%的攻击2回合,"""33003"",""33013"",""33023""",,,,
33102,2,0,[],272924,0,[],1,1,0,rand,4,,,唤醒神的恩泽，对随机4名敌人造成$272924$点真实伤害，同时恢复随机4名己方英雄27%生命，增加37%的防御和22%的攻击2回合,"""33103"",""33113"",""33123""",,,,
33202,2,0,[],286594,0,[],1,1,0,rand,4,,,唤醒神的恩泽，对随机4名敌人造成$286594$点真实伤害，同时恢复随机4名己方英雄28%生命，增加38%的防御和23%的攻击2回合,"""33203"",""33213"",""33223""",,,,
40002,2,0,[],2200,0,[],1,1,0,rand,2,,,对随机2名敌人造成2200点真实伤害，恢复己方随机2名英雄11点怒气,"""40003""",,,,
40102,2,0,[],4429,0,[],1,1,0,rand,2,,,对随机2名敌人造成4429点真实伤害，恢复己方随机2名英雄12点怒气,"""40103""",,,,
40202,2,0,[],6684,0,[],1,1,0,rand,2,,,对随机2名敌人造成6684点真实伤害，恢复己方随机2名英雄14点怒气,"""40203""",,,,
40302,2,0,[],8939,0,[],1,1,0,rand,2,,,对随机2名敌人造成8939点真实伤害，恢复己方随机2名英雄15点怒气,"""40303""",,,,
40402,2,0,[],11194,0,[],1,1,0,rand,2,,,对随机2名敌人造成11194点真实伤害，恢复己方随机2名英雄17点怒气,"""40403""",,,,
40502,2,0,[],13449,0,[],1,1,0,rand,2,,,对随机2名敌人造成13449点真实伤害，恢复己方随机2名英雄19点怒气,"""40503""",,,,
40602,2,0,[],15704,0,[],1,1,0,rand,2,,,对随机2名敌人造成15704点真实伤害，恢复己方随机2名英雄20点怒气,"""40603""",,,,
40702,2,0,[],22309,0,[],1,1,0,rand,3,,,对随机3名敌人造成22309点真实伤害，恢复己方随机3名英雄22点怒气,"""40703""",,,,
40802,2,0,[],28914,0,[],1,1,0,rand,3,,,对随机3名敌人造成28914点真实伤害，恢复己方随机3名英雄24点怒气,"""40803""",,,,
40902,2,0,[],35519,0,[],1,1,0,rand,3,,,对随机3名敌人造成35519点真实伤害，恢复己方随机3名英雄25点怒气,"""40903""",,,,
41002,2,0,[],42124,0,[],1,1,0,rand,3,,,对随机3名敌人造成42124点真实伤害，恢复己方随机3名英雄27点怒气,"""41003""",,,,
41102,2,0,[],48729,0,[],1,1,0,rand,3,,,对随机3名敌人造成48729点真实伤害，恢复己方随机3名英雄29点怒气,"""41103""",,,,
41202,2,0,[],55334,0,[],1,1,0,rand,3,,,对随机3名敌人造成55334点真实伤害，恢复己方随机3名英雄30点怒气,"""41203""",,,,
41302,2,0,[],69439,0,[],1,1,0,rand,4,,,对随机4名敌人造成69439点真实伤害，恢复己方随机4名英雄32点怒气,"""41303""",,,,
41402,2,0,[],83544,0,[],1,1,0,rand,4,,,对随机4名敌人造成83544点真实伤害，恢复己方随机4名英雄34点怒气,"""41403""",,,,
41502,2,0,[],97649,0,[],1,1,0,rand,4,,,对随机4名敌人造成97649点真实伤害，恢复己方随机4名英雄35点怒气,"""41503""",,,,
41602,2,0,[],111754,0,[],1,1,0,rand,4,,,对随机4名敌人造成111754点真实伤害，恢复己方随机4名英雄37点怒气,"""41603""",,,,
41702,2,0,[],125859,0,[],1,1,0,rand,4,,,对随机4名敌人造成125859点真实伤害，恢复己方随机4名英雄39点怒气,"""41703""",,,,
41802,2,0,[],139964,0,[],1,1,0,rand,4,,,对随机4名敌人造成139964点真实伤害，恢复己方随机4名英雄40点怒气,"""41803""",,,,
41902,2,0,[],163569,0,[],1,1,0,rand,4,,,对随机4名敌人造成163569点真实伤害并有20%概率禁魔2回合，恢复己方随机4名英雄42点怒气,"""41903"",""41913""",,,,
42002,2,0,[],187174,0,[],1,1,0,rand,4,,,对随机4名敌人造成187174点真实伤害并有24%概率禁魔2回合，恢复己方随机4名英雄44点怒气,"""42003"",""42013""",,,,
42102,2,0,[],210779,0,[],1,1,0,rand,4,,,对随机4名敌人造成210779点真实伤害并有28%概率禁魔2回合，恢复己方随机4名英雄45点怒气,"""42103"",""42113""",,,,
42202,2,0,[],234384,0,[],1,1,0,rand,4,,,对随机4名敌人造成234384点真实伤害并有32%概率禁魔2回合，恢复己方随机4名英雄47点怒气,"""42203"",""42213""",,,,
42302,2,0,[],257989,0,[],1,1,0,rand,4,,,对随机4名敌人造成257989点真实伤害并有36%概率禁魔2回合，恢复己方随机4名英雄49点怒气,"""42303"",""42313""",,,,
42402,2,0,[],281600,0,[],1,1,0,rand,4,,,对随机4名敌人造成281600点真实伤害并有41%概率禁魔2回合，恢复己方随机4名英雄50点怒气,"""42403"",""42413""",,,,
42502,2,0,[],304199,0,[],1,1,0,rand,4,,,真王之力永垂不朽，对随机4名敌人造成$304199$点真实伤害并且有44%的概率禁魔目标2回合，恢复己方随机4名英雄51点怒气,"""42503"",""42513""",,,,
42602,2,0,[],327804,0,[],1,1,0,rand,4,,,真王之力永垂不朽，对随机4名敌人造成$327804$点真实伤害并且有48%的概率禁魔目标2回合，恢复己方随机4名英雄52点怒气,"""42603"",""42613""",,,,
42702,2,0,[],351409,0,[],1,1,0,rand,4,,,真王之力永垂不朽，对随机4名敌人造成$351409$点真实伤害并且有52%的概率禁魔目标2回合，恢复己方随机4名英雄53点怒气,"""42703"",""42713""",,,,
42802,2,0,[],375014,0,[],1,1,0,rand,4,,,真王之力永垂不朽，对随机4名敌人造成$375014$点真实伤害并且有56%的概率禁魔目标2回合，恢复己方随机4名英雄54点怒气,"""42803"",""42813""",,,,
42902,2,0,[],398619,0,[],1,1,0,rand,4,,,真王之力永垂不朽，对随机4名敌人造成$398619$点真实伤害并且有60%的概率禁魔目标2回合，恢复己方随机4名英雄55点怒气,"""42903"",""42913""",,,,
43002,2,0,[],422224,0,[],1,1,0,rand,4,,,真王之力永垂不朽，对随机4名敌人造成$422224$点真实伤害并且有64%的概率禁魔目标2回合，恢复己方随机4名英雄56点怒气,"""43003"",""43013""",,,,
43102,2,0,[],445829,0,[],1,1,0,rand,4,,,真王之力永垂不朽，对随机4名敌人造成$445829$点真实伤害并且有68%的概率禁魔目标2回合，恢复己方随机4名英雄57点怒气,"""43103"",""43113""",,,,
43202,2,0,[],469434,0,[],1,1,0,rand,4,,,真王之力永垂不朽，对随机4名敌人造成$469434$点真实伤害并且有72%的概率禁魔目标2回合，恢复己方随机4名英雄58点怒气,"""43203"",""43213""",,,,
50002,2,0,[],3500,0,[],1,1,0,rand,2,,,对随机2名敌人造成3500点真实伤害并有6%概率眩晕2回合,"""50003""",,,,
50102,2,0,[],5033,0,[],1,1,0,rand,2,,,对随机2名敌人造成5033点真实伤害并有7%概率眩晕2回合,"""50103""",,,,
50202,2,0,[],7243,0,[],1,1,0,rand,2,,,对随机2名敌人造成7243点真实伤害并有9%概率眩晕2回合,"""50203""",,,,
50302,2,0,[],9453,0,[],1,1,0,rand,2,,,对随机2名敌人造成9453点真实伤害并有10%概率眩晕2回合,"""50303""",,,,
50402,2,0,[],11663,0,[],1,1,0,rand,2,,,对随机2名敌人造成11663点真实伤害并有12%概率眩晕2回合,"""50403""",,,,
50502,2,0,[],13873,0,[],1,1,0,rand,2,,,对随机2名敌人造成13873点真实伤害并有14%概率眩晕2回合,"""50503""",,,,
50602,2,0,[],16083,0,[],1,1,0,rand,2,,,对随机2名敌人造成16083点真实伤害并有15%概率眩晕2回合,"""50603""",,,,
50702,2,0,[],22753,0,[],1,1,0,rand,3,,,对随机3名敌人造成22753点真实伤害并有17%概率眩晕2回合,"""50703""",,,,
50802,2,0,[],29423,0,[],1,1,0,rand,3,,,对随机3名敌人造成29423点真实伤害并有19%概率眩晕2回合,"""50803""",,,,
50902,2,0,[],36093,0,[],1,1,0,rand,3,,,对随机3名敌人造成36093点真实伤害并有20%概率眩晕2回合,"""50903""",,,,
51002,2,0,[],42763,0,[],1,1,0,rand,3,,,对随机3名敌人造成42763点真实伤害并有22%概率眩晕2回合,"""51003""",,,,
51102,2,0,[],49433,0,[],1,1,0,rand,3,,,对随机3名敌人造成49433点真实伤害并有24%概率眩晕2回合,"""51103""",,,,
51202,2,0,[],56103,0,[],1,1,0,rand,3,,,对随机3名敌人造成56103点真实伤害并有25%概率眩晕2回合,"""51203""",,,,
51302,2,0,[],75273,0,[],1,1,0,rand,4,,,对随机4名敌人造成75273点真实伤害并有25%概率眩晕2回合，提升随机4名友方英雄5%伤增率2回合,"""51303"",""51313""",,,,
51402,2,0,[],94443,0,[],1,1,0,rand,4,,,对随机4名敌人造成94443点真实伤害并有26%概率眩晕2回合，提升随机4名友方英雄10%伤增率2回合,"""51403"",""51413""",,,,
51502,2,0,[],113613,0,[],1,1,0,rand,4,,,对随机4名敌人造成113613点真实伤害并有27%概率眩晕2回合，提升随机4名友方英雄15%伤增率2回合,"""51503"",""51513""",,,,
51602,2,0,[],132783,0,[],1,1,0,rand,4,,,对随机4名敌人造成132783点真实伤害并有28%概率眩晕2回合，提升随机4名友方英雄20%伤增率2回合,"""51603"",""51613""",,,,
51702,2,0,[],151953,0,[],1,1,0,rand,4,,,对随机4名敌人造成151953点真实伤害并有29%概率眩晕2回合，提升随机4名友方英雄25%伤增率2回合,"""51703"",""51713""",,,,
51802,2,0,[],171123,0,[],1,1,0,rand,4,,,对随机4名敌人造成171123点真实伤害并有30%概率眩晕2回合，提升随机4名友方英雄30%伤增率2回合,"""51803"",""51813""",,,,
51902,2,0,[],202243,0,[],1,1,0,rand,4,,,对随机4名敌人造成202243点真实伤害并有31%概率眩晕2回合，提升随机4名友方英雄35%伤增率2回合,"""51903"",""51913""",,,,
52002,2,0,[],233363,0,[],1,1,0,rand,4,,,对随机4名敌人造成233363点真实伤害并有32%概率眩晕2回合，提升随机4名友方英雄40%伤增率2回合,"""52003"",""52013""",,,,
52102,2,0,[],264483,0,[],1,1,0,rand,4,,,对随机4名敌人造成264483点真实伤害并有33%概率眩晕2回合，提升随机4名友方英雄45%伤增率2回合,"""52103"",""52113""",,,,
52202,2,0,[],295603,0,[],1,1,0,rand,4,,,对随机4名敌人造成295603点真实伤害并有34%概率眩晕2回合，提升随机4名友方英雄50%伤增率2回合,"""52203"",""52213""",,,,
52302,2,0,[],326723,0,[],1,1,0,rand,4,,,对随机4名敌人造成326723点真实伤害并有35%概率眩晕2回合，提升随机4名友方英雄55%伤增率2回合,"""52303"",""52313""",,,,
52402,2,0,[],357800,0,[],1,1,0,rand,4,,,对随机4名敌人造成357800点真实伤害并有36%概率眩晕2回合，提升随机4名友方英雄60%伤增率2回合,"""52403"",""52413""",,,,
52502,2,0,[],387463,0,[],1,1,0,rand,4,,,屠灭巨龙之力存于其中，对随机4名敌人造成$387463$点真实伤害并且有38%的概率眩晕目标2回合，提升4名友方英雄65%伤害加成2回合,"""52503"",""52513""",,,,
52602,2,0,[],418583,0,[],1,1,0,rand,4,,,屠灭巨龙之力存于其中，对随机4名敌人造成$418583$点真实伤害并且有39%的概率眩晕目标2回合，提升4名友方英雄70%伤害加成2回合,"""52603"",""52613""",,,,
52702,2,0,[],449703,0,[],1,1,0,rand,4,,,屠灭巨龙之力存于其中，对随机4名敌人造成$449703$点真实伤害并且有40%的概率眩晕目标2回合，提升4名友方英雄75%伤害加成2回合,"""52703"",""52713""",,,,
52802,2,0,[],480823,0,[],1,1,0,rand,4,,,屠灭巨龙之力存于其中，对随机4名敌人造成$480823$点真实伤害并且有41%的概率眩晕目标2回合，提升4名友方英雄80%伤害加成2回合,"""52803"",""52813""",,,,
52902,2,0,[],511943,0,[],1,1,0,rand,4,,,屠灭巨龙之力存于其中，对随机4名敌人造成$511943$点真实伤害并且有42%的概率眩晕目标2回合，提升4名友方英雄85%伤害加成2回合,"""52903"",""52913""",,,,
53002,2,0,[],543063,0,[],1,1,0,rand,4,,,屠灭巨龙之力存于其中，对随机4名敌人造成$543063$点真实伤害并且有43%的概率眩晕目标2回合，提升4名友方英雄90%伤害加成2回合,"""53003"",""53013""",,,,
53102,2,0,[],574183,0,[],1,1,0,rand,4,,,屠灭巨龙之力存于其中，对随机4名敌人造成$574183$点真实伤害并且有44%的概率眩晕目标2回合，提升4名友方英雄95%伤害加成2回合,"""53103"",""53113""",,,,
53202,2,0,[],605303,0,[],1,1,0,rand,4,,,屠灭巨龙之力存于其中，对随机4名敌人造成$605303$点真实伤害并且有45%的概率眩晕目标2回合，提升4名友方英雄100%伤害加成2回合,"""53203"",""53213""",,,,
60002,2,0,[],8000,0,[],1,1,0,rand,2,,,剧毒之刺锋芒毕露，对前排敌人造成8000点真实伤害并中毒，持续造成4000点中毒伤害，持续3回合,"""60003""",,,,
60102,2,0,[],8899,0,[],1,1,0,rand,2,,,剧毒之刺锋芒毕露，对前排敌人造成8899点真实伤害并中毒，持续造成4334点中毒伤害，持续3回合,"""60103""",,,,
60202,2,0,[],10396,0,[],1,1,0,rand,2,,,剧毒之刺锋芒毕露，对前排敌人造成10396点真实伤害并中毒，持续造成5148点中毒伤害，持续3回合,"""60203""",,,,
60302,2,0,[],11890,0,[],1,1,0,rand,2,,,剧毒之刺锋芒毕露，对前排敌人造成11890点真实伤害并中毒，持续造成5963点中毒伤害，持续3回合,"""60303""",,,,
60402,2,0,[],13384,0,[],1,1,0,rand,2,,,剧毒之刺锋芒毕露，对前排敌人造成13384点真实伤害并中毒，持续造成6778点中毒伤害，持续3回合,"""60403""",,,,
60502,2,0,[],14880,0,[],1,1,0,rand,2,,,剧毒之刺锋芒毕露，对前排敌人造成14880点真实伤害并中毒，持续造成7592点中毒伤害，持续3回合,"""60503""",,,,
60602,2,0,[],16374,0,[],1,1,0,rand,2,,,剧毒之刺锋芒毕露，对前排敌人造成16374点真实伤害并中毒，持续造成8407点中毒伤害，持续3回合,"""60603""",,,,
60702,2,0,[],21919,0,[],1,1,0,rand,3,,,剧毒之刺锋芒毕露，对随机3名敌人造成21919点真实伤害并中毒，持续造成11496点中毒伤害，持续3回合,"""60703""",,,,
60802,2,0,[],27461,0,[],1,1,0,rand,3,,,剧毒之刺锋芒毕露，对随机3名敌人造成27461点真实伤害并中毒，持续造成14586点中毒伤害，持续3回合,"""60803""",,,,
60902,2,0,[],33006,0,[],1,1,0,rand,3,,,剧毒之刺锋芒毕露，对随机3名敌人造成33006点真实伤害并中毒，持续造成17675点中毒伤害，持续3回合,"""60903""",,,,
61002,2,0,[],38551,0,[],1,1,0,rand,3,,,剧毒之刺锋芒毕露，对随机3名敌人造成38551点真实伤害并中毒，持续造成20764点中毒伤害，持续3回合,"""61003""",,,,
61102,2,0,[],44093,0,[],1,1,0,rand,3,,,剧毒之刺锋芒毕露，对随机3名敌人造成44093点真实伤害并中毒，持续造成23854点中毒伤害，持续3回合,"""61103""",,,,
61202,2,0,[],49638,0,[],1,1,0,rand,3,,,剧毒之刺锋芒毕露，对随机3名敌人造成49638点真实伤害并中毒，持续造成26943点中毒伤害，持续3回合,"""61203""",,,,
61302,2,0,[],74929,0,[],1,1,0,rand,4,,,剧毒之刺锋芒毕露，对随机4名敌人造成74929点真实伤害并中毒，持续造成41141点中毒伤害，持续3回合，增加己方随机4名英雄对中毒目标15%伤害加成2回合,"""61303"",""61313""",,,,
61402,2,0,[],100216,0,[],1,1,0,rand,4,,,剧毒之刺锋芒毕露，对随机4名敌人造成100216点真实伤害并中毒，持续造成55340点中毒伤害，持续3回合，增加己方随机4名英雄对中毒目标20%伤害加成2回合,"""61403"",""61413""",,,,
61502,2,0,[],125507,0,[],1,1,0,rand,4,,,剧毒之刺锋芒毕露，对随机4名敌人造成125507点真实伤害并中毒，持续造成69538点中毒伤害，持续3回合，增加己方随机4名英雄对中毒目标25%伤害加成2回合,"""61503"",""61513""",,,,
61602,2,0,[],150794,0,[],1,1,0,rand,4,,,剧毒之刺锋芒毕露，对随机4名敌人造成150794点真实伤害并中毒，持续造成83737点中毒伤害，持续3回合，增加己方随机4名英雄对中毒目标30%伤害加成2回合,"""61603"",""61613""",,,,
61702,2,0,[],176085,0,[],1,1,0,rand,4,,,剧毒之刺锋芒毕露，对随机4名敌人造成176085点真实伤害并中毒，持续造成97935点中毒伤害，持续3回合，增加己方随机4名英雄对中毒目标35%伤害加成2回合,"""61703"",""61713""",,,,
61802,2,0,[],201375,0,[],1,1,0,rand,4,,,剧毒之刺锋芒毕露，对随机4名敌人造成201375点真实伤害并中毒，持续造成112133点中毒伤害，持续3回合，增加己方随机4名英雄对中毒目标40%伤害加成2回合,"""61803"",""61813""",,,,
61902,2,0,[],231113,0,[],1,1,0,rand,4,,,剧毒之刺锋芒毕露，对随机4名敌人造成231113点真实伤害并中毒，持续造成137441点中毒伤害，持续3回合，增加己方随机4名英雄对中毒目标45%伤害加成2回合,"""61903"",""61913""",,,,
62002,2,0,[],260854,0,[],1,1,0,rand,4,,,剧毒之刺锋芒毕露，对随机4名敌人造成260854点真实伤害并中毒，持续造成162748点中毒伤害，持续3回合，增加己方随机4名英雄对中毒目标50%伤害加成2回合,"""62003"",""62013""",,,,
62102,2,0,[],290595,0,[],1,1,0,rand,4,,,剧毒之刺锋芒毕露，对随机4名敌人造成290595点真实伤害并中毒，持续造成188055点中毒伤害，持续3回合，增加己方随机4名英雄对中毒目标55%伤害加成2回合,"""62103"",""62113""",,,,
62202,2,0,[],316033,0,[],1,1,0,rand,4,,,剧毒之刺锋芒毕露，对随机4名敌人造成316033点真实伤害并中毒，持续造成211213点中毒伤害，持续3回合，增加己方随机4名英雄对中毒目标60%伤害加成2回合,"""62203"",""62213""",,,,
62302,2,0,[],347874,0,[],1,1,0,rand,4,,,剧毒之刺锋芒毕露，对随机4名敌人造成347874点真实伤害并中毒，持续造成237570点中毒伤害，持续3回合，增加己方随机4名英雄对中毒目标66%伤害加成2回合,"""62303"",""62313""",,,,
62402,2,0,[],373415,0,[],1,1,0,rand,4,,,剧毒之刺锋芒毕露，对随机4名敌人造成373415点真实伤害并中毒，持续造成260777点中毒伤害，持续3回合，增加己方随机4名英雄对中毒目标72%伤害加成2回合,"""62403"",""62413""",,,,
62502,2,0,[],400721,0,[],1,1,0,rand,4,,,剧毒之刺锋芒毕露，对随机4名敌人造成$400721$点真实伤害并中毒，持续造成276765点中毒伤害，持续3回合，增加己方随机4名英雄对中毒目标78%伤害加成2回合,"""62503"",""62513""",,,,
62602,2,0,[],428029,0,[],1,1,0,rand,4,,,剧毒之刺锋芒毕露，对随机4名敌人造成$428029$点真实伤害并中毒，持续造成292752点中毒伤害，持续3回合，增加己方随机4名英雄对中毒目标84%伤害加成2回合,"""62603"",""62613""",,,,
62702,2,0,[],455338,0,[],1,1,0,rand,4,,,剧毒之刺锋芒毕露，对随机4名敌人造成$455338$点真实伤害并中毒，持续造成308740点中毒伤害，持续3回合，增加己方随机4名英雄对中毒目标90%伤害加成2回合,"""62703"",""62713""",,,,
62802,2,0,[],482647,0,[],1,1,0,rand,4,,,剧毒之刺锋芒毕露，对随机4名敌人造成$482647$点真实伤害并中毒，持续造成324727点中毒伤害，持续3回合，增加己方随机4名英雄对中毒目标96%伤害加成2回合,"""62803"",""62813""",,,,
62902,2,0,[],509955,0,[],1,1,0,rand,4,,,剧毒之刺锋芒毕露，对随机4名敌人造成$509955$点真实伤害并中毒，持续造成340715点中毒伤害，持续3回合，增加己方随机4名英雄对中毒目标102%伤害加成2回合,"""62903"",""62913""",,,,
63002,2,0,[],537264,0,[],1,1,0,rand,4,,,剧毒之刺锋芒毕露，对随机4名敌人造成$537264$点真实伤害并中毒，持续造成356702点中毒伤害，持续3回合，增加己方随机4名英雄对中毒目标108%伤害加成2回合,"""63003"",""63013""",,,,
63102,2,0,[],564573,0,[],1,1,0,rand,4,,,剧毒之刺锋芒毕露，对随机4名敌人造成$564573$点真实伤害并中毒，持续造成372690点中毒伤害，持续3回合，增加己方随机4名英雄对中毒目标114%伤害加成2回合,"""63103"",""63113""",,,,
63202,2,0,[],591881,0,[],1,1,0,rand,4,,,剧毒之刺锋芒毕露，对随机4名敌人造成$591881$点真实伤害并中毒，持续造成388677点中毒伤害，持续3回合，增加己方随机4名英雄对中毒目标120%伤害加成2回合,"""63203"",""63213""",,,,
1000012,2,0,[],0,1000,"[5,6,7,8,9,10,11,12,13,14,15]",1,1,0,,,,,第5回合开始每回合对全体目标造成100%生命上限伤害,,,,,
1000022,2,0,[],0,250,[],1,1,0,,,,,对全体敌人造成造成25%生命上限伤害,,,,,
1000032,2,0,[],0,200,[],1,1,0,rand,1,,,对随机1个目标造成20%生命上限伤害,"""1000033""",,,,
1000042,2,0,[],0,1000,[],1,1,0,"pos,asc",1,,,对单个顺位敌人造成100%生命上限伤害,,,,,
1000052,2,0,[],0,10,[],1,1,0,rand,1,,,对随机1个目标造成1%生命上限伤害,"""1000053""",,,,
1000062,2,0,[],0,1,[],1,1,0,"pos,asc",1,,,对顺位1个目标造成0.1%生命上限的伤害,,,,,
1000072,2,0,[],0,1,[],1,1,0,,,,,对全体敌人造成1%生命上限伤害,,,,,
1000082,2,0,[],0,100,[],1,1,0,,,,,对全体敌人造成10%生命上限伤害，每有一个小怪额外造成10%伤害,,,,100,
1500002,2,0,[],0,1800,[],1,1,0,,,,,对全体敌人造成合计180%生命上限伤害,,,countalive,,
1510002,2,0,[],0,200,[],1,1,0,,,,,对全体敌人造成20%生命上限伤害,,,,,
1520012,2,0,[],0,100,[],1,1,0,rand,1,,,对随机1个目标造成10%生命上限伤害,,,,,
1530012,2,0,[],0,400,[],1,1,0,,,,,对全体敌人造成50%生命上限伤害,,,,,
1540012,2,0,[],10000,0,[],1,1,0,,,,,每回合对敌方全体造成不同的伤害,,,"3,5,10,15,20,25,50,100,150,200,300,400,600,800,99999",,
1550002,2,0,[],0,200,[],1,1,0,,,,,对全体敌人造成20%生命上限伤害,,,,,
1560002,2,0,[],0,1500,[],1,1,0,,,,,对全体敌人造成合计150%生命上限伤害,,,countalive,,
5302002,2,0,[],0,200,[],1,1,0,,,,,对全体敌人造成20%生命上限伤害,,,,,
200100002,2,0,[],0,0,[],0,1,0,"hp,asc",1,,,恢复己方生命最低的目标神宠水晶400%+目标生命值2%的生命，并使其暴击增加5%持续1回合,"""200100003"",""200100013"",""200100023""",,,,
200100102,2,0,[],0,0,[],0,1,0,"hp,asc",1,,,恢复己方生命最低的目标神宠水晶500%+目标生命值3%的生命，并使其暴击增加10%持续1回合,"""200100103"",""200100113"",""200100123""",,,,
200100202,2,0,[],0,0,[],0,1,0,"hp,asc",1,,,恢复己方生命最低的目标神宠水晶600%+目标生命值4%的生命，并使其暴击增加15%持续1回合,"""200100203"",""200100213"",""200100223""",,,,
200100302,2,0,[],0,0,[],0,1,0,"hp,asc",1,,,恢复己方生命最低的目标神宠水晶700%+目标生命值5%的生命，并使其暴击增加20%持续1回合,"""200100303"",""200100313"",""200100323""",,,,
200100402,2,0,[],0,0,[],0,1,0,"hp,asc",1,,,恢复己方生命最低的目标神宠水晶850%+目标生命值6%的生命，并使其暴击增加25%持续1回合,"""200100403"",""200100413"",""200100423""",,,,
200100502,2,0,[],0,0,[],0,1,0,"hp,asc",1,,,恢复己方生命最低的目标神宠水晶1000%+目标生命值8%的生命，并使其暴击增加30%持续1回合,"""200100503"",""200100513"",""200100523""",,,,
200200002,2,17500,[],0,0,[],1,1,0,"hp,asc",1,,,对敌方生命最低的目标造成神宠水晶5000%的伤害，并有5%的概率眩晕目标1回合,"""200200003""",,,,
200200102,2,20000,[],0,0,[],1,1,0,"hp,asc",1,,,对敌方生命最低的目标造成神宠水晶6000%的伤害，并有10%的概率眩晕目标1回合,"""200200103""",,,,
200200202,2,23000,[],0,0,[],1,1,0,"hp,asc",1,,,对敌方生命最低的目标造成神宠水晶7000%的伤害，并有15%的概率眩晕目标1回合,"""200200203""",,,,
200200302,2,26500,[],0,0,[],1,1,0,"hp,asc",1,,,对敌方生命最低的目标造成神宠水晶8000%的伤害，并有20%的概率眩晕目标1回合,"""200200303""",,,,
200200402,2,30000,[],0,0,[],1,1,0,"hp,asc",1,,,对敌方生命最低的目标造成神宠水晶9000%的伤害，并有25%的概率眩晕目标1回合,"""200200403""",,,,
200200502,2,35000,[],0,0,[],1,1,0,"hp,asc",1,,,对敌方生命最低的目标造成神宠水晶10000%的伤害，并有30%的概率眩晕目标1回合,"""200200503""",,,,
300200002,2,0,[],0,0,[],0,1,0,"hp,asc",3,,,为己方生命最低的3个英雄恢复神宠水晶生命值200%+目标生命值1%的生命，对生命值低于30%的目标，造成1.5倍恢复效果,"""300100003"",""300100013""",,,,
300200102,2,0,[],0,0,[],0,1,0,"hp,asc",3,,,为己方生命最低的3个英雄恢复神宠水晶生命值250%+目标生命值1.5%的生命，对生命值低于30%的目标，造成1.5倍恢复效果,"""300100103"",""300100113""",,,,
300200202,2,0,[],0,0,[],0,1,0,"hp,asc",3,,,为己方生命最低的3个英雄恢复神宠水晶生命值300%+目标生命值2%的生命，对生命值低于30%的目标，造成1.5倍恢复效果,"""300100203"",""300100213""",,,,
300200302,2,0,[],0,0,[],0,1,0,"hp,asc",3,,,为己方生命最低的3个英雄恢复神宠水晶生命值400%+目标生命值2.5%的生命，对生命值低于30%的目标，造成1.5倍恢复效果,"""300100303"",""300100313""",,,,
300200402,2,0,[],0,0,[],0,1,0,"hp,asc",3,,,为己方生命最低的3个英雄恢复神宠水晶生命值500%+目标生命值3%的生命，对生命值低于30%的目标，造成1.5倍恢复效果,"""300100403"",""300100413""",,,,
300200502,2,0,[],0,0,[],0,1,0,"hp,asc",3,,,为己方生命最低的3个英雄恢复神宠水晶生命值600%+目标生命值4%的生命，对生命值低于30%的目标，造成1.5倍恢复效果,"""300100503"",""300100513""",,,,
300100002,2,8500,[],0,0,[],1,1,0,rand,3,,,对随机敌方3个目标造成2500%神宠水晶的伤害，对石化、眩晕、冰冻状态的英雄造成伤害提升为原来的1.5倍,"""300200003""",,,,
300100102,2,10000,[],0,0,[],1,1,0,rand,3,,,对随机敌方3个目标造成3000%神宠水晶的伤害，对石化、眩晕、冰冻状态的英雄造成伤害提升为原来的1.5倍,"""300200103""",,,,
300100202,2,11500,[],0,0,[],1,1,0,rand,3,,,对随机敌方3个目标造成3500%神宠水晶的伤害，对石化、眩晕、冰冻状态的英雄造成伤害提升为原来的1.5倍,"""300200203""",,,,
300100302,2,13000,[],0,0,[],1,1,0,rand,3,,,对随机敌方3个目标造成4000%神宠水晶的伤害，对石化、眩晕、冰冻状态的英雄造成伤害提升为原来的1.5倍,"""300200303""",,,,
300100402,2,15000,[],0,0,[],1,1,0,rand,3,,,对随机敌方3个目标造成4500%神宠水晶的伤害，对石化、眩晕、冰冻状态的英雄造成伤害提升为原来的1.5倍,"""300200403""",,,,
300100502,2,17500,[],0,0,[],1,1,0,rand,3,,,对随机敌方3个目标造成5000%神宠水晶的伤害，对石化、眩晕、冰冻状态的英雄造成伤害提升为原来的1.5倍,"""300200503""",,,,
300300002,2,20000,[],0,0,[],1,1,1,rand,1,,,对随机前排随机单体造成6000%神宠水晶的伤害，并有30%概率使得目标被动技能失效，持续1回合。（失效期间目标任何被动技能均不会触发，因地狱战马宝宝攻击死亡的目标将直接死亡）,"""300300003""",,,,
300300102,2,26000,[],0,0,[],1,1,1,rand,1,,,对随机前排随机单体造成8000%神宠水晶的伤害，并有40%概率使得目标被动技能失效，持续1回合。（失效期间目标任何被动技能均不会触发，因地狱战马宝宝攻击死亡的目标将直接死亡）,"""300300103""",,,,
300300202,2,32500,[],0,0,[],1,1,1,rand,1,,,对随机前排随机单体造成10000%神宠水晶的伤害，并有50%概率使得目标被动技能失效，持续1回合。（失效期间目标任何被动技能均不会触发，因地狱战马宝宝攻击死亡的目标将直接死亡）,"""300300203""",,,,
300300302,2,40000,[],0,0,[],1,1,1,rand,1,,,对随机前排随机单体造成12500%神宠水晶的伤害，并有60%概率使得目标被动技能失效，持续1回合。（失效期间目标任何被动技能均不会触发，因地狱战马宝宝攻击死亡的目标将直接死亡）,"""300300303""",,,,
300300402,2,50000,[],0,0,[],1,1,1,rand,1,,,对随机前排随机单体造成15000%神宠水晶的伤害，并有70%概率使得目标被动技能失效，持续1回合。（失效期间目标任何被动技能均不会触发，因地狱战马宝宝攻击死亡的目标将直接死亡）,"""300300403""",,,,
300300502,2,65000,[],0,0,[],1,1,1,rand,1,,,对随机前排随机单体造成20000%神宠水晶的伤害，并有80%概率使得目标被动技能失效，持续1回合。（失效期间目标任何被动技能均不会触发，因地狱战马宝宝攻击死亡的目标将直接死亡）,"""300300503""",,,,
400400002,2,0,[],0,0,[],0,1,0,,,,,为己方全体英雄恢复神宠水晶生命值200%+目标生命值1%的生命，同时对所有什么值低于30%的英雄附加【复活印记】，持续1回合。拥有【复活印记】的英雄首次被杀死将会在回合结束时复活，并恢复2%生命。,"""400100003"",""400100013"",""400100023""",,,,
400400102,2,0,[],0,0,[],0,1,0,,,,,为己方全体英雄恢复神宠水晶生命值250%+目标生命值1.5%的生命，同时对所有什么值低于30%的英雄附加【复活印记】，持续1回合。拥有【复活印记】的英雄首次被杀死将会在回合结束时复活，并恢复3.5%生命。,"""400100103"",""400100113"",""400100123""",,,,
400400202,2,0,[],0,0,[],0,1,0,,,,,为己方全体英雄恢复神宠水晶生命值300%+目标生命值2%的生命，同时对所有什么值低于30%的英雄附加【复活印记】，持续1回合。拥有【复活印记】的英雄首次被杀死将会在回合结束时复活，并恢复5%生命。,"""400100203"",""400100213"",""400100223""",,,,
400400302,2,0,[],0,0,[],0,1,0,,,,,为己方全体英雄恢复神宠水晶生命值400%+目标生命值2.5%的生命，同时对所有什么值低于30%的英雄附加【复活印记】，持续1回合。拥有【复活印记】的英雄首次被杀死将会在回合结束时复活，并恢复6.5%生命。,"""400100303"",""400100313"",""400100323""",,,,
400400402,2,0,[],0,0,[],0,1,0,,,,,为己方全体英雄恢复神宠水晶生命值500%+目标生命值3%的生命，同时对所有什么值低于30%的英雄附加【复活印记】，持续1回合。拥有【复活印记】的英雄首次被杀死将会在回合结束时复活，并恢复8%生命。,"""400100403"",""400100413"",""400100423""",,,,
400400502,2,0,[],0,0,[],0,1,0,,,,,为己方全体英雄恢复神宠水晶生命值600%+目标生命值4%的生命，同时对所有什么值低于30%的英雄附加【复活印记】，持续1回合。拥有【复活印记】的英雄首次被杀死将会在回合结束时复活，并恢复10%生命。,"""400100503"",""400100513"",""400100523""",,,,
400200002,2,5000,[],0,0,[],1,1,0,,,,,对敌方全体造成神宠水晶攻击1500%的伤害，并使我方全体提升神宠水晶100%的速度1回合,"""400200003""",,,,
400200102,2,6000,[],0,0,[],1,1,0,,,,,对敌方全体造成神宠水晶攻击1800%的伤害，并使我方全体提升神宠水晶200%的速度1回合,"""400200103""",,,,
400200202,2,7000,[],0,0,[],1,1,0,,,,,对敌方全体造成神宠水晶攻击2100%的伤害，并使我方全体提升神宠水晶300%的速度1回合,"""400200203""",,,,
400200302,2,8000,[],0,0,[],1,1,0,,,,,对敌方全体造成神宠水晶攻击2400%的伤害，并使我方全体提升神宠水晶400%的速度1回合,"""400200303""",,,,
400200402,2,9000,[],0,0,[],1,1,0,,,,,对敌方全体造成神宠水晶攻击2700%的伤害，并使我方全体提升神宠水晶500%的速度1回合,"""400200403""",,,,
400200502,2,10000,[],0,0,[],1,1,0,,,,,对敌方全体造成神宠水晶攻击3000%的伤害，并使我方全体提升神宠水晶600%的速度1回合,"""400200503""",,,,
400100002,2,5000,[],0,0,[],1,1,0,rand,4,,,对敌方随机4个目标造成神宠水晶攻击1500%的伤害，目标身上每层流血效果将提升500%伤害效果（最高不超过神宠水晶的50倍）；对超过3层的目标有25%概率附加冰冻，持续1回合。,"""400300003"",""400300013""",,,,
400100102,2,6000,[],0,0,[],1,1,0,rand,4,,,对敌方随机4个目标造成神宠水晶攻击1800%的伤害，目标身上每层流血效果将提升600%伤害效果（最高不超过神宠水晶的60倍）；对超过3层的目标有35%概率附加冰冻，持续1回合。,"""400300103"",""400300113""",,,,
400100202,2,7000,[],0,0,[],1,1,0,rand,4,,,对敌方随机4个目标造成神宠水晶攻击2100%的伤害，目标身上每层流血效果将提升700%伤害效果（最高不超过神宠水晶的70倍）；对超过3层的目标有50%概率附加冰冻，持续1回合。,"""400300203"",""400300213""",,,,
400100302,2,8000,[],0,0,[],1,1,0,rand,4,,,对敌方随机4个目标造成神宠水晶攻击2400%的伤害，目标身上每层流血效果将提升800%伤害效果（最高不超过神宠水晶的80倍）；对超过3层的目标有65%概率附加冰冻，持续1回合。,"""400300303"",""400300313""",,,,
400100402,2,9000,[],0,0,[],1,1,0,rand,4,,,对敌方随机4个目标造成神宠水晶攻击2700%的伤害，目标身上每层流血效果将提升900%伤害效果（最高不超过神宠水晶的90倍）；对超过3层的目标有80%概率附加冰冻，持续1回合。,"""400300403"",""400300413""",,,,
400100502,2,10000,[],0,0,[],1,1,0,rand,4,,,对敌方随机4个目标造成神宠水晶攻击3000%的伤害，目标身上每层流血效果将提升1000%伤害效果（最高不超过神宠水晶的100倍）；对超过3层的目标有100%概率附加冰冻，持续1回合。,"""400300503"",""400300513""",,,,
400300002,2,5000,[],0,0,[],1,1,0,rand,4,,,对敌方随机4个目标造成神宠水晶攻击1500%的伤害，目标身上每层中毒效果将提升500%伤害效果（最高不超过神宠水晶的50倍）；对超过3层的目标有25%概率附加石化，持续1回合。,"""400400003"",""400400013""",,,,
400300102,2,6000,[],0,0,[],1,1,0,rand,4,,,对敌方随机4个目标造成神宠水晶攻击1800%的伤害，目标身上每层中毒效果将提升600%伤害效果（最高不超过神宠水晶的60倍）；对超过3层的目标有35%概率附加石化，持续1回合。,"""400400103"",""400400113""",,,,
400300202,2,7000,[],0,0,[],1,1,0,rand,4,,,对敌方随机4个目标造成神宠水晶攻击2100%的伤害，目标身上每层中毒效果将提升700%伤害效果（最高不超过神宠水晶的70倍）；对超过3层的目标有50%概率附加石化，持续1回合。,"""400400203"",""400400213""",,,,
400300302,2,8000,[],0,0,[],1,1,0,rand,4,,,对敌方随机4个目标造成神宠水晶攻击2400%的伤害，目标身上每层中毒效果将提升800%伤害效果（最高不超过神宠水晶的80倍）；对超过3层的目标有65%概率附加石化，持续1回合。,"""400400303"",""400400313""",,,,
400300402,2,9000,[],0,0,[],1,1,0,rand,4,,,对敌方随机4个目标造成神宠水晶攻击2700%的伤害，目标身上每层中毒效果将提升900%伤害效果（最高不超过神宠水晶的90倍）；对超过3层的目标有80%概率附加石化，持续1回合。,"""400400403"",""400400413""",,,,
400300502,2,10000,[],0,0,[],1,1,0,rand,4,,,对敌方随机4个目标造成神宠水晶攻击3000%的伤害，目标身上每层中毒效果将提升1000%伤害效果（最高不超过神宠水晶的100倍）；对超过3层的目标有100%概率附加石化，持续1回合。,"""400400503"",""400400513""",,,,
400500002,2,5000,[],0,0,[],1,1,0,rand,4,,,对敌方随机4个目标造成神宠水晶攻击1500%的伤害，目标身上每层灼烧效果将提升500%伤害效果（最高不超过神宠水晶的50倍）；对超过3层的目标有25%概率附加眩晕，持续1回合。,"""400500003"",""400500013""",,,,
400500102,2,6000,[],0,0,[],1,1,0,rand,4,,,对敌方随机4个目标造成神宠水晶攻击1800%的伤害，目标身上每层灼烧效果将提升600%伤害效果（最高不超过神宠水晶的60倍）；对超过3层的目标有35%概率附加眩晕，持续1回合。,"""400500103"",""400500113""",,,,
400500202,2,7000,[],0,0,[],1,1,0,rand,4,,,对敌方随机4个目标造成神宠水晶攻击2100%的伤害，目标身上每层灼烧效果将提升700%伤害效果（最高不超过神宠水晶的70倍）；对超过3层的目标有50%概率附加眩晕，持续1回合。,"""400500203"",""400500213""",,,,
400500302,2,8000,[],0,0,[],1,1,0,rand,4,,,对敌方随机4个目标造成神宠水晶攻击2400%的伤害，目标身上每层灼烧效果将提升800%伤害效果（最高不超过神宠水晶的80倍）；对超过3层的目标有65%概率附加眩晕，持续1回合。,"""400500303"",""400500313""",,,,
400500402,2,9000,[],0,0,[],1,1,0,rand,4,,,对敌方随机4个目标造成神宠水晶攻击2700%的伤害，目标身上每层灼烧效果将提升900%伤害效果（最高不超过神宠水晶的90倍）；对超过3层的目标有80%概率附加眩晕，持续1回合。,"""400500403"",""400500413""",,,,
400500502,2,10000,[],0,0,[],1,1,0,rand,4,,,对敌方随机4个目标造成神宠水晶攻击3000%的伤害，目标身上每层灼烧效果将提升1000%伤害效果（最高不超过神宠水晶的100倍）；对超过3层的目标有100%概率附加眩晕，持续1回合。,"""400500503"",""400500513""",,,,
500100002,2,5000,[],0,0,[],1,1,0,,,,,对敌方全体造成神宠水晶攻击1500%的伤害，目标身上每层灼烧、流血、中毒将提升500%伤害效果（最高不超过神宠水晶的50倍）；并随机驱散1个友方单位身上的全部有害持续效果。,"""500100003"",""500100013""",,,,
500100102,2,6000,[],0,0,[],1,1,0,,,,,对敌方全体造成神宠水晶攻击1800%的伤害，目标身上每层灼烧、流血、中毒将提升600%伤害效果（最高不超过神宠水晶的60倍）；并随机驱散2个友方单位身上的全部有害持续效果。,"""500100103"",""500100113""",,,,
500100202,2,7000,[],0,0,[],1,1,0,,,,,对敌方全体造成神宠水晶攻击2100%的伤害，目标身上每层灼烧、流血、中毒将提升700%伤害效果（最高不超过神宠水晶的70倍）；并随机驱散3个友方单位身上的全部有害持续效果。,"""500100203"",""500100213""",,,,
500100302,2,8000,[],0,0,[],1,1,0,,,,,对敌方全体造成神宠水晶攻击2400%的伤害，目标身上每层灼烧、流血、中毒将提升800%伤害效果（最高不超过神宠水晶的80倍）；并随机驱散4个友方单位身上的全部有害持续效果。,"""500100303"",""500100313""",,,,
500100402,2,9000,[],0,0,[],1,1,0,,,,,对敌方全体造成神宠水晶攻击2700%的伤害，目标身上每层灼烧、流血、中毒将提升900%伤害效果（最高不超过神宠水晶的90倍）；并随机驱散5个友方单位身上的全部有害持续效果。,"""500100403"",""500100413""",,,,
500100502,2,10000,[],0,0,[],1,1,0,,,,,对敌方全体造成神宠水晶攻击3000%的伤害，目标身上每层灼烧、流血、中毒将提升1000%伤害效果（最高不超过神宠水晶的100倍）；并随机驱散6个友方单位身上的全部有害持续效果。,"""500100503"",""500100513""",,,,
500200002,2,5000,[],0,0,[],1,1,0,,,,,对敌方全体造成神宠水晶攻击500%的伤害，目标身上每层灼烧、流血、中毒将提升150%伤害效果（最高不超过神宠水晶的15倍）；并对身上携带灼烧、流血、中毒总计超过3层的目标有25%概率附加眩晕，持续1回合。,"""500100003"",""500200013""",,,,
500200102,2,6000,[],0,0,[],1,1,0,,,,,对敌方全体造成神宠水晶攻击600%的伤害，目标身上每层灼烧、流血、中毒将提升190%伤害效果（最高不超过神宠水晶的20倍）；并对身上携带灼烧、流血、中毒总计超过3层的目标有35%概率附加眩晕，持续1回合。,"""500100103"",""500200113""",,,,
500200202,2,7000,[],0,0,[],1,1,0,,,,,对敌方全体造成神宠水晶攻击700%的伤害，目标身上每层灼烧、流血、中毒将提升230%伤害效果（最高不超过神宠水晶的25倍）；并对身上携带灼烧、流血、中毒总计超过3层的目标有50%概率附加眩晕，持续1回合。,"""500100203"",""500200213""",,,,
500200302,2,8000,[],0,0,[],1,1,0,,,,,对敌方全体造成神宠水晶攻击800%的伤害，目标身上每层灼烧、流血、中毒将提升270%伤害效果（最高不超过神宠水晶的25倍）；并对身上携带灼烧、流血、中毒总计超过3层的目标有65%概率附加眩晕，持续1回合。,"""500100303"",""500200313""",,,,
500200402,2,9000,[],0,0,[],1,1,0,,,,,对敌方全体造成神宠水晶攻击900%的伤害，目标身上每层灼烧、流血、中毒将提升310%伤害效果（最高不超过神宠水晶的30倍）；并对身上携带灼烧、流血、中毒总计超过3层的目标有80%概率附加眩晕，持续1回合。,"""500100403"",""500200413""",,,,
500200502,2,10000,[],0,0,[],1,1,0,,,,,对敌方全体造成神宠水晶攻击1000%的伤害，目标身上每层灼烧、流血、中毒将提升350%伤害效果（最高不超过神宠水晶的35倍）；并对身上携带灼烧、流血、中毒总计超过3层的目标有100%概率附加眩晕，持续1回合。,"""500100503"",""500200513""",,,,
500300002,2,5000,[],0,0,[],1,1,0,,,,,对敌方全体造成神宠水晶攻击500%的伤害，目标身上每层灼烧、流血、中毒将提升150%伤害效果（最高不超过神宠水晶的15倍）；并有24%概率眩晕2回合，提升己方随机4名英雄45%伤害加成2回合,"""500100003"",""500300013"",""500300023""",,,,
500300102,2,6000,[],0,0,[],1,1,0,,,,,对敌方全体造成神宠水晶攻击600%的伤害，目标身上每层灼烧、流血、中毒将提升190%伤害效果（最高不超过神宠水晶的20倍）；并有27%概率眩晕2回合，提升己方随机4名英雄50%伤害加成2回合,"""500100103"",""500300113"",""500300123""",,,,
500300202,2,7000,[],0,0,[],1,1,0,,,,,对敌方全体造成神宠水晶攻击700%的伤害，目标身上每层灼烧、流血、中毒将提升230%伤害效果（最高不超过神宠水晶的25倍）；并有29%概率眩晕2回合，提升己方随机4名英雄55%伤害加成2回合,"""500100203"",""500300213"",""500300223""",,,,
500300302,2,8000,[],0,0,[],1,1,0,,,,,对敌方全体造成神宠水晶攻击800%的伤害，目标身上每层灼烧、流血、中毒将提升270%伤害效果（最高不超过神宠水晶的25倍）；并有31%概率眩晕2回合，提升己方随机4名英雄60%伤害加成2回合,"""500100303"",""500300313"",""500300323""",,,,
500300402,2,9000,[],0,0,[],1,1,0,,,,,对敌方全体造成神宠水晶攻击900%的伤害，目标身上每层灼烧、流血、中毒将提升310%伤害效果（最高不超过神宠水晶的30倍）；并有33%概率眩晕2回合，提升己方随机4名英雄65%伤害加成2回合,"""500100403"",""500300413"",""500300423""",,,,
500300502,2,10000,[],0,0,[],1,1,0,,,,,对敌方全体造成神宠水晶攻击1000%的伤害，目标身上每层灼烧、流血、中毒将提升350%伤害效果（最高不超过神宠水晶的35倍）；并有36%概率眩晕2回合，提升己方随机4名英雄75%伤害加成2回合,"""500100503"",""500300513"",""500300523""",,,,
11075012,2,800,[],0,0,[],1,1,2,,,,,主动技能：对后排敌人造成80%攻击伤害并使自身恢复80%攻击等量生命。,"""11075013""",,,,
11076012,2,950,[],0,0,[],1,1,2,,,,,主动技能：对后排敌人造成95%攻击伤害并使自身恢复95%攻击等量生命。,"""11076013""",,,,
11085012,2,1800,[],0,0,[],1,1,0,"hp,asc",1,,,主动技能：对血量最少的敌人造成180%攻击伤害并降低其27%攻击2回合。,"""11085013""",,,,
11086012,2,2070,[],0,0,[],1,1,0,"hp,asc",1,,,主动技能：对血量最少的敌人造成207%攻击伤害并降低其27%攻击2回合。,"""11086013""",,,,
12024012,2,1440,[],0,0,[],1,1,0,rand,2,,,主动技能：对随机2名敌人造成144%攻击伤害，每回合额外造成13%攻击伤害，直至敌方英雄死亡。,"""12024013""",,,,
12025012,2,1200,[],0,0,[],1,1,0,rand,3,,,主动技能：对随机3名敌人造成120%攻击伤害，每回合额外造成18%攻击伤害，直至敌方英雄死亡。,"""12025013""",,,,
12026012,2,1000,[],0,0,[],1,1,0,rand,4,,,主动技能：对随机4名敌人造成100%攻击伤害，每回合额外造成30%攻击伤害，直至敌方英雄死亡。,"""12026013""",,,,
12035012,2,750,[],0,0,[],1,1,0,,,,,主动技能：对所有敌人造成75%攻击伤害并有75%几率使战士目标禁魔2回合。,"""12035013""",,,,
12036012,2,920,[],0,0,[],1,1,0,,,,,主动技能：对所有敌人造成84%攻击伤害并有75%几率使战士目标禁魔2回合。,"""12036013""",,,,
13034012,2,1260,[],0,0,[],1,1,1,,,,,主动技能：对前排敌人造成126%攻击伤害并有30%的几率冰冻2回合，使血量最少的友军恢复90%攻击等量生命。,"""13034013"",""13034023""",,,,
13035012,2,1400,[],0,0,[],1,1,1,,,,,主动技能：对前排敌人造成140%攻击伤害并有35%的几率冰冻2回合，使血量最少的友军恢复135%攻击等量生命。,"""13035013"",""13035023""",,,,
13036012,2,1470,[],0,0,[],1,1,1,,,,,主动技能：对前排敌人造成147%攻击伤害并有40%的几率冰冻2回合，使血量最少的友军恢复180%攻击等量生命。,"""13036013"",""13036023""",,,,
13045012,2,1160,[],0,0,[],1,1,2,,,,,主动技能：对后排敌人造成116%攻击伤害并有25%几率使目标石化2回合。,"""13045013""",,,,
13045112,2,850,[],0,0,[],1,1,1,,,,,被动技能（普攻转换）：普通攻击变为攻击前排敌人，效果为85%，并减少目标10%格挡3回合。,"""13045115""",,,,
13046012,2,1360,[],0,0,[],1,1,2,,,,,主动技能：对后排敌人造成136%攻击伤害并有30%几率使目标石化2回合。,"""13046013""",,,,
13046112,2,950,[],0,0,[],1,1,1,,,,,被动技能（普攻转换）：普通攻击变为攻击前排敌人，效果为95%，并减少目标15%格挡3回合。,"""13046115""",,,,
14024012,2,2000,[],0,0,[],1,1,2,rand,1,,,主动技能：主动技能：对随机1名后排敌人造成200%攻击伤害并增加自身15%破甲2回合。,"""14024013""",,,,
14025012,2,1600,[],0,0,[],1,1,2,rand,2,,,主动技能：对随机2名后排敌人造成160%攻击伤害并增加自身25%破甲2回合。,"""14025013""",,,,
14026012,2,1920,[],0,0,[],1,1,2,rand,2,,,主动技能：对随机2名后排敌人造成192%攻击伤害并增加自身25%破甲2回合。,"""14026013""",,,,
14035012,2,1200,[],0,0,[],1,1,0,rand,3,,,主动技能：对随机3名敌人造成120%攻击伤害，对法师类目标有80%几率眩晕2回合。,"""14035013""",,,,
14035212,2,1050,[],0,0,[],1,1,0,"hp,asc",1,,,被动技能（普攻转换）：普通攻击变成攻击敌方生命最少的英雄，效果为105%，并减少目标10%护甲,"""14035215""",,,,
14036012,2,1400,[],0,0,[],1,1,0,rand,4,,,主动技能：对随机4名敌人造成140%攻击伤害，对法师类目标有80%几率眩晕2回合。,"""14036013""",,,,
14036212,2,1100,[],0,0,[],1,1,0,"hp,asc",1,,,被动技能（普攻转换）：普通攻击变成攻击敌方生命最少的英雄，效果为110%，并减少目标15%护甲,"""14036215""",,,,
14045012,2,1810,[],0,0,[],1,1,2,rand,1,,,主动技能：对随机1名后排敌人造成181%攻击伤害，每回合额外造成43.5%中毒伤害，持续6回合，并有32.5%概率眩晕目标2回合。,"""14045013"",""14045023""",,,,
14046012,2,1920,[],0,0,[],1,1,2,rand,2,,,主动技能：对随机2名后排敌人造成192%攻击伤害，每回合额外造成55%中毒伤害，持续6回合，并有42.5%概率眩晕目标2回合。,"""14046013"",""14046023""",,,,
1404a012,2,2210,[],0,0,[],1,1,2,rand,2,,,主动技能：对随机2名后排敌人造成221%攻击伤害，每回合额外造成64%中毒伤害，持续6回合，并有47.5%概率眩晕目标2回合，增加自己45%免伤持续2回合。,"""1404a013"",""1404a023"",""1404a033""",,,,
15035012,2,1000,[],0,0,[],1,1,0,rand,3,,,主动技能：对随机3名敌人造成100%攻击伤害并有60%几率使刺客类目标眩晕2回合。,"""15035013""",,,,
15036012,2,980,[],0,0,[],1,1,0,rand,4,,,主动技能：对随机4名敌人造成98%攻击伤害并有80%几率使刺客类目标眩晕2回合。,"""15036013""",,,,
21034012,2,1800,[],0,0,[],1,1,0,"hp,asc",1,,,主动技能：对血量最少的敌人造成180%攻击伤害并对刺客类目标造成50%额外伤害。,"""21034013""",,,,
21035012,2,1980,[],0,0,[],1,1,0,"hp,asc",1,,,主动技能：对血量最少的敌人造成198%攻击伤害并对刺客类目标造成80%额外伤害。,"""21035013""",,,,
21036012,2,2160,[],0,0,[],1,1,0,"hp,asc",1,,,主动技能：对血量最少的敌人造成216%攻击伤害并对刺客类目标造成100%额外伤害。,"""21036013""",,,,
21045012,2,750,[],0,0,[],1,1,2,,,,,主动技能：对后排敌人造成75%攻击伤害并有20%几率使目标眩晕2回合。,"""21045013""",,,,
21046012,2,900,[],0,0,[],1,1,2,,,,,主动技能：对后排敌人造成90%攻击伤害并有25%几率使目标眩晕2回合。,"""21046013""",,,,
22025212,2,750,[],0,0,[],1,1,0,rand,2,,,被动技能（普攻转换）：普通攻击变为随机攻击2个目标，效果为75%.,,,,,
22034012,2,510,[],0,0,[],1,1,0,,,,,主动技能：对所有敌人造成51%攻击伤害并有15%几率使目标冰冻2回合。,"""22034013""",,,,
22035012,2,570,[],0,0,[],1,1,0,,,,,主动技能：对所有敌人造成57%攻击伤害并有15%几率使目标冰冻2回合。,"""22035013""",,,,
22036012,2,690,[],0,0,[],1,1,0,,,,,主动技能：对所有敌人造成69%攻击伤害并有20%几率使目标冰冻2回合。,"""22036013""",,,,
22045012,2,1230,[],0,0,[],1,1,0,rand,3,,,主动技能：对随机3名敌人造成123%攻击伤害并有25%几率使目标眩晕2回合。,"""22045013""",,,,
22046012,2,1200,[],0,0,[],1,1,0,rand,4,,,主动技能：对随机4名敌人造成120%攻击伤害并有25%几率使目标眩晕2回合。,"""22046013""",,,,
22055012,2,960,[],0,0,[],1,1,0,,,,,主动技能：对所有敌人造成96%攻击伤害并有75%几率使辅助类目标禁魔3回合。,"""22055013""",,,,
22056012,2,1150,[],0,0,[],1,1,0,,,,,主动技能：对所有敌人造成115%攻击伤害并有75%几率使辅助类目标禁魔3回合。,"""22056013""",,,,
23035012,2,1100,[],0,0,[],1,1,2,rand,1,,,主动技能：对随机1名后排敌人造成110%攻击伤害并持续恢复全体友军攻击效果65%生命3回合。,"""23035013""",,,,
23036012,2,880,[],0,0,[],1,1,2,rand,2,,,主动技能：对随机2名后排敌人造成88%攻击伤害并持续恢复全体友军攻击效果80%生命3回合。,"""23036013""",,,,
24024012,2,900,[],0,0,[],1,1,2,,,,,主动技能：对后排敌人造成90%攻击伤害并降低其15%护甲2回合。,"""24024013""",,,,
24025012,2,1000,[],0,0,[],1,1,2,,,,,主动技能：对后排敌人造成100%攻击伤害并降低其18%护甲2回合。,"""24025013""",,,,
24026012,2,1100,[],0,0,[],1,1,2,,,,,主动技能：对后排敌人造成110%攻击伤害并降低其24%护甲2回合。,"""24026013""",,,,
24035012,2,1000,[],0,0,[],1,1,2,rand,2,,,主动技能：对随机2名后排敌人造成100%攻击伤害，每回合额外造成60%攻击伤害，持续2回合。,"""24035013""",,,,
24036012,2,1520,[],0,0,[],1,1,2,rand,2,,,主动技能：对随机2名后排敌人造成152%攻击伤害，每回合额外造成86%攻击伤害，持续2回合。,"""24036013""",,,,
24036312,2,1000,[],0,0,[],1,1,0,"hp,asc",1,,,被动技能（普攻转换）：普通攻击变成攻击敌方生命最少的英雄，并偷取目标10%攻击3回合,"""24036315"",""24036325""",,,,
25065012,2,950,[],0,0,[],1,1,2,,,,,主动技能：对后排敌人造成95%攻击伤害并有25%几率使目标冰冻2回合。,"""25065013""",,,,
25066012,2,1200,[],0,0,[],1,1,0,,,,,主动技能：对所有敌人造成120%攻击伤害并有25%几率使目标冰冻2回合。,"""25066013""",,,,
25075012,2,1450,[],0,0,[],1,1,1,,,,,主动技能：对前排敌人造成145%攻击伤害并增加自身25%攻击2回合。,"""25075013""",,,,
25075312,2,1000,[],0,0,[],1,1,0,rand,1,,,被动技能（普攻转换）：普通攻击变为攻击随机1名敌人，同时减少目标10%精准2回合,"""25075315""",,,,
25076012,2,2200,[],0,0,[],1,1,1,,,,,主动技能：对前排敌人造成220%攻击伤害并增加自身40%攻击2回合。,"""25076013""",,,,
25076312,2,850,[],0,0,[],1,1,1,,,,,被动技能（普攻转换）：普通攻击变为攻击前排敌人，效果为85%，同时减少目标15%精准2回合,"""25076315""",,,,
31075012,2,2500,[],0,0,[],1,1,0,"pos,asc",1,,,主动技能：对单个敌人造成250%攻击伤害并使血量最少的友军回复180%攻击等量生命,"""31075013""",,,,
31076012,2,2800,[],0,0,[],1,1,0,"pos,asc",1,,,主动技能：对单个敌人造成280%攻击伤害并使血量最少的友军回复250%攻击等量生命,"""31076013""",,,,
31085012,2,750,[],0,0,[],1,1,2,,,,,主动技能：对后排敌人造成75%攻击伤害并有24%几率使目标眩晕2回合。,"""31085013""",,,,
31086012,2,900,[],0,0,[],1,1,2,,,,,主动技能：对后排敌人造成90%攻击伤害并有28%几率使目标眩晕2回合。,"""31086013""",,,,
32034012,2,690,[],0,0,[],1,1,0,,,,,主动技能：对所有敌人造成69%攻击伤害。,,,,,
32035012,2,750,[],0,0,[],1,1,0,,,,,主动技能：对所有敌人造成75%攻击伤害。,,,,,
32036012,2,840,[],0,0,[],1,1,0,,,,,主动技能：对所有敌人造成84%攻击伤害。,,,,,
32044012,2,1840,[],0,0,[],1,1,0,rand,2,,,主动技能：对随机2名敌人造成184%攻击伤害并对刺客类目标造成60%额外伤害。,"""32044013""",,,,
32045012,2,1670,[],0,0,[],1,1,0,rand,3,,,主动技能：对随机3名敌人造成167%攻击伤害并对刺客类目标造成60%额外伤害。,"""32045013""",,,,
32046012,2,1400,[],0,0,[],1,1,0,rand,4,,,主动技能：对随机4名敌人造成140%攻击伤害并对刺客类目标造成60%额外伤害。,"""32046013""",,,,
32055012,2,500,[],0,0,[],1,1,0,rand,4,,,主动技能：对随机4名敌人造成50%攻击伤害，每回合额外造成55%攻击伤害，持续3回合。,"""32055013""",,,,
32056012,2,420,[],0,0,[],1,1,0,,,,,主动技能：对所有敌人造成42%攻击伤害，每回合额外造成60%攻击伤害，持续3回合。,"""32056013""",,,,
33024012,2,1440,[],0,0,[],1,1,0,"hp,asc",1,,,主动技能：对血量最少的敌人造成144%攻击伤害并回复血量最少的友军攻击180%生命。,"""33024013""",,,,
33025012,2,1530,[],0,0,[],1,1,0,"hp,asc",1,,,主动技能：对血量最少的敌人造成153%攻击伤害并回复血量最少的友军攻击280%生命。,"""33025013""",,,,
33026012,2,1710,[],0,0,[],1,1,0,"hp,asc",1,,,主动技能：对血量最少的敌人造成171%攻击伤害并回复血量最少的友军400%攻击等量生命。,"""33026013""",,,,
34025012,2,2000,[],0,0,[],1,1,0,"hp,asc",1,,,主动技能：对血量最少的敌人造成200%攻击伤害并吸取其20%攻击2回合。,"""34025013"",""34025023""",,,,
34026012,2,1760,[],0,0,[],1,1,2,rand,2,,,主动技能：对随机2名后排敌人造成176%攻击伤害并吸取其22%攻击2回合。,"""34026013"",""34026023""",,,,
34026312,2,1100,[],0,0,[],1,1,0,"hp,asc",1,,,被动技能（普攻转换）：普通攻击变成攻击敌方生命最少的英雄，效果为110%.,,,,,
35035012,2,900,[],0,0,[],1,1,0,,,,,主动技能：对所有敌人造成90%攻击伤害并降低目标17%暴击，持续3回合。,"""35035013""",,,,
35036012,2,1020,[],0,0,[],1,1,0,,,,,主动技能：对所有敌人造成102%攻击伤害并降低其24%暴击，持续3回合。,"""35036013""",,,,
35045012,2,1400,[],0,0,[],1,1,1,,,,,主动技能：对前排敌人造成140%攻击伤害，每回合额外造成40%攻击伤害，持续2回合。,"""35045013""",,,,
35046012,2,1530,[],0,0,[],1,1,0,rand,3,,,主动技能：对随机3名敌人造成153%攻击伤害，每回合额外造成42%攻击伤害，持续2回合。,"""35046013""",,,,
41055012,2,710,[],0,0,[],1,1,0,,,,,主动技能：对所有敌人造成71%攻击伤害，每回合额外造成25%攻击伤害，持续3回合。,"""41055013""",,,,
41056012,2,870,[],0,0,[],1,1,0,,,,,主动技能：对所有敌人造成87%攻击伤害，每回合额外造成40%攻击伤害，持续3回合。,"""41056013""",,,,
41065012,2,1160,[],0,0,[],1,1,1,,,,,主动技能：对前排敌人造成116%攻击伤害并吸取目标21%护甲2回合。,"""41065013"",""41065023""",,,,
41066012,2,1450,[],0,0,[],1,1,1,,,,,主动技能：对前排敌人造成145%攻击伤害并吸取目标28%护甲2回合。,"""41066013"",""41066023""",,,,
42015012,2,1250,[],0,0,[],1,1,2,,,,,主动技能：对后排敌人造成125%攻击伤害并有40%几率使战士类目标眩晕2回合。,"""42015013""",,,,
42015112,2,800,[],0,0,[],1,1,0,rand,2,,,被动技能（普攻转换）：普攻攻击变为对随机2名敌人造成80%攻击伤害，并有10%概率眩晕目标2回合。,"""42015115""",,,,
42016012,2,1200,[],0,0,[],1,1,2,,,,,主动技能：对后排敌人造成120%攻击伤害并有60%几率使战士类目标眩晕2回合。,"""42016013""",,,,
42016112,2,950,[],0,0,[],1,1,0,rand,2,,,被动技能（普攻转换）：普攻攻击变为对随机2名敌人造成95%攻击伤害，并有12%概率眩晕目标2回合。,"""42016115""",,,,
43044012,2,700,[],0,0,[],1,1,1,,,,,主动技能：对前排敌人造成70%攻击伤害并使我方英雄恢复42%攻击等量生命，持续3回合。,"""43044013""",,,,
43045012,2,450,[],0,0,[],1,1,0,,,,,主动技能：对所有敌人造成45%攻击伤害并使我方英雄恢复55%攻击等量生命，持续3回合。,"""43045013""",,,,
43046012,2,540,[],0,0,[],1,1,0,,,,,主动技能：对所有敌人造成54%攻击伤害并使我方英雄恢复62%攻击等量生命，持续3回合。,"""43046013""",,,,
43054012,2,1320,[],0,0,[],1,1,2,rand,2,,,主动技能：对随机2名后排敌人造成132%攻击伤害并回复随机2名后排友军攻击160%生命。,"""43054013""",,,,
43055012,2,700,[],0,0,[],1,1,2,,,,,主动技能：对后排敌人造成70%攻击伤害并回复后排友军攻击170%生命。,"""43055013""",,,,
43056012,2,740,[],0,0,[],1,1,0,,,,,主动技能：对所有敌人造成74%攻击伤害并使我方英雄恢复185%攻击等量生命。,"""43056013""",,,,
44024212,2,1000,[],0,0,[],1,1,0,"hp,asc",1,,,被动技能（普攻转换）：普通攻击会选择敌方生命最少的英雄作为目标。,,,,,
44025212,2,1000,[],0,0,[],1,1,0,"hp,asc",1,,,被动技能（普攻转换）：普通攻击变成攻击敌方生命最少的英雄。,,,,,
44034012,2,1800,[],0,0,[],1,1,0,"hp,asc",1,,,主动技能：对血量最少的敌人造成180%攻击伤害，如果是法师，每回合额外造成46%攻击伤害，持续2回合。,"""44034013""",,,,
44034212,2,1000,[],0,0,[],1,1,2,rand,1,,,被动技能（普攻转换）：普通攻击变为攻击随机1名后排敌人。,,,,,
44035012,2,1980,[],0,0,[],1,1,0,"hp,asc",1,,,主动技能：对血量最少的敌人造成198%攻击伤害，如果是法师，每回合额外造成62%攻击伤害，持续2回合。,"""44035013""",,,,
44035212,2,1000,[],0,0,[],1,1,2,rand,1,,,被动技能（普攻转换）：普通攻击变为攻击随机1名后排敌人。,,,,,
44036012,2,2160,[],0,0,[],1,1,0,"hp,asc",1,,,主动技能：对血量最少的敌人造成216%攻击伤害并对法师类目标造成83%额外伤害，持续2回合。,"""44036013""",,,,
44036212,2,1100,[],0,0,[],1,1,2,rand,1,,,被动技能（普攻转换）：普通攻击变为攻击随机1名后排敌人，伤害为110%.,,,,,
44045012,2,2000,[],0,0,[],1,1,2,rand,2,,,主动技能：对随机1名后排敌人造成200%攻击伤害，如果是法师，每回合额外造成30%攻击伤害，持续2回合。,"""44045013""",,,,
44045212,2,1000,[],0,0,[],1,1,0,"hp,asc",1,,,被动技能（普攻转换）：普通攻击会选择敌方生命最少的英雄作为目标，并降低目标10%攻击3回合,"""44045215""",,,,
44046012,2,2000,[],0,0,[],1,1,2,rand,3,,,主动技能：对随机2名后排敌人造成200%攻击伤害，如果是法师，每回合额外造成40%攻击伤害，持续2回合。,"""44046013""",,,,
44046212,2,1050,[],0,0,[],1,1,0,"hp,asc",1,,,被动技能（普攻转换）：普通攻击变成攻击敌方生命最少的英雄，效果为105%，并降低目标15%攻击3回合,"""44046215""",,,,
45045012,2,700,[],0,0,[],1,1,0,,,,,主动技能：对所有敌人造成70%攻击伤害并有15%几率使目标禁魔2回合。,"""45045013""",,,,
45046012,2,850,[],0,0,[],1,1,0,,,,,主动技能：对所有敌人造成85%攻击伤害并有50%几率使目标禁魔2回合。,"""45046013""",,,,
45055012,2,1150,[],0,0,[],1,1,0,rand,3,,,主动技能：对随机3名敌人造成115%攻击伤害，每回合额外造成20%攻击伤害，持续2回合。,"""45055013""",,,,
45056012,2,800,[],0,0,[],1,1,0,rand,4,,,主动技能：对随机4名敌人造成80%攻击伤害，每回合额外造成30%攻击伤害，持续2回合。,"""45056013""",,,,
51015012,2,850,[],0,0,[],1,1,2,,,,,主动技能：对后排敌人造成80%攻击伤害并有100%几率附加回合印记，回合印记1回合后触发造成180%的攻击伤害，并提升自身5%免伤3回合,"""51015013"",""51015023""",,,,
51016012,2,1000,[],0,0,[],1,1,2,,,,,主动技能：对后排敌人造成90%攻击伤害并有100%几率附加回合印记，回合印记1回合后触发造成250%的攻击伤害，并提升自身10%免伤3回合,"""51016013"",""51016023""",,,,
52045012,2,750,[],0,0,[],1,1,0,rand,4,,,主动技能：对随机4名敌人造成75%攻击伤害并有20%几率使目标石化2回合。,"""52045013"",""52045023""",,,,
52046012,2,540,[],0,0,[],1,1,0,,,,,主动技能：对所有敌人造成54%攻击伤害并有20%几率使目标石化2回合。,"""52046013"",""52046023""",,,,
53014012,2,1440,[],0,0,[],1,1,0,rand,2,,,主动技能：对随机2名敌人造成144%攻击伤害并降低目标怒气20点。,"""53014013""",,,,
53015012,2,1270,[],0,0,[],1,1,0,rand,3,,,主动技能：对随机3名敌人造成127%攻击伤害并降低目标怒气30点。,"""53015013""",,,,
53016012,2,1050,[],0,0,[],1,1,0,rand,4,,,主动技能：对随机4名敌人造成105%攻击伤害并降低目标怒气35点。,"""53016013""",,,,
61025012,2,750,[],0,0,[],1,1,0,,,,,主动技能：对所有敌人造成75%攻击伤害并有100%几率附加暴击印记，暴击印记暴击后触发造成100%的攻击伤害。,"""61025013"",""61025033""",,,,
61026012,2,840,[],0,0,[],1,1,0,,,,,主动技能：对所有敌人造成84%攻击伤害并有100%几率附加暴击印记，暴击印记暴击后触发造成120%的攻击伤害。,"""61026013"",""61026033""",,,,
62014012,2,1600,[],0,0,[],1,1,0,rand,2,,,主动技能：对随机2名敌人造成160%攻击伤害并有20%几率使目标眩晕2回合。,"""62014013""",,,,
62015012,2,1470,[],0,0,[],1,1,0,rand,3,,,主动技能：对随机3名敌人造成147%攻击伤害并有25%几率使目标眩晕2回合。,"""62015013""",,,,
62016012,2,1210,[],0,0,[],1,1,0,rand,4,,,主动技能：对随机4名敌人造成121%攻击伤害并有30%几率使目标眩晕2回合。,"""62016013""",,,,
63025012,2,800,[],0,0,[],1,1,0,rand,4,,,主动技能：对随机4名敌人造成80%攻击伤害并回复随机3名友军75%攻击等量生命,"""63025013""",,,,
63026012,2,1080,[],0,0,[],1,1,0,rand,4,,,主动技能：对随机4名敌人造成108%攻击伤害并回复随机3名友军105%攻击等量生命,"""63026013""",,,,
1107a012,2,2140,[],0,0,[],1,1,0,,,,,主动技能：对后排敌人造成214%攻击伤害并有38%几率冰冻2回合，恢复自己600%攻击等量生命,"""1107a013"",""1107a023""",,,,
1108a012,2,3500,[],0,0,[],1,1,0,"hp,asc",1,,,主动技能：对血量最少的敌人造成260%攻击伤害，降低其30%攻击2回合并有75%的几率造成520%攻击额外伤害,"""1108a013"",""1108a023""",,,,
1203a012,2,1250,[],0,0,[],1,1,0,,,,,主动技能：对所有敌人造成110%攻击伤害并有100%几率使战士类目标禁魔2回合，增加自己30%攻击3回合,"""1203a013"",""1203a023""",,,,
1304a012,2,1560,[],0,0,[],1,1,2,,,,,主动技能：对后排敌人造成156%攻击伤害并有35%几率使目标石化2回合，增加队友30%精准3回合,"""1304a013"",""1304a023""",,,,
1304a112,2,1050,[],0,0,[],1,1,1,,,,,被动技能（普攻转换）：普通攻击变为攻击前排敌人，效果为105%，并减少目标20%格挡,"""1304a115""",,,,
1403a012,2,1800,[],0,0,[],1,1,0,rand,4,,,主动技能：对随机4名敌人造成180%攻击伤害，对法师类目标有100%几率眩晕2回合，并造成180%攻击的额外伤害,"""1403a013"",""1403a023""",,,,
1403a212,2,1300,[],0,0,[],1,1,0,"hp,asc",1,,,被动技能（普攻转换）：普通攻击变成攻击敌方生命最少的英雄，效果为130%，并减少目标20%护甲,"""1403a215""",,,,
1503a012,2,1590,[],0,0,[],1,1,0,rand,4,,,主动技能：对随机4名敌人造成159%攻击伤害，有100%几率使刺客类目标眩晕2回合，并中毒每回合额外造成65%攻击伤害，持续3回合,"""1503a013"",""1503a023""",,,,
2104a012,2,1360,[],0,0,[],1,1,2,,,,,主动技能：对后排敌人造成136%攻击伤害并有30%几率使目标眩晕2回合，增加自己30%免伤3回合,"""2104a013"",""2104a023""",,,,
2204a012,2,1160,[],0,0,[],1,1,0,,,,,主动技能：对所有敌人造成116%攻击伤害并有25%几率使目标眩晕2回合,"""2204a013""",,,,
2205a012,2,1460,[],0,0,[],1,1,0,,,,,主动技能：对所有敌人造成146%攻击伤害，有100%几率使辅助类目标眩晕2回合并额外造成160%攻击伤害,"""2205a013"",""2205a023""",,,,
2303a012,2,1250,[],0,0,[],1,1,2,rand,2,,,主动技能：对随机2名后排敌人造成125%攻击伤害并持续恢复全体友军攻击效果200%生命3回合，并有30%的几率额外恢复340%攻击等量生命,"""2303a013"",""2303a023""",,,,
2403a012,2,2200,[],0,0,[],1,1,2,rand,2,,,主动技能：对随机2名后排敌人造成220%攻击伤害，每回合额外造成102%攻击伤害，持续4回合,"""2403a013""",,,,
2403a312,2,1200,[],0,0,[],1,1,0,"hp,asc",1,,,被动技能（普攻转换）：普通攻击变成攻击敌方生命最少的英雄，效果为120%，并偷取目标15%攻击3回合,"""2403a315"",""2403a325""",,,,
2506a012,2,1480,[],0,0,[],1,1,0,,,,,主动技能：对所有敌人造成148%攻击伤害并有30%几率使目标冰冻2回合，并额外获得30点怒气,"""2506a013"",""2506a023""",,,,
2507a012,2,3020,[],0,0,[],1,1,0,rand,4,,,主动技能：对随机4名敌人造成302%攻击伤害，增加自身40%攻击3回合,"""2507a013""",,,,
2507a312,2,950,[],0,0,[],1,1,1,,,,,被动技能（普攻转换）：普通攻击变为攻击前排敌人，效果为95%，同时减少目标20%精准2回合,"""2507a315""",,,,
3107a012,2,3200,[],0,0,[],1,1,0,"pos,asc",1,,,主动技能：对单个敌人造成320%攻击伤害并使血量最少的友军回复560%攻击等量生命，增加60%的攻击2回合,"""3107a013"",""3107a023""",,,,
3108a012,2,1190,[],0,0,[],1,1,2,,,,,主动技能：对后排敌人造成119%攻击伤害，有32%几率使目标眩晕2回合并有20%的几率给目标附加一个250%攻击伤害的回合印记，回合印记1回合后触发伤害,"""3108a013"",""3108a023""",,,,
3205a012,2,720,[],0,0,[],1,1,0,,,,,主动技能：对所有敌人造成72%攻击伤害并中毒，每回合额外造成102%攻击伤害，持续3回合,"""3205a013""",,,,
3402a012,2,1900,[],0,0,[],1,1,2,rand,2,,,主动技能：对后排随机2名敌人造成190%攻击伤害，恢复35%攻击生命，并吸取目标30%攻击3回合，增加自己40%的暴击伤害3回合,"""3402a013"",""3402a023"",""3402a033"",""3402a043""",,,,
3402a312,2,1300,[],0,0,[],1,1,0,"hp,asc",1,,,被动技能（普攻转换）：普通攻击变成攻击敌方生命最少的英雄，效果为130%，恢复攻击45%生命,"""3402a315""",,,,
3503a012,2,1320,[],0,0,[],1,1,0,,,,,主动技能：对所有敌人造成132%攻击伤害并流血，每回合额外造成75%攻击伤害，持续3回合，降低目标25%暴击和30%的暴击伤害3回合,"""3503a013"",""3503a023"",""3503a033""",,,,
3504a012,2,1820,[],0,0,[],1,1,0,rand,3,,,主动技能：对随机3名敌人造成182%攻击伤害并燃烧，每回合燃烧的伤害为116%，持续3回合,"""3504a013""",,,,
4105a012,2,1170,[],0,0,[],1,1,0,,,,,主动技能：对所有敌人造成117%攻击伤害并燃烧，每回合额外造成50%攻击伤害，持续3回合，增加自己20%攻击和20%暴击，持续3回合,"""4105a013"",""4105a023"",""4105a033""",,,,
4106a012,2,1850,[],0,0,[],1,1,1,,,,,主动技能：对前排敌人造成185%攻击伤害并吸取目标35%护甲2回合，持续恢复自己160%攻击生命6回合,"""4106a013"",""4106a023"",""4106a033""",,,,
4201a012,2,1480,[],0,0,[],1,1,2,,,,,主动技能：对后排敌人造成148%攻击伤害并有35%几率使游侠类目标眩晕2回合，50%几率使法师沉默2回合,"""4201a013"",""4201a023""",,,,
4201a112,2,1100,[],0,0,[],1,1,0,rand,2,,,被动技能（普攻转换）：普攻攻击变为对随机2名敌人造成110%攻击伤害，并有15%概率眩晕目标2回合。,"""4201a115""",,,,
4403a212,2,1200,[],0,0,[],1,1,2,rand,1,,,被动技能（普攻转换）：普通攻击变为攻击随机1名后排敌人，伤害为120%.,,,,,
4404a012,2,2100,[],0,0,[],1,1,2,,,,,主动技能：对后排随机2名敌人造成210%攻击伤害，如果是法师，每回合额外造成50%攻击流血伤害，持续3回合,"""4404a013""",,,,
4404a212,2,1200,[],0,0,[],1,1,0,"hp,asc",1,,,被动技能（普攻转换）：普通攻击变成攻击敌方生命最少的英雄，效果为120%，并降低目标20%攻击3回合,"""4404a215""",,,,
4504a012,2,1050,[],0,0,[],1,1,0,,,,,主动技能：对所有敌人造成105%攻击伤害并有50%几率使目标禁魔2回合，并免疫控制2回合,"""4504a013"",""4504a023"",""4504a033""",,,,
4505a012,2,1250,[],0,0,[],1,1,0,rand,4,,,主动技能：对随机4名敌人造成125%攻击伤害，减少其5%速度并中毒，每回合额外造成55%攻击伤害，持续3回合,"""4505a013"",""4505a023""",,,,
5101a012,2,1400,[],0,0,[],1,1,0,,,,,主动技能：对所有敌人造成124%攻击伤害并附加回合印记，回合印记1回合触发造成280%的攻击伤害，并有45%的几率额外附加一个210%攻击伤害的回合印记，并提升自身15%免伤3回合,"""5101a013"",""5101a023"",""5101a033""",,,,
5204a012,2,980,[],0,0,[],1,1,0,,,,,主动技能：对所有敌人造成98%攻击伤害并有30%几率使目标石化2回合，有30%的几率降低目标30点怒气，30%几率恢复自己30点怒气,"""5204a013"",""5204a023"",""5204a033"",""5204a043""",,,,
6102a012,2,1350,[],0,0,[],1,1,0,,,,,主动技能：对所有敌人造成135%攻击伤害并附加暴击印记，暴击印记暴击后触发造成220%的攻击伤害，并有50%的几率额外附加一个140%攻击伤害的暴击印记,"""6102a013"",""6102a023"",""6102a033""",,,,
6302a012,2,1580,[],0,0,[],1,1,0,,,,,主动技能：对随机4名敌人造成158%攻击伤害并回复随机3名友军165%攻击等量生命，并使随机3名友军增加25%的伤增率,"""6302a013"",""6302a023""",,,,
31095012,2,1700,[],0,0,[],1,1,0,rand,2,,,对前排敌人造成1.7攻击伤害,"""31095013""",,,,
31096012,2,1850,[],0,0,[],1,1,0,rand,3,,,对前排敌人造成2.1攻击伤害,"""31096013""",,,,
3109a012,2,2000,[],0,0,[],1,1,0,rand,3,,,对随机4名敌人造成2攻击伤害,"""3109a013""",,,,
11011012,2,1250,[],0,0,[],1,1,0,rand,1,,,对单个敌人造成1.25倍伤害,"""11011013""",,,,
11023012,2,900,[],0,0,[],1,1,2,rand,2,,,对敌方后排随机2名角色造成0.9倍攻击伤害,"""11023013""",,,,
11033012,2,1600,[],0,0,[],1,1,0,"hp,asc",1,,,对血量最少的敌人造成1.6倍攻击伤害,"""11033013""",,,,
12013012,2,1000,[],0,0,[],1,1,2,,,,,对后排敌人造成1倍攻击的伤害,,,,,
13012012,2,400,[],0,0,[],1,1,0,,,,,对所有敌人造成40%伤害,,,,,
13023012,2,1200,[],0,0,[],1,1,1,,,,,对敌方前排造成1.2倍攻击伤害,"""13023013""",,,,
14013012,2,1600,[],0,0,[],1,1,0,rand,1,,,对敌方单体造成1.6倍攻击伤害，,"""14013013""",,,,
11044012,2,1800,[],0,0,[],1,1,0,"hp,asc",1,,,对血量最少的敌人造成1.8倍攻击伤害,"""11044013"",""11044023""",,,,
11045012,2,2000,[],0,0,[],1,1,0,"hp,asc",1,,,对血量最少的敌人造成2倍攻击伤害,"""11045013"",""11045023""",,,,
11054012,2,1250,[],0,0,[],1,1,2,rand,3,,,对敌方后排随机3名敌人造成1.25倍攻击伤害,"""11054013""",,,,
11055012,2,1300,[],0,0,[],1,1,2,,,,,对敌方后排敌人造成1.3倍攻击伤害,"""11055013""",,,,
11064012,2,1000,[],0,0,[],1,1,2,,,,,对后排敌人造成1倍攻击伤害,"""11064013""",,,,
11065012,2,1200,[],0,0,[],1,1,2,,,,,对后排敌人造成1.2倍攻击伤害,"""11065013""",,,,
15014012,2,500,[],0,0,[],1,1,0,,,,,对全体敌人造成0.5倍攻击伤害,"""15014013""",,,,
15015012,2,650,[],0,0,[],1,1,0,,,,,对全体敌人造成0.65倍攻击伤害,"""15015013""",,,,
15024012,2,1450,[],0,0,[],1,1,1,,,,,对敌方前排造成1.45倍攻击伤害,"""15024013""",,,,
15025012,2,1550,[],0,0,[],1,1,1,,,,,对敌方前排造成1.55倍攻击伤害,"""15025013""",,,,
22012012,2,1600,[],0,0,[],1,1,0,rand,1,,,对随机1名敌人造成1.6倍伤害,"""22012013""",,,,
23013012,2,1200,[],0,0,[],1,1,0,rand,2,,,对随机2名敌人造成1.2倍攻击伤害,"""23013013""",,,,
23023012,2,900,[],0,0,[],1,1,2,,,,,对地方后排造成0.9倍攻击伤害,"""23023013""",,,,
24013012,2,1600,[],0,0,[],1,1,2,rand,2,,,对敌方后排随机2名角色造成1.6倍攻击伤害,"""24013013""",,,,
25011012,2,1600,[],0,0,[],1,1,0,"pos,asc",1,,,对单个敌人造成1.6倍伤害,"""25011013""",,,,
25023012,2,750,[],0,0,[],1,1,0,rand,3,,,对敌方随机3个目标造成0.75倍伤害,"""25023013""",,,,
25033012,2,950,[],0,0,[],1,1,0,rand,3,,,对敌方随机3个目标造成0.95倍攻击伤害,"""25033013"",""25033023""",,,,
21014012,2,1400,[],0,0,[],1,1,0,rand,3,,,对随机3个目标造成1.4倍攻击伤害,"""21014013""",,,,
21015012,2,1500,[],0,0,[],1,1,0,rand,3,,,对随机3个目标造成1.5倍攻击伤害,"""21015013""",,,,
21024012,2,1100,[],0,0,[],1,1,2,,,,,对敌方后排造成自身攻击1.1倍的伤害,"""21024013""",,,,
21025012,2,1200,[],0,0,[],1,1,2,,,,,对敌方后排造成自身攻击1.2倍的伤害,"""21025013""",,,,
22024012,2,1250,[],0,0,[],1,1,0,rand,3,,,对随机3名敌人造成1.25倍攻击伤害,"""22024013""",,,,
22025012,2,1250,[],0,0,[],1,1,0,rand,4,,,对随机4名敌人造成1.25倍攻击伤害,"""22025013""",,,,
25044012,2,900,[],0,0,[],1,1,0,rand,2,,,对随机2名后排敌人造成0.9倍攻击伤害,"""25044013"",""25044023""",,,,
25045012,2,1000,[],0,0,[],1,1,0,rand,2,,,对随机2名后排敌人造成1倍攻击伤害,"""25045013"",""25045023""",,,,
25054012,2,1200,[],0,0,[],1,1,0,rand,3,,,对随机3个敌人造成1.2倍攻击伤害,"""25054013""",,,,
25055012,2,1400,[],0,0,[],1,1,0,rand,3,,,对随机3个敌人造成1.4倍攻击伤害,"""25055013""",,,,
31012012,2,1400,[],0,0,[],1,1,0,"pos,asc",1,,,对单个敌人造成1.4倍伤害,"""31012013""",,,,
31023012,2,1400,[],0,0,[],1,1,0,"hp,asc",1,,,对敌方血量最少的目标造成1.4倍攻击伤害,"""31023013""",,,,
31033012,2,1600,[],0,0,[],1,1,0,"pos,asc",1,,,对敌方单个目标造成1.6倍攻击伤害,"""31033013""",,,,
32011012,2,900,[],0,0,[],1,1,2,,,,,对后排敌人造成0.9倍伤害,,,,,
32023012,2,1200,[],0,0,[],1,1,1,,,,,对前排敌人造成1.2倍攻击伤害,"""32023013""",,,,
35013012,2,800,[],0,0,[],1,1,0,rand,3,,,对随机3名敌人造成0.8倍攻击伤害,"""35013013""",,,,
35023012,2,450,[],0,0,[],1,1,0,,,,,怒气技能：对地方全体造成0.45倍伤害,"""35023013""",,,,
31044012,2,1600,[],0,0,[],1,1,0,rand,1,,,对随机单个敌人造成1.6倍攻击伤害,"""31044013""",,,,
31045012,2,1800,[],0,0,[],1,1,0,rand,1,,,对随机单个敌人造成1.8倍攻击伤害,"""31045013""",,,,
31054012,2,900,[],0,0,[],1,1,2,,,,,对地方后排造成0.9倍攻击伤害,"""31054013""",,,,
31055012,2,1000,[],0,0,[],1,1,2,,,,,对地方后排造成1倍攻击伤害,"""31055013""",,,,
31064012,2,1000,[],0,0,[],1,1,2,,,,,对敌方后排造成1倍攻击伤害,"""31064013""",,,,
31065012,2,1200,[],0,0,[],1,1,2,,,,,对敌方后排造成1.2倍攻击伤害,"""31065013""",,,,
33014012,2,1200,[],0,0,[],1,1,1,,,,,对敌方前排造成1.2倍攻击伤害,"""33014013""",,,,
33015012,2,1300,[],0,0,[],1,1,0,rand,3,,,对敌方随机3个目标1.3倍攻击伤害,"""33015013""",,,,
34014012,2,2200,[],0,0,[],1,1,0,rand,1,,,对随机1名敌人造成2.2倍攻击伤害,"""34014013""",,,,
34015012,2,1500,[],0,0,[],1,1,0,rand,2,,,对随机2名敌人造成1.5倍攻击伤害,"""34015013""",,,,
41013012,2,700,[],0,0,[],1,1,2,,,,,对后排敌人造成0.7倍攻击伤害,"""41013013""",,,,
41023012,2,800,[],0,0,[],1,1,0,rand,3,,,对随机3名敌人造成0.8倍攻击伤害,"""41023013""",,,,
43012012,2,1100,[],0,0,[],1,1,1,,,,,对前排敌人造成1.1倍伤害,"""43012013""",,,,
43023012,2,1200,[],0,0,[],1,1,0,"hp,asc",1,,,对敌方血量最少的目标造成1.2倍攻击伤害,"""43023013""",,,,
44011012,2,1600,[],0,0,[],1,1,0,"pos,asc",1,,,对单个敌人造成1.6倍伤害,"""44011013""",,,,
45013012,2,700,[],0,0,[],1,1,2,,,,,对后排敌人造成0.7倍攻击伤害,"""45013013""",,,,
45023012,2,1700,[],0,0,[],1,1,0,"pos,asc",1,,,对单个敌人造成1.7倍攻击伤害,"""45023013""",,,,
41034012,2,1800,[],0,0,[],1,1,0,"hp,asc",1,,,对血量最少的敌人造成1.8倍攻击伤害,"""41034013""",,,,
41035012,2,2000,[],0,0,[],1,1,0,"hp,asc",1,,,对血量最少的敌人造成2倍攻击伤害,"""41035013""",,,,
41044012,2,1300,[],0,0,[],1,1,1,,,,,对敌方前排造成1.3倍攻击伤害,"""41044013""",,,,
41045012,2,1500,[],0,0,[],1,1,1,,,,,对敌方前排造成1.5倍攻击伤害,"""41045013""",,,,
43034012,2,1500,[],0,0,[],1,1,0,"hp,asc",1,,,对血量最少的敌人造成1.5倍攻击伤害，,"""43034013""",,,,
43035012,2,1700,[],0,0,[],1,1,0,"hp,asc",1,,,对血量最少的敌人造成1.7倍攻击伤害,"""43035013""",,,,
44024012,2,2200,[],0,0,[],1,1,0,rand,1,,,对敌方随机1个后排造成2.2倍攻击伤害,,,,,
44025012,2,1800,[],0,0,[],1,1,0,rand,2,,,对敌方随机2个后排造成1.8倍攻击伤害,,,,,
45034012,2,1200,[],0,0,[],1,1,0,rand,3,,,对敌方随机3个敌人造成1.2倍攻击伤害，,"""45034013""",,,,
45035012,2,1400,[],0,0,[],1,1,0,rand,3,,,对敌方随机3个敌人造成1.4倍攻击伤害,"""45035013""",,,,
52013012,2,800,[],0,0,[],1,1,0,rand,3,,,对随机3名敌人造成0.8倍攻击伤害,"""52013013""",,,,
64013012,2,1600,[],0,0,[],1,1,0,"hp,asc",1,,,对血量最少的敌人造成1.6倍攻击伤害,"""64013013""",,,,
52024012,2,1400,[],0,0,[],1,1,0,rand,3,,,对敌方随机3个敌人造成1.4倍攻击伤害,"""52024013""",,,,
52025012,2,1600,[],0,0,[],1,1,0,rand,3,,,对敌方随机3个敌人造成1.6倍攻击伤害,"""52025013""",,,,
52034012,2,700,[],0,0,[],1,1,0,,,,,对全体敌方造成0.7倍攻击伤害,"""52034013""",,,,
52035012,2,900,[],0,0,[],1,1,0,,,,,对全体敌方造成0.9倍攻击伤害,"""52035013""",,,,
61014012,2,1400,[],0,0,[],1,1,0,rand,3,,,对随机3个敌人造成1.4倍攻击伤害,"""61014013"",""61014023""",,,,
61015012,2,1600,[],0,0,[],1,1,0,rand,3,,,对随机3个敌人造成1.6倍攻击伤害,"""61015013"",""61015023""",,,,
63014012,2,800,[],0,0,[],1,1,2,rand,2,,,对敌方后排随机2名敌人造成0.8倍攻击伤害,"""63014013""",,,,
63015012,2,700,[],0,0,[],1,1,2,rand,3,,,对敌方后排随机3名敌人造成0.7倍攻击伤害,"""63015013""",,,,
43065012,2,600,[],0,0,[],1,1,0,,,,,怒气技能：对所有敌人造成60%攻击伤害，为全体友军提供10%卡琳娜当前生命的护盾1回合（护盾可叠加，且护盾破损时将吸收本次所有伤害）。,"""43065013""",,,,
43066012,2,650,[],0,0,[],1,1,0,,,,,怒气技能：对所有敌人造成65%攻击伤害，为全体友军提供20%卡琳娜当前生命的护盾1回合（护盾可叠加，且护盾破损时将吸收本次所有伤害）。,"""43066013""",,,,
4306a012,2,1000,[],0,0,[],1,1,0,,,,,怒气技能：对所有敌人造成100%攻击伤害，为全体友军提供30%卡琳娜当前生命的护盾1回合（护盾可叠加，且护盾破损时将吸收本次所有伤害），并有65%概率附加一个150%攻击的回合印记，1回合后触发。,"""4306a013"",""4306a023""",,,,
55015012,2,2050,[],0,0,[],1,1,0,rand,2,,,主动技能：对随机1名敌人造成200%攻击伤害，并增加自己15%暴击，持续4回合,"""55015013"",""55015023"",""55015033""",,,,
55016012,2,2400,[],0,0,[],1,1,0,rand,2,,,主动技能：对随机2名敌人造成230%攻击伤害，并增加自己20%暴击，持续4回合,"""55016013"",""55016023"",""55016033""",,,,
5501a012,2,3250,[],0,0,[],1,1,0,rand,2,,,主动技能：对随机2名敌人造成310%攻击伤害，并增加自己30%暴击，持续4回合，如果攻击的目前当前生命值高于自己，则对造成目标生命上限15%的额外伤害（最高不超过攻击15倍）,"""5501a013"",""5501a023"",""5501a033"",""5501a043""",,,,
55015232,2,1000,[],0,0,[],1,1,2,rand,1,,,普攻改为攻击后排随机1个目标，造成100%伤害并减少目标30能量,"""55015233""",,,,
55016232,2,1100,[],0,0,[],1,1,2,rand,1,,,普攻改为攻击后排随机1个目标，造成110%伤害并减少目标40能量,"""55016233""",,,,
5501a232,2,1800,[],0,0,[],1,1,0,"hp,asc",1,,,普攻改为攻击后排随机1个目标，造成120%伤害并减少目标50能量,"""5501a233""",,,,
65015012,2,750,[],0,0,[],1,1,0,rand,3,,,怒气技能：对随机3名敌人造成70%攻击伤害，灼烧目标每回合造成30%攻击伤害，持续2回合，并有25%概率眩晕目标2回合,"""65015013"",""65015023""",,,,
65016012,2,1000,[],0,0,[],1,1,0,rand,3,,,怒气技能：对随机3名敌人造成75%攻击伤害，灼烧目标每回合造成35%攻击伤害，持续2回合，并有30%概率眩晕目标2回合,"""65016013"",""65016023""",,,,
6501a012,2,1250,[],0,0,[],1,1,0,rand,4,,,怒气技能：对随机4名敌人造成100%攻击伤害，灼烧目标每回合造成50%攻击伤害，持续2回合，并有35%概率眩晕目标2回合,"""6501a013"",""6501a023""",,,,
22065012,2,900,[],0,0,[],1,1,0,,,,,主动技能：对所有敌人造成90%攻击伤害，每回合造成30%燃烧伤害，持续3回合,"""22065013""",,,,
22066012,2,1200,[],0,0,[],1,1,0,,,,,主动技能：对所有敌人造成120%攻击伤害，每回合造成50%燃烧伤害，持续3回合,"""22066013""",,,,
2206a012,2,1500,[],0,0,[],1,1,0,,,,,主动技能：对所有敌人造成150%攻击伤害，每回合造成70%燃烧伤害，持续3回合，并增加自己31%暴击伤害和30.5%攻击3回合,"""2206a013"",""2206a023"",""2206a033""",,,,
14055012,2,1400,[],0,0,[],1,1,0,rand,2,,,主动技能：对随机2名敌人造成132%攻击伤害，每回合额外造成60%攻击伤害，持续2回合，并对战士类目标每回合伤害增加32%,"""14055013"",""14055023""",,,,
14056012,2,1500,[],0,0,[],1,1,0,rand,3,,,主动技能：对随机3名敌人造成128%攻击伤害，每回合额外造成100%攻击伤害，持续2回合，并对战士类目标每回合伤害增加48%,"""14056013"",""14056023""",,,,
1405a012,2,2200,[],0,0,[],1,1,0,rand,3,,,主动技能：对随机3名敌人造成188%攻击伤害，每回合额外造成140%攻击伤害，持续2回合，并恢复自己240%攻击等量生命，并对战士类目标每回合伤害增加95%,"""1405a013"",""1405a023"",""1405a033""",,,,
14055112,2,1000,[],0,0,[],1,1,0,"hp,asc",2,,,被动技能：普攻有100%几率使目标流血，每回合造成25%攻击伤害，持续4回合，并提升自己11.2%破甲4回合。,"""14055113"",""14055123""",,,,
14056112,2,1000,[],0,0,[],1,1,0,"hp,asc",2,,,被动技能：普攻有100%几率使目标流血，每回合造成35%攻击伤害，持续4回合，并提升自己14%破甲4回合。,"""14056113"",""14056123""",,,,
1405a112,2,1000,[],0,0,[],1,1,0,"hp,asc",2,,,被动技能：普攻有100%几率使目标流血，每回合造成45%攻击伤害，持续4回合，并提升自己16.8%破甲4回合。,"""1405a113"",""1405a123""",,,,
55025012,2,540,[],0,0,[],1,1,0,,,,,主动技能：对所有敌人造成54%攻击伤害，每回合额外造成20%流血伤害，持续3回合，对游侠类目标流血伤害增加48%,"""55025013"",""55025043""",,,,
55026012,2,750,[],0,0,[],1,1,0,,,,,主动技能：对所有敌人造成75%攻击伤害，每回合额外造成42%流血伤害，持续3回合，对游侠类目标流血伤害增加64%,"""55026013"",""55026043""",,,,
5502a012,2,1150,[],0,0,[],1,1,0,,,,,主动技能：对所有敌人造成115%攻击伤害，每回合额外造成56%流血伤害，持续3回合，对游侠类目标流血伤害增加105%并增加自身50%的技能伤害,"""5502a013"",""5502a033"",""5502a043""",,,,
55025112,2,1000,[],0,0,[],1,1,0,"pos,asc",1,,,被动技能：普攻有100%几率增加自身6%攻击和5点速度，持续3回合,"""55025113"",""55025123""",,,,
55026112,2,1000,[],0,0,[],1,1,0,"pos,asc",1,,,被动技能：普攻有100%几率增加自身10%攻击和10点速度，持续3回合,"""55026113"",""55026123""",,,,
5502a112,2,1000,[],0,0,[],1,1,0,"pos,asc",1,,,被动技能：普攻有100%几率增加自身20%攻击和15点速度，持续3回合,"""5502a113"",""5502a123""",,,,
31105012,2,1550,[],0,0,[],1,1,1,,,,,主动技能：对前排敌人造成155%攻击伤害并对生命低于自身的目标额外造成目标生命上限15%伤害,"""31105013""",,,,
31106012,2,1750,[],0,0,[],1,1,1,,,,,主动技能：对前排敌人造成175%攻击伤害并对生命低于自身的目标额外造成目标生命上限16%伤害,"""31106013""",,,,
3110a012,2,2000,[],0,0,[],1,1,1,,,,,主动技能：对前排敌人造成200%攻击伤害并额外造成目标生命上限20%伤害(最高不超过攻击力的1500%），同时增加自15%攻击和15%破甲,"""3110a013"",""3110a023"",""3110a033""",,,,
31105112,2,1000,[],0,0,[],1,1,0,rand,1,,,被动技能：攻击有100%几率偷取目标15%护甲持续3回合。,"""31105113""",,,,
31106112,2,1000,[],0,0,[],1,1,0,rand,2,,,被动技能：攻击有100%几率偷取目标20%护甲持续3回合。,"""31106113""",,,,
3110a112,2,1000,[],0,0,[],1,1,0,rand,2,,,被动技能：攻击有100%几率偷取目标25%护甲持续3回合。,"""3110a113""",,,,
43075012,2,1060,[],0,0,[],1,1,0,rand,4,,,主动技能：对随机4名敌人造成106%攻击伤害，恢复全体友军攻击效果180%攻击等量生命，并持续恢复全体友军攻击效果40%攻击等量生命6回合。,"""43075013"",""43075023""",,,,
43076012,2,1620,[],0,0,[],1,1,0,rand,4,,,主动技能：对随机4名敌人造成162%攻击伤害，恢复全体友军攻击效果200%攻击等量生命，并持续恢复全体友军攻击效果55%攻击等量生命6回合。,"""43076013"",""43076023""",,,,
4307a012,2,2720,[],0,0,[],1,1,0,rand,4,,,主动技能：对随机4名敌人造成272%攻击伤害，恢复全体友军攻击效果220%攻击等量生命，并持续恢复全体友军攻击效果70%攻击等量生命6回合。,"""4307a013"",""4307a023""",,,,
43075212,2,1000,[],0,0,[],1,1,0,"pos,asc",1,,,普通攻击恢复自己60%攻击等量生命3回合，并使自身攻击增加10%和造成的治疗效果增加2%持续4回合,"""43075213"",""43075223"",""43075233""",,,,
43076212,2,1000,[],0,0,[],1,1,0,"pos,asc",1,,,普通攻击恢复自己100%攻击等量生命3回合，并使自身攻击增加20%和造成的治疗效果增加5%持续4回合,"""43076213"",""43076223"",""43076233""",,,,
4307a212,2,1000,[],0,0,[],1,1,0,"pos,asc",1,,,普通攻击恢复自己150%攻击等量生命3回合，并使自身攻击增加30%和造成的治疗效果增加7%持续4回合,"""4307a213"",""4307a223"",""4307a233""",,,,
64025002,2,1000,[],0,0,[],1,1,0,"pos,asc",1,,,对单个敌人造成100%伤害,,,,,
64026002,2,1000,[],0,0,[],1,1,0,"pos,asc",1,,,对单个敌人造成100%伤害,,,,,
64025012,2,1650,[],0,0,[],1,1,0,rand,2,,,怒气技能：对随机1名敌人造成165%攻击伤害，对生命不低于自身的目标有50%几率眩晕2回合，生命低于自身的目标额外造成60%攻击伤害,"""64025013"",""64025023""",,,,
64026012,2,2100,[],0,0,[],1,1,0,rand,2,,,怒气技能：对随机2名敌人造成210%攻击伤害，对生命不低于自身的目标有75%几率眩晕2回合，生命低于自身的目标额外造成110%攻击伤害,"""64026013"",""64026023""",,,,
6402a012,2,3000,[],0,0,[],1,1,0,"hp,asc",2,,,怒气技能：对随机2名敌人造成300%攻击伤害，额外造成无视防御的108%攻击伤害，对生命不低于自身的目标有100%几率眩晕2回合,"""6402a013"",""6402a023"",""6402a033""",,,,
64025112,2,1100,[],0,0,[],1,1,0,"hp,asc",1,,,被动效果：普通攻击变为，攻击生命最低的敌人，造成110%的攻击伤害,,,,,
64026112,2,1200,[],0,0,[],1,1,0,"hp,asc",1,,,被动效果：普通攻击变为，攻击生命最低的敌人，造成120%的攻击伤害,,,,,
6402a112,2,2000,[],0,0,[],1,1,0,"hp,asc",1,,,被动效果：普通攻击变为，攻击生命最低的敌人，造成130%的攻击伤害,,,,,
11085312,2,1100,[],0,0,[],1,1,0,"hp,asc",1,,,被动技能：普攻变成对生命最低的单位造成110%攻击的伤害，并有80%概率额外60%伤害,"""11085313""",,,,
11086312,2,1200,[],0,0,[],1,1,0,"hp,asc",1,,,被动技能：普攻变成对生命最低的单位造成120%攻击的伤害，并有80%概率额外90%伤害,"""11086313""",,,,
1108a312,2,1500,[],0,0,[],1,1,0,"hp,asc",1,,,被动技能：普攻变成对生命最低的单位造成150%攻击的伤害，并有80%概率额外150%伤害,"""1108a313""",,,,
21055002,2,1000,[],0,0,[],1,1,0,"pos,asc",1,,,对单个敌人造成100%伤害,,,,,
21056002,2,1000,[],0,0,[],1,1,0,"pos,asc",1,,,对单个敌人造成100%伤害,,,,,
21055012,2,1260,[],0,0,[],1,1,0,rand,3,,,怒气技能：对随机3名敌人造成126%攻击伤害，并减少目标24%护甲和10%格挡，每回合额外造成32%燃烧伤害，持续3回合,"""21055013"",""21055023"",""21055033"",""21055043"",""21055053""",,,,
21056012,2,1440,[],0,0,[],1,1,0,rand,3,,,怒气技能：对随机3名敌人造成144%攻击伤害，并减少目标30%护甲和20%格挡，每回合额外造成48%燃烧伤害，持续3回合,"""21056013"",""21056023"",""21056033"",""21056043"",""21056053""",,,,
2105a012,2,1660,[],0,0,[],1,1,0,rand,4,,,怒气技能：对随机3名敌人造成166%攻击伤害，并减少目标30%护甲和30%格挡，每回合额外造成54%燃烧伤害，持续3回合,"""2105a013"",""2105a023"",""2105a033"",""2105a043"",""2105a053""",,,,
21055112,2,1000,[],0,0,[],1,1,0,"pos,asc",1,,,被动效果：攻击有100%几率减少目标12%护甲，每回合造成25%的燃烧伤害，持续4回合，并提升自身对燃烧目标20%伤害4回合,"""21055113"",""21055123"",""21055133""",,,,
21056112,2,1000,[],0,0,[],1,1,0,"pos,asc",1,,,被动效果：攻击有100%几率减少目标20%护甲，每回合造成35%的燃烧伤害，持续4回合，并提升自身对燃烧目标30%伤害4回合,"""21056113"",""21056123"",""21056133""",,,,
2105a112,2,1000,[],0,0,[],1,1,0,"pos,asc",1,,,被动效果：攻击有100%几率减少目标24%护甲，每回合造成45%的燃烧伤害，持续4回合，并提升自身对燃烧目标40%伤害4回合,"""2105a113"",""2105a123"",""2105a133""",,,,
11095002,2,1000,[],0,0,[],1,1,0,"pos,asc",1,,,对单个敌人造成100%伤害,,,,,
11096002,2,1000,[],0,0,[],1,1,0,"pos,asc",1,,,对单个敌人造成100%伤害,,,,,
11095012,2,1220,[],0,0,[],1,1,1,,,,,怒气技能：对前排敌人造成122%攻击伤害并有40%几率使目标冰冻2回合，同时恢复自身生命上限10%等量生命,"""11095013"",""11095023""",,,,
11096012,2,1550,[],0,0,[],1,1,1,,,,,怒气技能：对前排敌人造成155%攻击伤害并有55%几率使目标冰冻2回合，同时恢复自身生命上限15%等量生命,"""11096013"",""11096023""",,,,
1109a012,2,1840,[],0,0,[],1,1,1,,,,,怒气技能：对前排敌人造成184%攻击伤害并有70%几率使目标冰冻2回合，同时恢复自身生命上限26%等量生命,"""1109a013"",""1109a023""",,,,
52055002,2,1000,[],0,0,[],1,1,0,"pos,asc",1,,,对单个敌人造成100%伤害,,,,,
52056002,2,1000,[],0,0,[],1,1,0,"pos,asc",1,,,对单个敌人造成100%伤害,,,,,
52055012,2,2000,[],0,0,[],1,1,0,rand,1,,,怒气技能：对随机1名敌人造成200%攻击伤害，若目标为前排，则降低其35%护甲3回合，并石化2回合，目标为后排，则降低其15%攻击和30点速度3回合,"""52055013"",""52055023"",""52055033"",""52055043""",,,,
52056012,2,3000,[],0,0,[],1,1,0,rand,1,,,怒气技能：对随机1名敌人造成300%攻击伤害，若目标为前排，则降低其55%护甲3回合，并石化2回合，目标为后排，则降低其20%攻击和60点速度3回合,"""52056013"",""52056023"",""52056033"",""52056043""",,,,
5205a012,2,4000,[],0,0,[],1,1,0,rand,1,,,怒气技能：对随机1名敌人造成400%攻击伤害，若目标为前排，则降低其75%护甲3回合，并石化2回合，目标为后排，则降低其30%攻击和80点速度3回合,"""5205a013"",""5205a023"",""5205a033"",""5205a043""",,,,
52055212,2,1100,[],0,0,[],1,1,0,"hp,asc",1,,,被动效果：普通攻击变为攻击生命最低的敌人，造成110%攻击伤害并减少目标20点怒气,"""52055213""",,,,
52056212,2,1200,[],0,0,[],1,1,0,"hp,asc",1,,,被动效果：普通攻击变为攻击生命最低的敌人，造成120%攻击伤害并减少目标40点怒气,"""52056213""",,,,
5205a212,2,1400,[],0,0,[],1,1,0,"hp,asc",1,,,被动效果：普通攻击变为攻击生命最低的敌人，造成140%攻击伤害并减少目标60点怒气,"""5205a213""",,,,
33035002,2,1000,[],0,0,[],1,1,0,"pos,asc",1,,,对单个敌人造成100%伤害,,,,,
33036002,2,1000,[],0,0,[],1,1,0,"pos,asc",1,,,对单个敌人造成100%伤害,,,,,
33035012,2,1100,[],0,0,[],1,1,0,rand,4,,,怒气技能：对随机4名敌人造成110%攻击伤害并虚弱3回合，同时为一名随机己方英雄恢复50点怒气（虚弱会是目标额外受到50%伤害，不可叠加）,"""33035013"",""33035023""",,,,
33036012,2,1280,[],0,0,[],1,1,0,rand,4,,,怒气技能：对随机4名敌人造成128%攻击伤害并虚弱3回合，同时为一名随机己方英雄恢复75点怒气（虚弱会是目标额外受到50%伤害，不可叠加）,"""33036013"",""33036023""",,,,
3303a012,2,1500,[],0,0,[],1,1,0,rand,4,,,怒气技能：对随机4名敌人造成150%攻击伤害并虚弱3回合，同时为一名随机己方英雄恢复100点怒气（虚弱会是目标额外受到50%伤害，不可叠加）,"""3303a013"",""3303a023""",,,,
33035102,2,750,[],0,0,[],1,1,2,,,,,被动效果：普攻变为攻击后排敌人，造成75%攻击伤害并减少目标5%护甲3回合，同时为我方随机2名英雄恢复生命上限10%生命,"""33035103"",""33035113""",,,,
33036102,2,800,[],0,0,[],1,1,2,,,,,被动效果：普攻变为攻击后排敌人，造成80%攻击伤害并减少目标10%护甲3回合，同时为我方随机2名英雄恢复生命上限15%生命,"""33036103"",""33036113""",,,,
3303a102,2,900,[],0,0,[],1,1,2,,,,,被动效果：普攻变为攻击后排敌人，造成90%攻击伤害并减少目标15%护甲3回合，同时为我方随机2名英雄恢复生命上限20%生命,"""3303a103"",""3303a113""",,,,
44055002,2,1000,[],0,0,[],1,1,0,"pos,asc",1,,,对单个敌人造成100%伤害,,,,,
44056002,2,1000,[],0,0,[],1,1,0,"pos,asc",1,,,对单个敌人造成100%伤害,,,,,
44055012,2,1650,[],0,0,[],1,1,0,rand,2,,,怒气技能：对随机2名敌人造成165%攻击伤害，降低目标15%攻击2回合并附加鹰眼印记。附带鹰眼印记的目标被攻击时额外受到15%伤害（对单一目标最高叠加至300%攻击伤害）,"""44055013"",""44055023""",,,,
44056012,2,1950,[],0,0,[],1,1,0,rand,2,,,怒气技能：对随机2名敌人造成195%攻击伤害，降低目标20%攻击2回合并附加鹰眼印记。附带鹰眼印记的目标被攻击时额外受到25%伤害（对单一目标最高叠加至300%攻击伤害）,"""44056013"",""44056023""",,,,
4405a012,2,2550,[],0,0,[],1,1,0,rand,3,,,怒气技能：对随机2名敌人造成255%攻击伤害，降低目标25%攻击2回合并附加鹰眼印记。附带鹰眼印记的目标被攻击时额外受到45%伤害（对单一目标最高叠加至300%攻击伤害）,"""4405a013"",""4405a023""",,,,
44055302,2,800,[],0,0,[],1,1,0,rand,2,,,被动效果：普通攻击变为，攻击随机2名敌人，造成80%攻击伤害并附加鹰眼印记。附带鹰眼印记的目标被攻击时额外受到15%伤害（对单一目标最高叠加至300%攻击伤害）,"""44055303""",,,,
44056302,2,900,[],0,0,[],1,1,0,rand,2,,,被动效果：普通攻击变为，攻击随机2名敌人，造成90%攻击伤害并附加鹰眼印记。附带鹰眼印记的目标被攻击时额外受到20%伤害（对单一目标最高叠加至300%攻击伤害）,"""44056303""",,,,
4405a302,2,1100,[],0,0,[],1,1,0,rand,3,,,被动效果：普通攻击变为，攻击随机2名敌人，造成110%攻击伤害并附加鹰眼印记。附带鹰眼印记的目标被攻击时额外受到35%伤害（对单一目标最高叠加至300%攻击伤害）,"""4405a303""",,,,
31115002,2,1000,[],0,0,[],1,1,0,"pos,asc",1,,,对单个敌人造成100%伤害,,,,,
31116002,2,1000,[],0,0,[],1,1,0,"pos,asc",1,,,对单个敌人造成100%伤害,,,,,
31115012,2,1500,[],0,0,[],1,1,1,,,,,怒气技能：对前排敌人造成150%攻击伤害，同时增加自身10%减伤和20%攻击3回合，并给我方全体英雄施加剑圣庇护3回合（提升5%减伤，不可叠加）,"""31115013"",""31115023"",""31115033""",,,,
31116012,2,2120,[],0,0,[],1,1,1,,,,,怒气技能：对前排敌人造成212%攻击伤害，同时增加自身15%减伤和30%攻击3回合，并给我方全体英雄施加剑圣庇护3回合（提升7%减伤，不可叠加）,"""31116013"",""31116023"",""31116033""",,,,
3111a012,2,3150,[],0,0,[],1,1,1,,,,,怒气技能：对前排敌人造成315%攻击伤害，同时增加自身20%减伤和40%攻击3回合，并给我方全体英雄施加剑圣庇护3回合（提升10%减伤，不可叠加）,"""3111a013"",""3111a023"",""3111a033""",,,,
31115102,2,950,[],0,0,[],1,1,0,rand,4,,,被动效果：普攻变为随机攻击4名敌人，造成95%攻击伤害，并有12%几率使目标眩晕2回合,"""31115103""",,,,
31116102,2,1100,[],0,0,[],1,1,0,rand,4,,,被动效果：普攻变为随机攻击4名敌人，造成110%攻击伤害，并有18%几率使目标眩晕2回合,"""31116103""",,,,
3111a102,2,1250,[],0,0,[],1,1,0,rand,4,,,被动效果：普攻变为随机攻击4名敌人，造成125%攻击伤害，并有25%几率使目标眩晕2回合,"""3111a103""",,,,
22075002,2,1000,[],0,0,[],1,1,0,"pos,asc",1,,,对单个敌人造成100%伤害,,,,,
22076002,2,1000,[],0,0,[],1,1,0,"pos,asc",1,,,对单个敌人造成100%伤害,,,,,
22075012,2,0,"[850,1150,1350,1850]",0,0,[],1,1,0,rand,4,,,怒气技能：对随机4名敌人造成伤害，对第一个目标造成85%攻击伤害并有60%几率眩晕2回合，对第二个目标造成115%攻击伤害并有30%几率眩晕2回合，对第三个目标造成135%攻击伤害并有15%概率眩晕2回合，对第四个目标造成185%攻击伤害,,"[""22075013""],[""22075023""],[""22075033""],[]",,,
22076012,2,0,"[1200,1400,1600,2000]",0,0,[],1,1,0,rand,4,,,怒气技能：对随机4名敌人造成伤害，对第一个目标造成120%攻击伤害并有80%几率眩晕2回合，对第二个目标造成140%攻击伤害并有40%几率眩晕2回合，对第三个目标造成160%攻击伤害并有20%概率眩晕2回合，对第四个目标造成200%攻击伤害,,"[""22076013""],[""22076023""],[""22076033""],[]",,,
2207a012,2,0,"[1650,1950,2150,2750]",0,0,[],1,1,0,rand,4,,,怒气技能：对随机4名敌人造成伤害，对第一个目标造成165%攻击伤害并有100%几率眩晕2回合，对第二个目标造成195%攻击伤害并有50%几率眩晕2回合，对第三个目标造成215%攻击伤害并有30%概率眩晕2回合，对第四个目标造成275%攻击伤害,,"[""2207a013""],[""2207a023""],[""2207a033""],[]",,,
15045002,2,1000,[],0,0,[],1,1,0,"pos,asc",1,,,对单个敌人造成100%伤害,,,,,
15046002,2,1000,[],0,0,[],1,1,0,"pos,asc",1,,,对单个敌人造成100%伤害,,,,,
15045012,2,1030,[],0,0,[],1,1,2,,,,,怒气技能：对后排敌人造成103%攻击伤害并降低目标15%护甲3回合，同时有22%几率使目标石化2回合,"""15045013"",""15045023""",,,,
15046012,2,1380,[],0,0,[],1,1,2,,,,,怒气技能：对后排敌人造成138%攻击伤害并降低目标22%护甲3回合，同时有29%几率使目标石化2回合,"""15046013"",""15046023""",,,,
1504a012,2,1920,[],0,0,[],1,1,2,,,,,怒气技能：对后排敌人造成192%攻击伤害并降低目标30%护甲3回合，同时有35%几率使目标石化2回合,"""1504a013"",""1504a023""",,,,
15045212,2,750,[],0,0,[],1,1,2,,,,,,"""15045213""",,,,
15046212,2,850,[],0,0,[],1,1,2,,,,,,"""15046213""",,,,
1504a212,2,950,[],0,0,[],1,1,2,,,,,,"""1504a213""",,,,
63035002,2,1000,[],0,0,[],1,1,0,"pos,asc",1,,,对单个敌人造成100%伤害,,,,,
63036002,2,1000,[],0,0,[],1,1,0,"pos,asc",1,,,对单个敌人造成100%伤害,,,,,
63035012,2,1340,[],0,0,[],1,1,0,rand,4,,,怒气技能：对随机4名敌人造成134%攻击伤害，并使我方随机4名英雄攻击提升10%、速度提升10点、受到治疗效果提升10%，持续3回合，并有20%概率解除所有控制,"""63035013"",""63035023"",""63035033"",""63035043""",,,,
63036012,2,1580,[],0,0,[],1,1,0,rand,4,,,怒气技能：对随机4名敌人造成158%攻击伤害，并使我方随机4名英雄攻击提升20%、速度提升20点、受到治疗效果提升15%，持续3回合，并有30%概率解除所有控制,"""63036013"",""63036023"",""63036033"",""63036043""",,,,
6303a012,2,1820,[],0,0,[],1,1,0,rand,4,,,怒气技能：对随机4名敌人造成182%攻击伤害，并使我方随机4名英雄攻击提升30%、速度提升30点、受到治疗效果提升20%，持续3回合，并有40%概率解除所有控制,"""6303a013"",""6303a023"",""6303a033"",""6303a043""",,,,
12045002,2,1000,[],0,0,[],1,1,0,"pos,asc",1,,,对单个敌人造成100%伤害,,,,,
12046002,2,1000,[],0,0,[],1,1,0,"pos,asc",1,,,对单个敌人造成100%伤害,,,,,
12045012,2,1250,[],0,0,[],1,1,0,rand,4,,,怒气技能：对随机4名敌造成125%攻击伤害，每回合额外造成75%中毒伤害，持续3回合，同时有12%几率冰冻目标2回合，12%几率石化目标2回合,"""12045013"",""12045023"",""12045033""",,,,
12046012,2,1650,[],0,0,[],1,1,0,rand,4,,,怒气技能：对随机4名敌造成165%攻击伤害，每回合额外造成100%中毒伤害，持续3回合，同时有15%几率冰冻目标2回合，15%几率石化目标2回合,"""12046013"",""12046023"",""12046033""",,,,
1204a012,2,2350,[],0,0,[],1,1,0,rand,4,,,怒气技能：对随机4名敌造成235%攻击伤害，每回合额外造成150%中毒伤害，持续3回合，同时有25%几率冰冻目标2回合，25%几率石化目标2回合,"""1204a013"",""1204a023"",""1204a033""",,,,
12045102,2,950,[],0,0,[],1,1,1,,,,,,"""12045103"",""12045113""",,,,
12046102,2,1050,[],0,0,[],1,1,1,,,,,,"""12046103"",""12046113""",,,,
1204a102,2,1200,[],0,0,[],1,1,1,,,,,,"""1204a103"",""1204a113""",,,,
45065002,2,1000,[],0,0,[],1,1,0,"pos,asc",1,,,对单个敌人造成100%伤害,,,,,
45066002,2,1000,[],0,0,[],1,1,0,"pos,asc",1,,,对单个敌人造成100%伤害,,,,,
45065012,2,1230,[],0,0,[],1,1,0,rand,3,,,怒气技能：对随机3名敌人造成123%攻击伤害，并偷取目标9%攻击3回合，同时对生命最高的敌人造成伊赫拉生命上限8%的燃烧伤害，持续2回合,"""45065023"",""45065013"",""45065033""",,,,
45066012,2,1470,[],0,0,[],1,1,0,rand,3,,,怒气技能：对随机3名敌人造成147%攻击伤害，并偷取目标12%攻击3回合，同时对生命最高的敌人造成伊赫拉生命上限13%的燃烧伤害，持续2回合,"""45066023"",""45066013"",""45066033""",,,,
4506a012,2,1620,[],0,0,[],1,1,0,rand,3,,,怒气技能：对随机3名敌人造成162%攻击伤害，并偷取目标15%攻击3回合，同时对生命最高的敌人造成伊赫拉生命上限18%的燃烧伤害，持续2回合,"""4506a023"",""4506a013"",""4506a033""",,,,
45065202,2,750,[],0,0,[],1,1,0,rand,3,,,被动效果：普攻变成对随机3名目标造成75%攻击伤害，降低目标6%攻击，并造成伊赫拉生命上限2%的燃烧伤害，持续1回合,"""45065203"",""45065213""",,,,
45066202,2,850,[],0,0,[],1,1,0,rand,3,,,被动效果：普攻变成对随机3名目标造成85%攻击伤害，降低目标9%攻击，并造成伊赫拉生命上限4%的燃烧伤害，持续1回合,"""45066203"",""45066213""",,,,
4506a202,2,950,[],0,0,[],1,1,0,rand,3,,,被动效果：普攻变成对随机3名目标造成95%攻击伤害，降低目标12%攻击，并造成伊赫拉生命上限6%的燃烧伤害，持续1回合,"""4506a203"",""4506a213""",,,,
32065002,2,1000,[],0,0,[],1,1,0,"pos,asc",1,,,对单个敌人造成100%伤害,,,,,
32066002,2,1000,[],0,0,[],1,1,0,"pos,asc",1,,,对单个敌人造成100%伤害,,,,,
32065012,2,950,[],0,0,[],1,1,0,,,,,怒气技能：对所有敌人造成86%攻击伤害并附加巨魔标记和巨魔诅咒（巨魔标记：增加15%自身主动技能对目标的伤害；巨魔诅咒：减少1%目标对巨魔战将的伤害，最多叠加10层）,"""32065023"",""32065013"",""32065043""",,,,
32066012,2,1000,[],0,0,[],1,1,0,,,,,怒气技能：对所有敌人造成95%攻击伤害并附加巨魔标记和巨魔诅咒（巨魔标记：增加25%自身主动技能对目标的伤害；巨魔诅咒：减少2%目标对巨魔战将的伤害，最多叠加10层）,"""32066023"",""32066013"",""32066043""",,,,
3206a012,2,1300,[],0,0,[],1,1,0,,,,,怒气技能：对所有敌人造成114%攻击伤害并附加巨魔标记和巨魔诅咒，同时有30%几率额外附加一个巨魔标记（巨魔标记：增加35%自身主动技能对目标的伤害；巨魔诅咒：减少3%目标对巨魔战将的伤害，最多叠加10层）,"""3206a023"",""3206a013"",""3206a033"",""3206a043""",,,,
51025002,2,1000,[],0,0,[],1,1,0,"pos,asc",1,,,对单个敌人造成100%伤害,,,,,
51026002,2,1000,[],0,0,[],1,1,0,"pos,asc",1,,,对单个敌人造成100%伤害,,,,,
51025012,2,1080,[],0,0,[],1,1,0,rand,4,,,怒气技能：对随机4名敌人造成108%攻击伤害，并额外造成当前生命值10%的伤害（最高不超过颤栗之翼攻击的1500%），并有20%几率使目标颤栗2回合，被颤栗的目标无法进行普通攻击，攻击后如果目标生命低于25%，额外追加100%的伤害，并回复自身造成伤害量50%的生命,"""51025013"",""51025023"",""51025033"",""51025043""",,,,
51026012,2,1540,[],0,0,[],1,1,0,rand,4,,,怒气技能：对随机4名敌人造成154%攻击伤害，并额外造成当前生命值15%的伤害（最高不超过颤栗之翼攻击的1500%），并有35%几率使目标颤栗2回合，被颤栗的目标无法进行普通攻击，攻击后如果目标生命低于30%，额外追加150%的伤害，并回复自身造成伤害量75%的生命,"""51026013"",""51026023"",""51026033"",""51026043""",,,,
5102a012,2,2600,[],0,0,[],1,1,0,rand,4,,,怒气技能：对随机4名敌人造成260%攻击伤害，并额外造成当前生命值20%的伤害（最高不超过颤栗之翼攻击的1500%），并有50%几率使目标颤栗2回合，被颤栗的目标无法进行普通攻击，攻击后如果目标生命低于35%，额外追加220%的伤害，并回复自身造成伤害量100%的生命,"""5102a013"",""5102a023"",""5102a033"",""5102a043""",,,,
51025202,2,1300,[],0,0,[],1,1,0,"hp,asc",1,,,被动效果：普攻变成对血量最低的敌人造成130%攻击伤害，额外造成目标已损失的生命5%的伤害（最高不超过颤栗之翼攻击力1500%），同时有25%概率使目标颤栗2回合，被颤栗的目标无法进行普攻，攻击后如果目标生命低于25%，额外追加100%的伤害，并回复自身造成伤害量50%的生命,"""51025213"",""51025223"",""51025233"",""51025243""",,,,
51026202,2,1600,[],0,0,[],1,1,0,"hp,asc",1,,,被动效果：普攻变成对血量最低的敌人造成160%攻击伤害，额外造成目标已损失的生命10%的伤害（最高不超过颤栗之翼攻击力1500%），同时有50%概率使目标颤栗2回合，被颤栗的目标无法进行普攻，攻击后如果目标生命低于30%，额外追加130%的伤害，并回复自身造成伤害量75%的生命,"""51026213"",""51026223"",""51026233"",""51026243""",,,,
5102a202,2,2000,[],0,0,[],1,1,0,"hp,asc",1,,,被动效果：普攻变成对血量最低的敌人造成200%攻击伤害，额外造成目标已损失的生命15%的伤害（最高不超过颤栗之翼攻击力1500%），同时有100%概率使目标颤栗2回合，被颤栗的目标无法进行普攻，攻击后如果目标生命低于35%，额外追加160%的伤害，并回复自身造成伤害量100%的生命,"""5102a213"",""5102a223"",""5102a233"",""5102a243""",,,,
24045002,2,1000,[],0,0,[],1,1,0,"pos,asc",1,,,对单个敌人造成100%伤害,,,,,
24046002,2,1000,[],0,0,[],1,1,0,"pos,asc",1,,,对单个敌人造成100%伤害,,,,,
24045012,2,1940,[],0,0,[],1,1,0,"hp,asc",1,,,怒气技能：对生命值最低的敌人造成194%攻击伤害，并额外造成150%流血伤害，持续2回合,"""24045013""",,,,
24046012,2,2980,[],0,0,[],1,1,0,"hp,asc",1,,,怒气技能：对生命值最低的敌人造成298%攻击伤害，并额外造成220%流血伤害，持续2回合,"""24046013""",,,,
2404a012,2,3960,[],0,0,[],1,1,0,"hp,asc",1,,,怒气技能：对生命值最低的敌人造成396%攻击伤害，并额外造成290%流血伤害，持续2回合,"""2404a013""",,,,
35055002,2,1000,[],0,0,[],1,1,0,"pos,asc",1,,,对单个敌人造成100%伤害,,,,,
35056002,2,1000,[],0,0,[],1,1,0,"pos,asc",1,,,对单个敌人造成100%伤害,,,,,
35055012,2,1040,[],0,0,[],1,1,0,rand,3,,,怒气技能：对随机3个敌人造成104%攻击伤害，并催化所有燃烧和流血，造成被催化效果剩余总伤害的100%伤害（被催化的燃烧和流血会消失，催化伤害上限不超过伊芙丽亚攻击的2000%）,"""35055013""",,,,
35056012,2,1690,[],0,0,[],1,1,0,rand,3,,,怒气技能：对随机3个敌人造成169%攻击伤害，并催化所有燃烧和流血，造成被催化效果剩余总伤害的110%伤害（被催化的燃烧和流血会消失，催化伤害上限不超过伊芙丽亚攻击的2000%）,"""35056013""",,,,
3505a012,2,2360,[],0,0,[],1,1,0,rand,3,,,怒气技能：对随机3个敌人造成236%攻击伤害，并催化所有燃烧和流血，造成被催化效果剩余总伤害的120%伤害（被催化的燃烧和流血会消失，催化伤害上限不超过伊芙丽亚攻击的2000%）,"""3505a013""",,,,
11105002,2,1000,[],0,0,[],1,1,0,"pos,asc",1,,,对单个敌人造成100%伤害,,,,,
11106002,2,1000,[],0,0,[],1,1,0,"pos,asc",1,,,对单个敌人造成100%伤害,,,,,
11105012,2,1240,[],0,0,[],1,1,0,rand,3,,,怒气技能：对随机3名敌人造成124%攻击伤害，每回合额外造成50%流血伤害，持续3回合；若目标为前排，则额外造成目标生命上限9%伤害（不超过攻击力的1500%），目标为后排时，则额外造成必定暴击的56%攻击伤害,"""11105013"",""11105023"",""11105033""",,,,
11106012,2,1680,[],0,0,[],1,1,0,rand,3,,,怒气技能：对随机3名敌人造成168%攻击伤害，每回合额外造成75%流血伤害，持续3回合；若目标为前排，则额外造成目标生命上限12%伤害（不超过攻击力的1500%），目标为后排时，则额外造成必定暴击的78%攻击伤害,"""11106013"",""11106023"",""11106033""",,,,
1110a012,2,2060,[],0,0,[],1,1,0,rand,3,,,怒气技能：对随机3名敌人造成206%攻击伤害，每回合额外造成100%流血伤害，持续3回合；若目标为前排，则额外造成目标生命上限15%伤害（不超过攻击力的1500%），目标为后排时，则额外造成必定暴击的108%攻击伤害,"""1110a013"",""1110a023"",""1110a033""",,,,
62025002,2,1000,[],0,0,[],1,1,0,"pos,asc",1,,,对单个敌人造成100%伤害,,,,,
62026002,2,1000,[],0,0,[],1,1,0,"pos,asc",1,,,对单个敌人造成100%伤害,,,,,
62025202,2,1000,[],0,0,[],1,1,0,"hp,desc",1,,,被动效果：普攻变成对生命最高的敌人造成100%攻击伤害，额外造成目标生命上限10%的伤害（最高不超过圣洁护教攻击力的1500%），恢复伤害量15%的生命,"""62025203""",,,,
62026202,2,1100,[],0,0,[],1,1,0,"hp,desc",1,,,被动效果：普攻变成对生命最高的敌人造成110%攻击伤害，额外造成目标生命上限15%的伤害（最高不超过圣洁护教攻击力的1500%），恢复伤害量25%的生命,"""62026203""",,,,
6202a202,2,1200,[],0,0,[],1,1,0,"hp,desc",1,,,被动效果：普攻变成对生命最高的敌人造成120%攻击伤害，额外造成目标生命上限20%的伤害（最高不超过圣洁护教攻击力的1500%），恢复伤害量35%的生命,"""6202a203""",,,,
62025012,2,1280,[],0,0,[],1,1,0,rand,4,,,怒气技能：对随机4名敌人造成128%无视护甲的攻击伤害，并对所有敌人附加神圣怒火3回合（拥有神圣怒火的敌人释放怒气技能时会受到自身生命上限15%的伤害，不超过圣洁护教攻击力的3000%，不可叠加）,"""62025013"",""62025023""",,,,
62026012,2,1980,[],0,0,[],1,1,0,rand,4,,,怒气技能：对随机4名敌人造成198%无视护甲的攻击伤害，并对所有敌人附加神圣怒火3回合（拥有神圣怒火的敌人释放怒气技能时会受到自身生命上限20%的伤害，不超过圣洁护教攻击力的3000%，不可叠加）,"""62026013"",""62026023""",,,,
6202a012,2,2680,[],0,0,[],1,1,0,rand,4,,,怒气技能：对随机4名敌人造成268%无视护甲的攻击伤害，并对所有敌人附加神圣怒火3回合（拥有神圣怒火的敌人释放怒气技能时会受到自身生命上限25%的伤害，不超过圣洁护教攻击力的3000%，不可叠加）,"""6202a013"",""6202a023""",,,,
42025002,2,1000,[],0,0,[],1,1,0,"pos,asc",1,,,对单个敌人造成100%伤害,,,,,
42026002,2,1000,[],0,0,[],1,1,0,"pos,asc",1,,,对单个敌人造成100%伤害,,,,,
42025012,2,0,"[1050,1350,1550]",0,0,[],1,1,0,rand,3,,,怒气技能：随机攻击3个目标，对第一个目标造成105%攻击伤害，并缠绕两2回合；对第二个目标造成135%攻击伤害并种下种子，1回合后发芽并缠绕目标2回合；对第三个目标造成155%攻击伤害并种下种子，2回合后发芽并缠绕目标2回合,,"[""42025013""],[""42025023""],[""42025033""]",,,
42026012,2,0,"[1450,1750,2050]",0,0,[],1,1,0,rand,3,,,怒气技能：随机攻击3个目标，对第一个目标造成145%攻击伤害，并缠绕两2回合；对第二个目标造成175%攻击伤害并种下种子，1回合后发芽并缠绕目标2回合；对第三个目标造成205%攻击伤害并种下种子，2回合后发芽并缠绕目标2回合,,"[""42025013""],[""42025023""],[""42025033""]",,,
4202a012,2,0,"[1850,2250,2650]",0,0,[],1,1,0,rand,3,,,怒气技能：随机攻击3个目标，对第一个目标造成185%攻击伤害，并缠绕两2回合；对第二个目标造成225%攻击伤害并种下种子，1回合后发芽并缠绕目标2回合；对第三个目标造成265%攻击伤害并种下种子，2回合后发芽并缠绕目标2回合,,"[""42025013""],[""42025023""],[""42025033""]",,,
25085002,2,1000,[],0,0,[],1,1,0,"pos,asc",1,,,对单个敌人造成100%伤害,,,,,
25086002,2,1000,[],0,0,[],1,1,0,"pos,asc",1,,,对单个敌人造成100%伤害,,,,,
25085202,2,1200,[],0,0,[],1,1,1,,,,,被动效果：普攻对前排敌人造成120%攻击伤害，为自己增加一层反射护罩（受到怒气技能或普攻时，消耗一层反射护罩，将其伤害的20%反射给攻击者），并增加自身10%暴击伤害2回合,"""25085203"",""25085213""",,,,
25086202,2,1500,[],0,0,[],1,1,1,,,,,被动效果：普攻对前排敌人造成150%攻击伤害，为自己增加一层反射护罩（受到怒气技能或普攻时，消耗一层反射护罩，将其伤害的30%反射给攻击者），并增加自身20%暴击伤害2回合,"""25086203"",""25086213""",,,,
2508a202,2,1800,[],0,0,[],1,1,1,,,,,被动效果：普攻对前排敌人造成180%攻击伤害，为自己增加一层反射护罩（受到怒气技能或普攻时，消耗一层反射护罩，将其伤害的50%反射给攻击者），并增加自身40%暴击伤害2回合,"""2508a203"",""2508a213""",,,,
25085012,2,2000,[],0,0,[],1,1,0,"hp,desc",1,,,怒气技能：对生命值最高的敌人造成200%攻击伤害，每回合额外造成50%燃烧伤害持续6回合，给自己增加1层抵抗护罩（受到控制时，消耗一层抵抗护罩来抵消该控制）,"""25085013"",""25085023""",,,,
25086012,2,3000,[],0,0,[],1,1,0,"hp,desc",1,,,怒气技能：对生命值最高的敌人造成300%攻击伤害，每回合额外造成80%燃烧伤害持续6回合，给自己增加1层抵抗护罩（受到控制时，消耗一层抵抗护罩来抵消该控制）,"""25086013"",""25086023""",,,,
2508a012,2,4750,[],0,0,[],1,1,0,"hp,desc",1,,,怒气技能：对生命值最高的敌人造成450%攻击伤害，每回合额外造成150%燃烧伤害持续6回合，给自己增加1层抵抗护罩（受到控制时，消耗一层抵抗护罩来抵消该控制）,"""2508a013"",""2508a023""",,,,
13055002,2,1000,[],0,0,[],1,1,0,"pos,asc",1,,,对单个敌人造成100%伤害,,,,,
13056002,2,1000,[],0,0,[],1,1,0,"pos,asc",1,,,对单个敌人造成100%伤害,,,,,
13055012,2,1000,[],0,0,[],1,1,0,rand,2,,,怒气技能：对随机2个目标造成100%攻击伤害，并放置一个灵魂提灯（我方英雄受到技能或普攻后，有30%概率清除被攻击者是的2种负面效果，每回合最多触发2次；回合结束时，恢复我方生命值最低的英雄生命上限10%的生命），持续3回合，有40%概率清除目标身上1个增益效果,"""13055013"",""13055023""",,,,
13056012,2,1500,[],0,0,[],1,1,0,rand,2,,,怒气技能：对随机2个目标造成150%攻击伤害，并放置一个灵魂提灯（我方英雄受到技能或普攻后，有50%概率清除被攻击者是的2种负面效果，每回合最多触发3次；回合结束时，恢复我方生命值最低的英雄生命上限15%的生命），持续3回合，有50%概率清除目标身上1个增益效果,"""13056013"",""13056023""",,,,
1305a012,2,2000,[],0,0,[],1,1,0,rand,2,,,怒气技能：对随机2个目标造成200%攻击伤害，并放置一个灵魂提灯（我方英雄受到技能或普攻后，有60%概率清除被攻击者是的2种负面效果，每回合最多触发4次；回合结束时，恢复我方生命值最低的英雄生命上限25%的生命），持续3回合，有60%概率清除目标身上1个增益效果,"""1305a013"",""1305a023""",,,,
41075002,2,1000,[],0,0,[],1,1,0,"pos,asc",1,,,对单个敌人造成100%伤害,,,,,
41076002,2,1000,[],0,0,[],1,1,0,"pos,asc",1,,,对单个敌人造成100%伤害,,,,,
41075012,2,1200,[],0,0,[],1,1,0,rand,3,,,怒气技能：对随机3名敌方英雄造成120%攻击伤害，并释放所有潮汐逆鳞（每层潮汐逆鳞额外提高1%减伤率，怒气技能消耗潮汐逆鳞造成额外伤害），每层潮汐逆鳞对随机1名受击者造成80%攻击伤害，释放后潮汐逆鳞层数清空,"""41075013""",,,,
41076012,2,2400,[],0,0,[],1,1,0,rand,3,,,怒气技能：对随机3名敌方英雄造成240%攻击伤害，并释放所有潮汐逆鳞（每层潮汐逆鳞额外提高2%减伤率，怒气技能消耗潮汐逆鳞造成额外伤害），每层潮汐逆鳞对随机1名受击者造成160%攻击伤害，释放后潮汐逆鳞层数清空,"""41076013""",,,,
4107a012,2,4800,[],0,0,[],1,1,0,rand,3,,,怒气技能：对随机3名敌方英雄造成480%攻击伤害，并释放所有潮汐逆鳞（每层潮汐逆鳞额外提高4%减伤率，怒气技能消耗潮汐逆鳞造成额外伤害），每层潮汐逆鳞对随机1名受击者造成320%攻击伤害，释放后潮汐逆鳞层数清空,"""4107a013""",,,,
53025002,2,1000,[],0,0,[],1,1,0,"pos,asc",1,,,对单个敌人造成100%伤害,,,,,
53026002,2,1000,[],0,0,[],1,1,0,"pos,asc",1,,,对单个敌人造成100%伤害,,,,,
53025012,2,1000,[],0,0,[],1,1,1,,,,,怒气技能：对前排敌人造成100%攻击伤害并有30%石化敌人2回合，给我方全体英雄添加1层暗影庇佑（每层暗影庇佑抵消受到的下一次伤害并转换为50%的治疗，只对英雄技能和普攻生效）,"""53025013"",""53025023""",,,,
53026012,2,1500,[],0,0,[],1,1,1,,,,,怒气技能：对前排敌人造成150%攻击伤害并有50%石化敌人2回合，给我方全体英雄添加1层暗影庇佑（每层暗影庇佑抵消受到的下一次伤害并转换为100%的治疗，只对英雄技能和普攻生效）,"""53026013"",""53026023""",,,,
5302a012,2,2000,[],0,0,[],1,1,1,,,,,怒气技能：对前排敌人造成200%攻击伤害并有70%石化敌人2回合，给我方全体英雄添加2层暗影庇佑（每层暗影庇佑抵消受到的下一次伤害并转换为100%的治疗，只对英雄技能和普攻生效）,"""5302a013"",""5302a023""",,,,
34035002,2,1000,[],0,0,[],1,1,0,"pos,asc",1,,,对单个敌人造成100%伤害,,,,,
34036002,2,1000,[],0,0,[],1,1,0,"pos,asc",1,,,对单个敌人造成100%伤害,,,,,
34035012,2,1000,[],0,0,[],1,1,2,rand,2,,,怒气技能：对随机2名后排敌人造成100%攻击伤害，每回合额外造成50%流血伤害，持续15回合。对速度降低的目标额外造成50%流血伤害15回合。,"""34035013"",""34035023""",,,,
34036012,2,1400,[],0,0,[],1,1,2,rand,2,,,怒气技能：对随机2名后排敌人造成140%攻击伤害，每回合额外造成100%流血伤害，持续15回合。对速度降低的目标额外造成100%流血伤害15回合。,"""34036013"",""34035023""",,,,
3403a012,2,2300,[],0,0,[],1,1,2,rand,2,,,怒气技能：对随机2名后排敌人造成230%攻击伤害，每回合额外造成198%流血伤害，持续15回合。对速度降低的目标额外造成198%流血伤害15回合。,"""3403a013"",""34035023""",,,,
21065012,2,1500,[],0,0,[],1,1,2,,,,,怒气技能：对后排敌人进行2次攻击，每次攻击造成150%攻击伤害，第一次攻击有30%概率施加嘲讽，持续2回合。增加自身10%全伤害减免持续2回合。（嘲讽：被嘲讽的英雄所有技能的攻击目标强制变为嘲讽施加者）,"""21065113"",""21065123""",,,,"""21065112"""
21066012,2,2250,[],0,0,[],1,1,2,,,,,怒气技能：对后排敌人进行2次攻击，每次攻击造成225%攻击伤害，第一次攻击有40%概率施加嘲讽，持续2回合。增加自身15%全伤害减免持续2回合。（嘲讽：被嘲讽的英雄所有技能的攻击目标强制变为嘲讽施加者）,"""21066113"",""21066123""",,,,"""21066112"""
2106a012,2,4200,[],0,0,[],1,1,2,,,,,怒气技能：对后排敌人进行2次攻击，每次攻击造成420%攻击伤害，第一次攻击有50%概率施加嘲讽，持续2回合。增加自身20%全伤害减免持续2回合。（嘲讽：被嘲讽的英雄所有技能的攻击目标强制变为嘲讽施加者）,"""2106a113"",""2106a123""",,,,"""2106a112"""
21065112,2,1500,[],0,0,[],1,1,2,,,,,怒气技能：对后排敌人进行2次攻击，每次攻击造成150%攻击伤害，第一次攻击有30%概率施加嘲讽，持续2回合。增加自身10%全伤害减免持续2回合。（嘲讽：被嘲讽的英雄所有技能的攻击目标强制变为嘲讽施加者）,,,,,
21066112,2,2250,[],0,0,[],1,1,2,,,,,怒气技能：对后排敌人进行2次攻击，每次攻击造成225%攻击伤害，第一次攻击有40%概率施加嘲讽，持续2回合。增加自身15%全伤害减免持续2回合。（嘲讽：被嘲讽的英雄所有技能的攻击目标强制变为嘲讽施加者）,,,,,
2106a112,2,4200,[],0,0,[],1,1,2,,,,,怒气技能：对后排敌人进行2次攻击，每次攻击造成420%攻击伤害，第一次攻击有50%概率施加嘲讽，持续2回合。增加自身20%全伤害减免持续2回合。（嘲讽：被嘲讽的英雄所有技能的攻击目标强制变为嘲讽施加者）,,,,,
21065002,2,1000,[],0,0,[],1,1,0,"pos,asc",1,,,对单个敌人造成100%伤害,,,,,
21066002,2,1000,[],0,0,[],1,1,0,"pos,asc",1,,,对单个敌人造成100%伤害,,,,,
43085002,2,1000,[],0,0,[],1,1,0,"pos,asc",1,,,对单个敌人造成100%伤害,,,,,
43086002,2,1000,[],0,0,[],1,1,0,"pos,asc",1,,,对单个敌人造成100%伤害,,,,,
43085012,2,1800,[],0,0,[],1,1,0,rand,1,,,怒气技能：对随机1名敌人造成180%攻击伤害，并缩小目标2回合；并给随机3名我方英雄施加守护2回合（缩小：体型缩小50%，受到的伤害增加15%，造成的伤害减少20%，不可叠加；守护：受到主动技能或普通攻击时，对攻击者造成100%无视护甲伤害，恢复自身50%攻击等量生命值）,"""43085113"",""43085123""",,,,
43086012,2,2900,[],0,0,[],1,1,0,rand,1,,,怒气技能：对随机1名敌人造成290%攻击伤害，并缩小目标2回合；并给随机3名我方英雄施加守护2回合（缩小：体型缩小50%，受到的伤害增加20%，造成的伤害减少30%，不可叠加；守护：受到主动技能或普通攻击时，对攻击者造成200%无视护甲伤害，恢复自身50%攻击等量生命值）,"""43086113"",""43086123""",,,,
4308a012,2,4000,[],0,0,[],1,1,0,rand,1,,,怒气技能：对随机1名敌人造成400%攻击伤害，并缩小目标2回合；并给随机3名我方英雄施加守护2回合（缩小：体型缩小50%，受到的伤害增加30%，造成的伤害减少50%，不可叠加；守护：受到主动技能或普通攻击时，对攻击者造成300%无视护甲伤害，恢复自身150%攻击等量生命值）,"""4308a113"",""4308a123""",,,,
32075002,2,1000,[],0,0,[],1,1,0,"pos,asc",1,,,对单个敌人造成100%伤害,,,,,
32076002,2,1000,[],0,0,[],1,1,0,"pos,asc",1,,,对单个敌人造成100%伤害,,,,,
32075012,2,1000,[],0,0,[],1,1,0,rand,4,,,怒气技能：对随机4名敌人造成100%攻击伤害；额外造成100%伤害，目标身上每有1种不同的负面效果，造成额外伤害提高100%估计伤害；并有30%概率使目标身上所有持续伤害、属性减益及控制效果剩余持续回合数增加2回合。,"""32075113"",""32075123""",,,,
32076012,2,2000,[],0,0,[],1,1,0,rand,4,,,怒气技能：对随机4名敌人造成200%攻击伤害；额外造成200%伤害，目标身上每有1种不同的负面效果，造成额外伤害提高200%估计伤害；并有50%概率使目标身上所有持续伤害、属性减益及控制效果剩余持续回合数增加2回合。,"""32076113"",""32076123""",,,,
3207a012,2,4000,[],0,0,[],1,1,0,rand,4,,,怒气技能：对随机4名敌人造成400%攻击伤害；额外造成400%伤害，目标身上每有1种不同的负面效果，造成额外伤害提高400%估计伤害；并有70%概率使目标身上所有持续伤害、属性减益及控制效果剩余持续回合数增加2回合。,"""3207a113"",""3207a123""",,,,
32075102,2,1000,[],0,0,[],1,1,0,rand,3,,,被动效果：普攻变为对随机3名敌人造成100%攻击伤害；额外造成100%伤害，目标身上每有一种不同的负面效果，造成额外伤害提高100%攻击伤害,"""32075303"",""32075313""",,,,
32076102,2,1500,[],0,0,[],1,1,0,rand,3,,,被动效果：普攻变为对随机3名敌人造成150%攻击伤害；额外造成150%伤害，目标身上每有一种不同的负面效果，造成额外伤害提高150%攻击伤害,"""32076303"",""32076313""",,,,
3207a102,2,2500,[],0,0,[],1,1,0,rand,3,,,被动效果：普攻变为对随机3名敌人造成250%攻击伤害；额外造成250%伤害，目标身上每有一种不同的负面效果，造成额外伤害提高250%攻击伤害,"""3207a303"",""3207a313""",,,,
61035012,2,1000,[],0,0,[],1,1,0,rand,1,"2,4",,怒气技能：对单个敌人随机进行2-4次攻击，每次造成100%攻击伤害，并施加1层审判之力，同时提高自身10%真实伤害（审判之力叠加到2层时触发审判封印2回合，被审判封印的英雄无法触发被动技能）,"""61035303"",""61035313""",,,,
61036012,2,1500,[],0,0,[],1,1,0,rand,1,"2,4",,怒气技能：对单个敌人随机进行2-4次攻击，每次造成150%攻击伤害，并施加1层审判之力，同时提高自身20%真实伤害（审判之力叠加到2层时触发审判封印2回合，被审判封印的英雄无法触发被动技能）,"""61036303"",""61036313""",,,,
6103a012,2,3000,[],0,0,[],1,1,0,rand,1,"2,4",,怒气技能：对单个敌人随机进行2-4次攻击，每次造成300%攻击伤害，并施加1层审判之力，同时提高自身50%真实伤害（审判之力叠加到2层时触发审判封印2回合，被审判封印的英雄无法触发被动技能）,"""6103a303"",""6103a313""",,,,
61035002,2,1000,[],0,0,[],1,1,0,"pos,asc",1,,,对单个敌人造成100%伤害,,,,,
61036002,2,1000,[],0,0,[],1,1,0,"pos,asc",1,,,对单个敌人造成100%伤害,,,,,
61035022,2,1500,[],0,0,[],1,1,0,rand,1,,,被动效果：普攻对随机1名敌人造成150%攻击伤害，并施加1层审判之力,"""61035323""",,,,
61036022,2,2400,[],0,0,[],1,1,0,rand,1,,,被动效果：普攻对随机1名敌人造成240%攻击伤害，并施加1层审判之力,"""61036323""",,,,
6103a022,2,3000,[],0,0,[],1,1,0,rand,1,,,被动效果：普攻对随机1名敌人造成300%攻击伤害，并施加1层审判之力,"""6103a323""",,,,
55035002,2,1000,[],0,0,[],1,1,0,"pos,asc",1,,,对单个敌人造成100%伤害,,,,,
55036002,2,1000,[],0,0,[],1,1,0,"pos,asc",1,,,对单个敌人造成100%伤害,,,,,
55035012,2,1320,[],0,0,[],1,1,0,rand,4,,,怒气技能：对随机4名敌人造成120%攻击伤害，并额外造成能量湮灭，并有20%概率施加湮灭印记（能量湮灭：目标每有1点能量便造成2%伤害；湮灭印记：拥有印记的目标能量达到100时触发，每有1点能量便造成3%伤害，并清空所有能量，触发后印记消失）,"""55035113""",,,,
55036012,2,1720,[],0,0,[],1,1,0,rand,4,,,怒气技能：对随机4名敌人造成160%攻击伤害，并额外造成能量湮灭，并有40%概率施加湮灭印记（能量湮灭：目标每有1点能量便造成4%伤害；湮灭印记：拥有印记的目标能量达到100时触发，每有1点能量便造成6%伤害，并清空所有能量，触发后印记消失）,"""55036113""",,,,
5503a012,2,2450,[],0,0,[],1,1,0,rand,4,,,怒气技能：对随机4名敌人造成220%攻击伤害，并额外造成能量湮灭，并有70%概率施加湮灭印记（能量湮灭：目标每有1点能量便造成6%伤害；湮灭印记：拥有印记的目标能量达到100时触发，每有1点能量便造成10%伤害，并清空所有能量，触发后印记消失）,"""5503a113""",,,,
55035022,2,1320,[],0,0,[],1,1,0,rand,1,,,被动效果：普通攻击变为对随机1名敌人造成120%攻击伤害并增加目标20能量；目标每有1点能量造成2%伤害，并清空目标所有能量,"""55035323""",,,,
55036022,2,1430,[],0,0,[],1,1,0,rand,1,,,被动效果：普通攻击变为对随机1名敌人造成132%攻击伤害并增加目标30能量；目标每有1点能量造成4%伤害，并清空目标所有能量,"""55036323""",,,,
5503a022,2,1750,[],0,0,[],1,1,0,rand,1,,,被动效果：普通攻击变为对随机1名敌人造成156%攻击伤害并增加目标50能量；目标每有1点能量造成6%伤害，并清空目标所有能量,"""5503a323""",,,,
33045002,2,1000,[],0,0,[],1,1,0,"pos,asc",1,,,对单个敌人造成100%伤害,,,,,
33046002,2,1000,[],0,0,[],1,1,0,"pos,asc",1,,,对单个敌人造成100%伤害,,,,,
33045012,2,1200,[],0,0,[],1,1,1,,,,,怒气技能：对前排敌人造成120%攻击伤害，使血量最低的我方英雄恢复龙血魔人生命上限25%的生命；并增加相邻位置的我方英雄（优先选择位置靠前的我方英雄）10%伤减率3回合和30点怒气。,"""33045113"",""33045123"",""33045133""",,,,
33046012,2,1600,[],0,0,[],1,1,1,,,,,怒气技能：对前排敌人造成160%攻击伤害，使血量最低的我方英雄恢复龙血魔人生命上限35%的生命；并增加相邻位置的我方英雄（优先选择位置靠前的我方英雄）20%伤减率3回合和50点怒气。,"""33046113"",""33046123"",""33046133""",,,,
3304a012,2,2280,[],0,0,[],1,1,1,,,,,怒气技能：对前排敌人造成228%攻击伤害，使血量最低的我方英雄恢复龙血魔人生命上限50%的生命；并增加相邻位置的我方英雄（优先选择位置靠前的我方英雄）40%伤减率3回合和100点怒气。,"""3304a113"",""3304a123"",""3304a133""",,,,
14065002,2,1000,[],0,0,[],1,1,0,"pos,asc",1,,,对单个敌人造成100%伤害,,,,,
14066002,2,1000,[],0,0,[],1,1,0,"pos,asc",1,,,对单个敌人造成100%伤害,,,,,
14065012,2,1400,[],0,0,[],1,1,0,"hp,asc",1,,,主动技能：对生命值最低的敌人造成140%攻击伤害，额外施加目标最大生命值5%的伤害（不超过攻击力的1500%），并施加紫炎附体效果3回合。紫炎附体：技能特效，自身释放主动技能或进行普通攻击时，会额外对被紫炎附体的敌人进行一次相同的攻击，并将造成伤害的30%转化成自身生命值，转化生命值不计算持续伤害，不可叠加。,"""14065103""",,,,
14066012,2,2200,[],0,0,[],1,1,0,"hp,asc",1,,,主动技能：对生命值最低的敌人造成220%攻击伤害，额外施加目标最大生命值7%的伤害（不超过攻击力的1500%），并施加紫炎附体效果3回合。紫炎附体：技能特效，自身释放主动技能或进行普通攻击时，会额外对被紫炎附体的敌人进行一次相同的攻击，并将造成伤害的50%转化成自身生命值，转化生命值不计算持续伤害，不可叠加。,"""14066103""",,,,
1406a012,2,4400,[],0,0,[],1,1,0,"hp,asc",1,,,主动技能：对生命值最低的敌人造成440%攻击伤害，额外施加目标最大生命值10%的伤害（不超过攻击力的1500%），并施加紫炎附体效果3回合。紫炎附体：技能特效，自身释放主动技能或进行普通攻击时，会额外对被紫炎附体的敌人进行一次相同的攻击，并将造成伤害的100%转化成自身生命值，转化生命值不计算持续伤害，不可叠加。,"""1406a103""",,,,
14065022,2,1200,[],0,0,[],1,1,0,"hp,asc",1,,,被动效果：普通攻击变为：对生命值最低的敌人造成120%攻击伤害，并施加紫炎附体效果3回合。紫炎附体：技能特效，自身释放主动技能或进行普通攻击时，会额外对被紫炎附体的敌人进行一次相同的攻击，并将造成伤害的100%转化成自身生命值，转化生命值不计算持续伤害，不可叠加。,"""14065103""",,,,
14066022,2,1400,[],0,0,[],1,1,0,"hp,asc",1,,,被动效果：普通攻击变为：对生命值最低的敌人造成140%攻击伤害，并施加紫炎附体效果3回合。紫炎附体：技能特效，自身释放主动技能或进行普通攻击时，会额外对被紫炎附体的敌人进行一次相同的攻击，并将造成伤害的100%转化成自身生命值，转化生命值不计算持续伤害，不可叠加。,"""14066103""",,,,
1406a022,2,1800,[],0,0,[],1,1,0,"hp,asc",1,,,被动效果：普通攻击变为：对生命值最低的敌人造成180%攻击伤害，并施加紫炎附体效果3回合。紫炎附体：技能特效，自身释放主动技能或进行普通攻击时，会额外对被紫炎附体的敌人进行一次相同的攻击，并将造成伤害的100%转化成自身生命值，转化生命值不计算持续伤害，不可叠加。,"""1406a103""",,,,
44065002,2,1000,[],0,0,[],1,1,0,"pos,asc",1,,,对单个敌人造成100%伤害,,,,,
44066002,2,1000,[],0,0,[],1,1,0,"pos,asc",1,,,对单个敌人造成100%伤害,,,,,
44065012,2,900,[],0,0,[],1,1,0,"hp,asc",1,"2,2",,怒气技能：对生命值最低的敌人造成2次90%的攻击伤害，受击者生命低于50%时本次攻击必定暴击；额外附加目标已损失生命值10%的伤害（最高不超过攻击力的1500%），回复自身造成伤害20%的生命值，对随机2名除自己外的友方目标施加嗜血3回合（嗜血：攻击时，额外附加目标已损失生命值10%的伤害，不超过攻击力的1500%，并回复自身造成的总伤害10%的生命值，不可叠加）,"""44065103"",""44065113"",""44065123"",""44065133""",,,,
44066012,2,1800,[],0,0,[],1,1,0,"hp,asc",1,"2,2",,怒气技能：对生命值最低的敌人造成2次180%的攻击伤害，受击者生命低于50%时本次攻击必定暴击；额外附加目标已损失生命值20%的伤害（最高不超过攻击力的1500%），回复自身造成伤害30%的生命值，对随机2名除自己外的友方目标施加嗜血3回合（嗜血：攻击时，额外附加目标已损失生命值15%的伤害，不超过攻击力的1500%，并回复自身造成的总伤害20%的生命值，不可叠加）,"""44066103"",""44066113"",""44066123"",""44066133""",,,,
4406a012,2,3000,[],0,0,[],1,1,0,"hp,asc",1,"2,2",,怒气技能：对生命值最低的敌人造成2次300%的攻击伤害，受击者生命低于50%时本次攻击必定暴击；额外附加目标已损失生命值30%的伤害（最高不超过攻击力的1500%），回复自身造成伤害50%的生命值，对随机2名除自己外的友方目标施加嗜血3回合（嗜血：攻击时，额外附加目标已损失生命值20%的伤害，不超过攻击力的1500%，并回复自身造成的总伤害30%的生命值，不可叠加）,"""4406a103"",""4406a113"",""4406a123"",""4406a133""",,,,
44065022,2,1200,[],0,0,[],1,1,0,"hp,asc",1,,,被动效果：普通攻击变为对生命值最低的敌人造成120%攻击伤害，受击者生命低于50%时本次攻击必定暴击；额外附加目标已损失生命值10%的生命值（最高不超过攻击力的1500%），回复自身造成的总伤害10%的生命值,"""44065103"",""44065143"",""44065153""",,,,
44066022,2,1800,[],0,0,[],1,1,0,"hp,asc",1,,,被动效果：普通攻击变为对生命值最低的敌人造成180%攻击伤害，受击者生命低于50%时本次攻击必定暴击；额外附加目标已损失生命值15%的生命值（最高不超过攻击力的1500%），回复自身造成的总伤害20%的生命值,"""44066103"",""44066143"",""44066153""",,,,
4406a022,2,2600,[],0,0,[],1,1,0,"hp,asc",1,,,被动效果：普通攻击变为对生命值最低的敌人造成260%攻击伤害，受击者生命低于50%时本次攻击必定暴击；额外附加目标已损失生命值20%的生命值（最高不超过攻击力的1500%），回复自身造成的总伤害30%的生命值,"""4406a103"",""4406a143"",""4406a153""",,,,
7101a002,2,1000,[],0,0,[],1,1,0,"pos,asc",1,,,对单个敌人造成100%伤害,,,,,
7101a012,2,8000,[],0,0,[],1,1,2,,,,,怒气技能：对后排敌人造成800%攻击伤害并降低目标35%护甲和50速度4回合；随后召唤光耀战车冲击所有敌方英雄造成640%攻击伤害，并对拥有正义审判的目标，每有一层正义审判额外造成640%攻击伤害，最多额外造成3次伤害，并清除目标3层正义审判（正义审判：阿斯莫德的主动技能会对带有正义审判的目标造成额外伤害）,"""7101a103"",""7101a113"",""7101a123"",""7101a133""",,,,
7101a022,2,6000,[],0,0,[],1,1,1,,,,,被动效果：普通攻击变为；对前排敌人造成600%攻击伤害，额外造成目标生命上限12%的伤害（不超过攻击的1500%），提高自身15%免控率3回合,"""7101a203"",""7101a213""",,,,
22085002,2,1000,[],0,0,[],1,1,0,"pos,asc",1,,,对单个敌人造成100%伤害,,,,,
22086002,2,1000,[],0,0,[],1,1,0,"pos,asc",1,,,对单个敌人造成100%伤害,,,,,
22085012,2,160,[],0,0,[],1,1,0,rand,2,,,怒气技能：对随机2名敌人造成160%攻击力伤害，并70%对其中一人释放变羊术（变羊术：目标变成羊，被变羊的目标无法进行攻击，受到3次怒气技能或普通攻击后解除效果；攻守互换：可用于触发被动技能）,"""22085103""",,,,
22086012,2,220,[],0,0,[],1,1,0,rand,2,,,怒气技能：对随机2名敌人造成220%攻击力伤害，并100%对其中一人释放变羊术（变羊术：目标变成羊，被变羊的目标无法进行攻击，受到3次怒气技能或普通攻击后解除效果；攻守互换：可用于触发被动技能）,"""22086103""",,,,
2208a012,2,2800,[],0,0,[],1,1,0,rand,2,,,怒气技能：对随机2名敌人造成280%攻击力伤害，并100%对其中一人释放变羊术，有60%概率对另外一人释放变羊术；自身获得2层攻守互换（变羊术：目标变成羊，被变羊的目标无法进行攻击，受到3次怒气技能或普通攻击后解除效果；攻守互换：可用于触发被动技能）,"""2208a103"",""2208a113"",""2208a123""",,,,
2208a022,2,1000,[],0,0,[],1,1,0,rand,1,,,被动效果：普通攻击变为对随机1名敌人造成100%攻击伤害，有48%概率释放变羊术；战斗开始时，获得3层攻守互换，回合结束时，获得1层攻守转换，有50%概率获得额外1层攻守互换，,"""2208a333""",,,,
