技能id,主体移动到,动画移动方式,动画位置,技能动画,受击特效,技能动画2,受击特效2,是否有动作2,屏幕震动等级,音效,施法动画,文字泡,频率,层级,是否特殊,
xuanyun,0,none,3,buff_xuanyun,,,,0,0,,,,1,98,0,
bingdong,0,none,3,buff_bingdong,,,,0,0,,,,1,1,0,
chenmo,0,none,3,buff_chenmo,,,,0,0,,,,1,97,0,
guanxingsign,0,none,3,buff_guanxinzhe,,,,0,0,,,,1,0,0,
roundsign,0,none,3,buff_huihe,,,,0,0,,,,1,0,0,
shandiansign,0,none,3,buff_shandian,,,,0,0,,,,1,0,0,
baojisign,0,none,3,buff_baoji,,,,0,0,,,,1,0,0,
fuhuo,0,none,3,skilljson_fuhuo,,,,0,0,,,,1,99,0,
mubei,0,none,3,skilljson_mubei,,,,0,0,,,,1,0,0,
jinmo,0,none,3,buff_chenmo,,,,0,0,,,,1,0,0,
hudun,0,none,3,buff_hudun,,,,0,0,,,,1,3,0,
hudun2,0,none,3,buff_hudun,,,,0,0,,,,1,3,0,
zhuoshao,0,none,3,buff_huo,,,,0,0,,,,1,5,0,
liuxue,0,none,3,buff_liuxue,,,,0,0,,,,1,4,0,
zhongdu,0,none,3,buff_zhongdu,,,,0,0,,,,1,6,0,
junhengsign,0,none,3,skilljson_guangfa_debuff,,,,0,0,,,,1,7,0,
bind,0,none,3,buff_zhongzi,,,,0,0,,,,1,8,0,
resistarmer,0,none,3,buff_dikang,,,,0,0,,,,1,9,0,
reflectarmer,0,none,3,buff_fanshe,,,,0,0,,,,1,10,0,
zmlj,0,none,3,buff_zuzhou,,,,0,0,,,,1,11,0,
emosign,0,none,3,buff_tuteng,,,,0,0,,,,1,12,0,
uncontrolhudun,0,none,3,buff_mofahudun,,,,0,0,,,,1,13,0,
zysp,0,none,3,buff_xkzs_zysp,,,,0,0,,,,1,14,0,
zysh,0,none,3,buff_xkzs_zysh,,,,0,0,,,,1,15,0,
zrzl,0,none,3,bf_zrck_sx,,,,0,0,,,,1,16,0,
1,3,none,2,skilljson_zhuangji0,,,,0,0,sklsound_01,,,1,0,0,
2,0,bullet,2,skilljson_huiqiu1,skilljson_huiqiu0,,,0,0,sklsound_02,,,1,0,0,
3,0,none,2,skilljson_xiaohuozhu1,,,,0,0,sklsound_03,,,1,0,0,
4,3,none,3,skilljson_pikanattack1,skilljson_pikanattack0,,,0,0,sklsound_04,,,1,0,0,
5,0,none,2,skilljson_xiaohuoqiu1,,,,0,0,sklsound_05,,,1,0,0,
6,0,shape,2,skilljson_shexianattack1,skilljson_xiaobingattack0,,,0,0,sklsound_06,,,1,0,0,
7,0,none,2,skilljson_baozhaattack1,,,,0,0,sklsound_07,,,1,0,0,
8,0,bullet,2,skilljson_shejian1,skilljson_shejian0,,,0,0,sklsound_08,,,1,0,0,
9,3,none,3,skilljson_pikanattack1,skilljson_pikanattack0,,,0,0,sklsound_04,,,1,0,0,
10,0,bullet,2,skilljson_shejian1,skilljson_shejian0,,,0,0,sklsound_08,,,1,0,0,
11,3,none,2,skilljson_honglianqishi1,,,,0,,sklsound_04,,,1,0,0,
12,0,bullet,2,skilljson_kalinna,skilljson_kalinnajizhong,,,0,0,sklsound_02,,,1,0,0,
13,0,bullet,2,skilljson_shejian1,skilljson_shejian0,,,0,0,sklsound_08,,,1,0,0,
14,0,none,3,skilljson_duyegongji,skilljson_duyeshouji,,,0,0,sklsound_04,,,1,0,0,
15,0,none,2,skilljson_guangsu1,,,,0,0,sklsound_03,,,1,0,0,
16,0,bullet,2,skilljson_diyuquanshigongji,skilljson_diyuquanshishouji,,,0,0,sklsound_01,,,1,0,0,
17,3,none,2,skilljson_duoluodoushenggongji,,,,0,0,sklsound_04,,,1,0,0,
18,3,none,2,skilljson_xienengzhanshigongji,,,,0,0,sklsound_04,,,1,0,0,
19,0,shape,2,skilljson_xienengjiguang1,skilljson_xienengjiguang0,,,0,1,sklsound_18,,,1,0,0,
20,0,none,2,skilljson_baozhaattack1,,,,0,0,sklsound_07,,,1,0,0,
1000012,0,none,1,ani_boss_dls,,,,0,5,sklsound_02,,"""img_mw11"",""img_mw12"",""img_mw13""",1,0,0,
1000022,0,none,1,ani_boss_dh,,,,0,0,sklsound_02,,"""img_mw21"",""img_mw22"",""img_mw23""",1,0,0,
1000032,3,none,2,skilljson_zhongji0,,,,0,1,sklsound_09,,,1,0,0,
1000042,0,none,2,ani_boss_wllz,,,,0,5,sklsound_34,,"""img_mw31"",""img_mw32"",""img_mw33""",1,0,0,
1000052,3,none,2,skilljson_zhongji0,,,,0,1,sklsound_09,,,1,0,0,
1000062,3,none,2,skilljson_zhuangji0,,,,0,0,sklsound_01,,,1,0,0,
1000072,0,bullet,2,skilljson_dahuoqiu1,skilljson_dahuoqiu0,,,0,1,sklsound_17,,,1,0,0,
1000082,0,none,full,skilljson_zhangyu_jn,,,,0,3,sklsound_48,,,4,0,0,
1100114,0,none,3,ani_daluosi_bianshen,,,,0,3,,,,1,0,0,
1500002,0,none,2,skilljson_dk_pifu2,,,,0,5,sklsound_34,,,1,0,0,
1510002,0,shape,2,skilljson_heifeng_pifu,skilljson_heifeng_pifu1,,,0,3,sklsound_37,,,1,0,0,
1520012,3,none,3,skilljson_duyegongji,skilljson_duyeshouji,,,0,0,sklsound_04,,,1,0,0,
1530012,0,none,2,skilljson_ancipf_jnbd,,,,0,3,sklsound_32,,,1,0,0,
1540012,0,none,2,skilljson_sheji0,,,,0,0,sklsound_01,,,1,0,0,
1550002,0,none,2,skilljson_nainiu_jn,,,,0,3,sklsound_36,,,1,0,0,
11011012,3,none,2,skilljson_zhongji0,,,,0,1,sklsound_09,,,1,0,0,
11023012,0,none,2,skilljson_shitu1,,,,0,1,sklsound_10,,,1,0,0,
11033012,0,bullet,2,skilljson_hanbingqiu1,skilljson_hanbingqiu0,,,0,1,sklsound_36,,,1,0,0,
11044012,3,none,3,skilljson_pikan1,skilljson_pikan0,,,0,1,sklsound_12,,,1,0,0,
11045012,3,none,3,skilljson_pikan1,skilljson_pikan0,,,0,1,sklsound_12,,,1,0,0,
11054012,0,none,2,skilljson_liuxingyu1,,,,0,1,sklsound_13,,,1,0,0,
11055012,0,none,2,skilljson_liuxingyu1,,,,0,1,sklsound_13,,,1,0,0,
11064012,0,none,2,skilljson_fushi1,,,,0,2,sklsound_14,,,1,0,0,
11065012,0,none,2,skilljson_fushi1,,,,0,1,sklsound_14,,,1,0,0,
11075012,0,bullet,2,skilljson_hanbingqiu1,skilljson_hanbingqiu0,,,0,1,sklsound_36,,,1,0,0,
11076012,0,bullet,2,skilljson_hanbingqiu1,skilljson_hanbingqiu0,,,0,2,sklsound_36,,,1,0,0,
11085012,3,none,3,skilljson_zhongpikan1,skilljson_zhongpikan0,,,0,1,sklsound_34,,,1,0,0,
11086012,3,none,3,skilljson_zhongpikan1,skilljson_zhongpikan0,,,0,2,sklsound_34,,,1,0,0,
12013012,0,none,2,skilljson_baopo1,,,,0,1,sklsound_21,,,1,0,0,
12024012,0,none,2,skilljson_bingjianyu1,,,,0,1,sklsound_26,,,1,0,0,
12025012,0,none,2,skilljson_bingjianyu1,,,,0,1,sklsound_26,,,1,0,0,
12026012,0,none,2,skilljson_bingjianyu1,,,,0,2,sklsound_26,,,1,0,0,
12035012,0,shape,2,skilljson_anyingsiguang1,skilljson_anyingsiguang0,,,0,1,sklsound_38,,,1,0,0,
12036012,0,shape,2,skilljson_anyingsiguang1,skilljson_anyingsiguang0,,,0,2,sklsound_38,,,1,0,0,
13012012,0,none,2,skilljson_liuxingyu1,,,,0,1,sklsound_13,,,1,0,0,
13023012,0,shape,2,skilljson_siwangjiguang1,skilljson_siwangjiguang0,,,0,1,sklsound_19,,,1,0,0,
13034012,0,shape,2,skilljson_siwangjiguang1,skilljson_siwangjiguang0,,,0,1,sklsound_19,,,1,0,0,
13035012,0,shape,2,skilljson_siwangjiguang1,skilljson_siwangjiguang0,,,0,1,sklsound_19,,,1,0,0,
13036012,0,shape,2,skilljson_siwangjiguang1,skilljson_siwangjiguang0,,,0,2,sklsound_19,,,1,0,0,
13045012,0,bullet,2,skilljson_anyingleidian1,skilljson_anyingleidian0,,,0,1,sklsound_43,,,1,0,0,
13045112,0,bullet,2,skilljson_huiqiu1,skilljson_huiqiu0,,,0,1,sklsound_02,,,1,0,0,
13046012,0,bullet,2,skilljson_anyingleidian1,skilljson_anyingleidian0,,,0,2,sklsound_43,,,1,0,0,
13046112,0,bullet,2,skilljson_huiqiu1,skilljson_huiqiu0,,,0,1,sklsound_02,,,1,0,0,
14013012,3,none,2,skilljson_zhongji0,,,,0,1,sklsound_09,,,1,0,0,
14024012,0,none,2,skilljson_baopo1,,,,0,1,sklsound_21,,,1,0,0,
14025012,0,none,2,skilljson_baopo1,,,,0,1,sklsound_21,,,1,0,0,
14026012,0,none,2,skilljson_baopo1,,,,0,2,sklsound_21,,,1,0,0,
14035012,0,none,2,skilljson_lianhuanbaopo1,,,,0,1,sklsound_39,,,1,0,0,
14035212,0,none,2,skilljson_baozhaattack1,,,,0,1,sklsound_07,,,1,0,0,
14036012,0,none,2,skilljson_lianhuanbaopo1,,,,0,2,sklsound_39,,,1,0,0,
14036212,0,none,2,skilljson_baozhaattack1,,,,0,1,sklsound_07,,,1,0,0,
14045012,0,bullet,2,skilljson_banyuezhan1,skilljson_banyuezhan0,,,0,1,sklsound_banyuezhan,,,1,0,0,
14046012,0,bullet,2,skilljson_banyuezhan1,skilljson_banyuezhan0,,,0,2,sklsound_banyuezhan,,,1,0,0,
15014012,0,bullet,2,skilljson_xuetuan1,skilljson_xuetuan0,,,0,1,sklsound_24,,,1,0,0,
15015012,0,bullet,2,skilljson_xuetuan1,skilljson_xuetuan0,,,0,1,sklsound_24,,,1,0,0,
15024012,0,none,2,skilljson_fushi1,,,,0,1,sklsound_14,,,1,0,0,
15025012,0,none,2,skilljson_fushi1,,,,0,1,sklsound_14,,,1,0,0,
15035012,0,bullet,2,skilljson_siwanganjian1,skilljson_siwanganjian0,,,0,1,sklsound_40,,,1,0,0,
15036012,0,bullet,2,skilljson_siwanganjian1,skilljson_siwanganjian0,,,0,2,sklsound_40,,,1,0,0,
21014012,0,none,2,skilljson_leidian1,,,,0,1,sklsound_16,,,1,0,0,
21015012,0,none,2,skilljson_leidian1,,,,0,1,sklsound_16,,,1,0,0,
21024012,0,none,2,skilljson_shitu1,,,,0,1,sklsound_10,,,1,0,0,
21025012,0,none,2,skilljson_shitu1,,,,0,1,sklsound_10,,,1,0,0,
21034012,3,none,3,skilljson_pikan1,skilljson_pikan0,,,0,1,sklsound_12,,,1,0,0,
21035012,3,none,3,skilljson_pikan1,skilljson_pikan0,,,0,1,sklsound_12,,,1,0,0,
21036012,3,none,3,skilljson_pikan1,skilljson_pikan0,,,0,2,sklsound_12,,,1,0,0,
21045012,0,none,2,skilljson_liuxingbaofengyu1,,,,0,1,sklsound_35,,,1,0,0,
21046012,0,none,2,skilljson_liuxingbaofengyu1,,,,0,2,sklsound_35,,,1,0,0,
22012012,0,bullet,2,skilljson_dahuoqiu1,skilljson_dahuoqiu0,,,0,1,sklsound_17,,,1,0,0,
22024012,0,bullet,2,skilljson_dahuoqiu1,skilljson_dahuoqiu0,,,0,1,sklsound_17,,,1,0,0,
22025012,0,bullet,2,skilljson_dahuoqiu1,skilljson_dahuoqiu0,,,0,1,sklsound_17,,,1,0,0,
22025212,0,bullet,2,skilljson_huiqiu1,skilljson_huiqiu0,,,0,1,sklsound_02,,,1,0,0,
22034012,0,none,2,skilljson_bingjianyu1,,,,0,1,sklsound_26,,,1,0,0,
22035012,0,none,2,skilljson_bingjianyu1,,,,0,1,sklsound_26,,,1,0,0,
22036012,0,none,2,skilljson_bingjianyu1,,,,0,2,sklsound_26,,,1,0,0,
22045012,0,none,2,skilljson_lianhuanbaopo1,,,,0,1,sklsound_39,,,1,0,0,
22046012,0,none,2,skilljson_lianhuanbaopo1,,,,0,2,sklsound_39,,,1,0,0,
22055012,0,bullet,2,skilljson_hanbingqiu1,skilljson_hanbingqiu0,,,0,1,sklsound_36,,,1,0,0,
22056012,0,bullet,2,skilljson_hanbingqiu1,skilljson_hanbingqiu0,,,0,2,sklsound_36,,,1,0,0,
23013012,0,shape,2,skilljson_xienengjiguang1,skilljson_xienengjiguang0,,,0,1,sklsound_18,,,1,0,0,
23023012,0,none,2,skilljson_haohuoqiu1,,,,0,1,sklsound_20,,,1,0,0,
23035012,0,none,2,skilljson_bingjianyu1,,,,0,1,sklsound_26,,,1,0,0,
23036012,0,none,2,skilljson_bingjianyu1,,,,0,2,sklsound_26,,,1,0,0,
24013012,0,none,2,skilljson_fushi1,,,,0,1,sklsound_14,,,1,0,0,
24024012,0,none,2,skilljson_haohuoqiu1,,,,0,1,sklsound_20,,,1,0,0,
24025012,0,none,2,skilljson_haohuoqiu1,,,,0,1,sklsound_20,,,1,0,0,
24026012,0,none,2,skilljson_haohuoqiu1,,,,0,2,sklsound_20,,,1,0,0,
24035012,0,bullet,2,skilljson_hanbingqiu1,skilljson_hanbingqiu0,,,0,1,sklsound_36,,,1,0,0,
24036012,0,bullet,2,skilljson_hanbingqiu1,skilljson_hanbingqiu0,,,0,2,sklsound_36,,,1,0,0,
24036312,0,bullet,2,skilljson_huiqiu1,skilljson_huiqiu0,,,0,1,sklsound_02,,,1,0,0,
25011012,3,none,2,skilljson_zhongji0,,,,0,1,sklsound_09,,,1,0,0,
25023012,0,bullet,2,skilljson_dahuoqiu1,skilljson_dahuoqiu0,,,0,1,sklsound_17,,,1,0,0,
25033012,0,none,2,skilljson_bingjianyu1,,,,0,1,sklsound_26,,,1,0,0,
25044012,0,bullet,2,skilljson_sheji1,skilljson_sheji0,,,0,1,sklsound_27,,,1,0,0,
25045012,0,bullet,2,skilljson_sheji1,skilljson_sheji0,,,0,1,sklsound_27,,,1,0,0,
25054012,0,none,2,skilljson_leidian1,,,,0,1,sklsound_16,,,1,0,0,
25055012,0,none,2,skilljson_leidian1,,,,0,1,sklsound_16,,,1,0,0,
25065012,0,bullet,2,skilljson_hanbingqiu1,skilljson_hanbingqiu0,,,0,1,sklsound_36,,,1,0,0,
25066012,0,bullet,2,skilljson_hanbingqiu1,skilljson_hanbingqiu0,,,0,2,sklsound_36,,,1,0,0,
25075012,0,none,2,skilljson_lianhuanbaopo1,,,,0,1,sklsound_39,,,1,0,0,
25075312,0,none,2,skilljson_baozhaattack1,,,,0,1,sklsound_07,,,1,0,0,
25076012,0,none,2,skilljson_lianhuanbaopo1,,,,0,2,sklsound_39,,,1,0,0,
25076312,0,none,2,skilljson_baozhaattack1,,,,0,1,sklsound_07,,,1,0,0,
31012012,3,none,2,skilljson_zhongji0,,,,0,1,sklsound_09,,,1,0,0,
31023012,3,none,2,skilljson_zhongji0,,,,0,1,sklsound_09,,,1,0,0,
31033012,3,none,2,skilljson_zhongji0,,,,0,1,sklsound_09,,,1,0,0,
31044012,0,bullet,2,skilljson_dahuoqiu1,skilljson_dahuoqiu0,,,0,1,sklsound_17,,,1,0,0,
31045012,0,bullet,2,skilljson_dahuoqiu1,skilljson_dahuoqiu0,,,0,1,sklsound_17,,,1,0,0,
31054012,0,none,2,skilljson_anyingqiu1,,,,0,1,sklsound_29,,,1,0,0,
31055012,0,none,2,skilljson_anyingqiu1,,,,0,1,sklsound_29,,,1,0,0,
31064012,0,bullet,2,skilljson_xuetuan1,skilljson_xuetuan0,,,0,1,sklsound_24,,,1,0,0,
31065012,0,bullet,2,skilljson_xuetuan1,skilljson_xuetuan0,,,0,1,sklsound_24,,,1,0,0,
31075012,0,none,2,skilljson_liuxingbaofengyu1,,,,0,1,sklsound_yanqiangbaolie,,,1,0,0,
31076012,0,none,2,skilljson_liuxingbaofengyu1,,,,0,2,sklsound_yanqiangbaolie,,,1,0,0,
31085012,0,bullet,2,skilljson_anyingleidian1,skilljson_anyingleidian0,,,0,1,sklsound_43,,,1,0,0,
31086012,0,bullet,2,skilljson_anyingleidian1,skilljson_anyingleidian0,,,0,2,sklsound_43,,,1,0,0,
31095012,0,none,2,skilljson_honglianqishi2,,,,0,1,sklsound_15,,,1,0,0,
31096012,0,none,2,skilljson_honglianqishi2,,,,0,2,sklsound_15,,,1,0,0,
3109a012,0,none,2,skilljson_honglianqishi2,,,,0,3,sklsound_15,,,1,0,0,
32011012,0,bullet,2,skilljson_dahuoqiu1,skilljson_dahuoqiu0,,,0,1,sklsound_17,,,1,0,0,
32023012,0,none,2,skilljson_huozhu1,,,,0,1,sklsound_11,,,1,0,0,
32034012,0,shape,2,skilljson_xienengjiguang1,skilljson_xienengjiguang0,,,0,1,sklsound_18,,,1,0,0,
32035012,0,shape,2,skilljson_xienengjiguang1,skilljson_xienengjiguang0,,,0,1,sklsound_18,,,1,0,0,
32036012,0,shape,2,skilljson_xienengjiguang1,skilljson_xienengjiguang0,,,0,2,sklsound_18,,,1,0,0,
32044012,0,bullet,2,skilljson_xuetuan1,skilljson_xuetuan0,,,0,1,sklsound_24,,,1,0,0,
32045012,0,bullet,2,skilljson_xuetuan1,skilljson_xuetuan0,,,0,1,sklsound_24,,,1,0,0,
32046012,0,bullet,2,skilljson_xuetuan1,skilljson_xuetuan0,,,0,2,sklsound_24,,,1,0,0,
32055012,0,none,2,skilljson_lianhuanbaopo1,,,,0,1,sklsound_39,,,1,0,0,
32056012,0,none,2,skilljson_lianhuanbaopo1,,,,0,2,sklsound_39,,,1,0,0,
33014012,0,none,2,skilljson_liuxingyu1,,,,0,1,sklsound_13,,,1,0,0,
33015012,0,none,2,skilljson_liuxingyu1,,,,0,1,sklsound_13,,,1,0,0,
33024012,0,shape,2,skilljson_xienengjiguang1,skilljson_xienengjiguang0,,,0,1,sklsound_18,,,1,0,0,
33025012,0,shape,2,skilljson_xienengjiguang1,skilljson_xienengjiguang0,,,0,1,sklsound_18,,,1,0,0,
33026012,0,shape,2,skilljson_xienengjiguang1,skilljson_xienengjiguang0,,,0,2,sklsound_18,,,1,0,0,
34014012,0,none,2,skilljson_fushi1,,,,0,1,sklsound_14,,,1,0,0,
34015012,0,none,2,skilljson_fushi1,,,,0,1,sklsound_14,,,1,0,0,
34025012,0,none,2,skilljson_anyingqiu1,,,,0,1,sklsound_29,,,1,0,0,
34026012,0,none,2,skilljson_anyingqiu1,,,,0,2,sklsound_29,,,1,0,0,
34026312,0,none,2,skilljson_baozhaattack1,,,,0,1,sklsound_07,,,1,0,0,
35013012,0,bullet,2,skilljson_siwangheiqiu1,skilljson_siwangheiqiu0,,,0,1,sklsound_25,,,1,0,0,
35023012,0,bullet,2,skilljson_dahuoqiu1,skilljson_dahuoqiu0,,,0,1,sklsound_17,,,1,0,0,
35035012,0,bullet,2,skilljson_lierensheji1,skilljson_lierensheji0,,,0,1,sklsound_33,,,1,0,0,
35036012,0,bullet,2,skilljson_lierensheji1,skilljson_lierensheji0,,,0,2,sklsound_33,,,1,0,0,
35045012,0,none,2,skilljson_anyingqiu1,,,,0,1,sklsound_29,,,1,0,0,
35046012,0,none,2,skilljson_anyingqiu1,,,,0,2,sklsound_29,,,1,0,0,
41013012,0,none,2,skilljson_haohuoqiu1,,,,0,1,sklsound_20,,,1,0,0,
41023012,1,none,3,skilljson_pikan1,skilljson_pikan0,,,0,1,sklsound_12,,,1,0,0,
41034012,0,none,2,skilljson_baopo1,,,,0,1,sklsound_21,,,1,0,0,
41035012,0,none,2,skilljson_baopo1,,,,0,1,sklsound_21,,,1,0,0,
41044012,0,bullet,2,skilljson_xuetuan1,skilljson_xuetuan0,,,0,1,sklsound_24,,,1,0,0,
41045012,0,bullet,2,skilljson_xuetuan1,skilljson_xuetuan0,,,0,1,sklsound_24,,,1,0,0,
41055012,0,none,2,skilljson_liuxingbaofengyu1,,,,0,1,sklsound_35,,,1,0,0,
41056012,0,none,2,skilljson_liuxingbaofengyu1,,,,0,2,sklsound_35,,,1,0,0,
41065012,0,none,2,skilljson_lianhuanbaopo1,,,,0,1,sklsound_39,,,1,0,0,
41066012,0,none,2,skilljson_lianhuanbaopo1,,,,0,2,sklsound_39,,,1,0,0,
42015012,0,none,2,skilljson_siwangshandian1,,,,0,1,sklsound_37,,,1,0,0,
42015112,0,none,2,skilljson_xiaohuoqiu1,,,,0,1,sklsound_05,,,1,0,0,
42016012,0,none,2,skilljson_siwangshandian1,,,,0,2,sklsound_37,,,1,0,0,
42016112,0,none,2,skilljson_xiaohuoqiu1,,,,0,1,sklsound_05,,,1,0,0,
43012012,0,none,2,skilljson_leidian1,,,,0,1,sklsound_16,,,1,0,0,
43023012,0,none,2,skilljson_lvguangtuan1,,,,0,1,sklsound_30,,,1,0,0,
43034012,0,shape,2,skilljson_dabing1,skilljson_dabing0,,,0,1,sklsound_15,,,1,0,0,
43035012,0,shape,2,skilljson_dabing1,skilljson_dabing0,,,0,1,sklsound_15,,,1,0,0,
43044012,0,shape,2,skilljson_guangxian1,skilljson_guangxian0,,,0,1,sklsound_28,,,1,0,0,
43045012,0,shape,2,skilljson_guangxian1,skilljson_guangxian0,,,0,1,sklsound_28,,,1,0,0,
43046012,0,shape,2,skilljson_guangxian1,skilljson_guangxian0,,,0,2,sklsound_28,,,1,0,0,
43054012,0,none,2,skilljson_guangbao1,,,,0,1,sklsound_23,,,1,0,0,
43055012,0,none,2,skilljson_guangbao1,,,,0,1,sklsound_23,,,1,0,0,
43056012,0,none,2,skilljson_guangbao1,,,,0,2,sklsound_23,,,1,0,0,
43065012,0,none,2,skilljson_ziranlvdong,,,,0,1,sklsound_28,,,1,0,0,
43066012,0,none,2,skilljson_ziranlvdong,,,,0,1,sklsound_28,,,1,0,0,
4306a012,0,none,2,skilljson_ziranlvdong,,,,0,2,sklsound_28,,,1,0,0,
44011012,3,none,3,skilljson_pikan1,skilljson_pikan0,,,0,1,sklsound_12,,,1,0,0,
44024012,0,none,2,skilljson_liuxingyu1,,,,0,1,sklsound_13,,,1,0,0,
44024212,0,none,2,skilljson_xiaohuoqiu1,,,,0,1,sklsound_05,,,1,0,0,
44025012,0,none,2,skilljson_liuxingyu1,,,,0,1,sklsound_13,,,1,0,0,
44025212,0,none,2,skilljson_xiaohuoqiu1,,,,0,1,sklsound_05,,,1,0,0,
44034012,3,none,3,skilljson_pikan1,skilljson_pikan0,,,0,1,sklsound_12,,,1,0,0,
44034212,3,none,3,skilljson_pikanattack1,skilljson_pikanattack0,,,0,1,sklsound_04,,,1,0,0,
44035012,3,none,3,skilljson_pikan1,skilljson_pikan0,,,0,1,sklsound_12,,,1,0,0,
44035212,3,none,3,skilljson_pikanattack1,skilljson_pikanattack0,,,0,1,sklsound_04,,,1,0,0,
44036012,3,none,3,skilljson_pikan1,skilljson_pikan0,,,0,2,sklsound_12,,,1,0,0,
44036212,3,none,3,skilljson_pikanattack1,skilljson_pikanattack0,,,0,1,sklsound_04,,,1,0,0,
44045012,0,none,2,skilljson_siwangshandian1,,,,0,1,sklsound_37,,,1,0,0,
44045212,0,none,2,skilljson_xiaohuoqiu1,,,,0,1,sklsound_05,,,1,0,0,
44046012,0,none,2,skilljson_siwangshandian1,,,,0,2,sklsound_37,,,1,0,0,
44046212,0,none,2,skilljson_xiaohuoqiu1,,,,0,1,sklsound_05,,,1,0,0,
45013012,0,none,2,skilljson_aoshuhongzha1,,,,0,1,sklsound_31,,,1,0,0,
45023012,0,none,2,skilljson_baopo1,,,,0,1,sklsound_21,,,1,0,0,
45034012,0,bullet,2,skilljson_biaoqiang1,skilljson_biaoqiang0,,,0,1,sklsound_32,,,1,0,0,
45035012,0,bullet,2,skilljson_biaoqiang1,skilljson_biaoqiang0,,,0,1,sklsound_32,,,1,0,0,
45045012,0,bullet,2,skilljson_feifuchongji1,skilljson_feifuchongji0,,,0,1,sklsound_44,,,1,0,0,
45046012,0,bullet,2,skilljson_feifuchongji1,skilljson_feifuchongji0,,,0,2,sklsound_44,,,1,0,0,
45055012,0,bullet,2,skilljson_shengmingjian1,skilljson_shengmingjian0,,,0,1,sklsound_41,,,1,0,0,
45056012,0,bullet,2,skilljson_shengmingjian1,skilljson_shengmingjian0,,,0,2,sklsound_41,,,1,0,0,
51015012,0,none,2,skilljson_lianhuanbaopo1,,,,0,1,sklsound_39,,,1,0,0,
51016012,0,none,2,skilljson_lianhuanbaopo1,,,,0,2,sklsound_39,,,1,0,0,
52013012,0,bullet,2,skilljson_xuetuan1,skilljson_xuetuan0,,,0,1,sklsound_24,,,1,0,0,
52024012,0,bullet,2,skilljson_siwangheiqiu1,skilljson_siwangheiqiu0,,,0,1,sklsound_25,,,1,0,0,
52025012,0,bullet,2,skilljson_siwangheiqiu1,skilljson_siwangheiqiu0,,,0,1,sklsound_25,,,1,0,0,
52034012,0,none,2,skilljson_liuxingyu1,,,,0,1,sklsound_13,,,1,0,0,
52035012,0,none,2,skilljson_liuxingyu1,,,,0,1,sklsound_13,,,1,0,0,
52045012,0,bullet,2,skilljson_anyingleidian1,skilljson_anyingleidian0,,,0,1,sklsound_43,,,1,0,0,
52046012,0,bullet,2,skilljson_anyingleidian1,skilljson_anyingleidian0,,,0,2,sklsound_43,,,1,0,0,
53014012,0,none,2,skilljson_baopo1,,,,0,1,sklsound_21,,,1,0,0,
53015012,0,none,2,skilljson_baopo1,,,,0,1,sklsound_21,,,1,0,0,
53016012,0,none,2,skilljson_baopo1,,,,0,2,sklsound_21,,,1,0,0,
61014012,0,none,2,skilljson_riguangshu1,,,,0,1,sklsound_22,,,1,0,0,
61015012,0,none,2,skilljson_riguangshu1,,,,0,1,sklsound_22,,,1,0,0,
61025012,0,none,2,skilljson_guangbao1,,,,0,1,sklsound_23,,,1,0,0,
61026012,0,none,2,skilljson_guangbao1,,,,0,2,sklsound_23,,,1,0,0,
62014012,0,none,2,skilljson_guangbao1,,,,0,1,sklsound_23,,,1,0,0,
62015012,0,none,2,skilljson_guangbao1,,,,0,1,sklsound_23,,,1,0,0,
62016012,0,none,2,skilljson_guangbao1,,,,0,2,sklsound_23,,,1,0,0,
63014012,0,shape,2,skilljson_guangxian1,skilljson_guangxian0,,,0,1,sklsound_28,,,1,0,0,
63015012,0,shape,2,skilljson_guangxian1,skilljson_guangxian0,,,0,1,sklsound_28,,,1,0,0,
63025012,0,shape,2,skilljson_shengguangshexian1,skilljson_shengguangshexian0,,,0,1,sklsound_42,,,1,0,0,
63026012,0,shape,2,skilljson_shengguangshexian1,skilljson_shengguangshexian0,,,0,2,sklsound_42,,,1,0,0,
64013012,0,none,2,skilljson_riguangshu1,,,,0,1,sklsound_22,,,1,0,0,
1107a012,0,bullet,2,skilljson_hanbingqiu1,skilljson_hanbingqiu0,,,0,2,sklsound_36,,,1,0,0,
1108a012,3,none,3,skilljson_zhongpikan1,skilljson_zhongpikan0,,,0,2,sklsound_34,,,1,0,0,
1203a012,0,shape,2,skilljson_anyingsiguang1,skilljson_anyingsiguang0,,,0,2,sklsound_38,,,1,0,0,
1304a012,0,bullet,2,skilljson_anyingleidian1,skilljson_anyingleidian0,,,0,2,sklsound_43,,,1,0,0,
1304a112,0,bullet,2,skilljson_huiqiu1,skilljson_huiqiu0,,,0,1,sklsound_02,,,1,0,0,
1403a012,0,none,2,skilljson_lianhuanbaopo1,,,,0,2,sklsound_39,,,1,0,0,
1403a212,0,none,2,skilljson_baozhaattack1,,,,0,1,sklsound_07,,,1,0,0,
1404a012,0,bullet,2,skilljson_banyuezhan1,skilljson_banyuezhan0,,,0,3,sklsound_banyuezhan,,,1,0,0,
1503a012,0,bullet,2,skilljson_siwanganjian1,skilljson_siwanganjian0,,,0,2,sklsound_40,,,1,0,0,
2104a012,0,none,2,skilljson_liuxingbaofengyu1,,,,0,2,sklsound_35,,,1,0,0,
2204a012,0,none,2,skilljson_lianhuanbaopo1,,,,0,2,sklsound_39,,,1,0,0,
2205a012,0,bullet,2,skilljson_hanbingqiu1,skilljson_hanbingqiu0,,,0,2,sklsound_36,,,1,0,0,
2303a012,0,none,2,skilljson_bingjianyu1,,,,0,2,sklsound_26,,,1,0,0,
2403a012,0,bullet,2,skilljson_hanbingqiu1,skilljson_hanbingqiu0,,,0,2,sklsound_36,,,1,0,0,
2403a312,0,bullet,2,skilljson_huiqiu1,skilljson_huiqiu0,,,0,1,sklsound_02,,,1,0,0,
2506a012,0,bullet,2,skilljson_hanbingqiu1,skilljson_hanbingqiu0,,,0,2,sklsound_36,,,1,0,0,
2507a012,0,none,2,skilljson_lianhuanbaopo1,,,,0,2,sklsound_39,,,1,0,0,
2507a312,0,none,2,skilljson_baozhaattack1,,,,0,1,sklsound_07,,,1,0,0,
3107a012,0,none,2,skilljson_liuxingbaofengyu1,,,,0,2,sklsound_35,,,1,0,0,
3108a012,0,bullet,2,skilljson_anyingleidian1,skilljson_anyingleidian0,,,0,2,sklsound_43,,,1,0,0,
3205a012,0,none,2,skilljson_lianhuanbaopo1,,,,0,2,sklsound_39,,,1,0,0,
3402a012,0,none,2,skilljson_anyingqiu1,,,,0,2,sklsound_29,,,1,0,0,
3402a312,0,none,2,skilljson_baozhaattack1,,,,0,1,sklsound_07,,,1,0,0,
3503a012,0,bullet,2,skilljson_lierensheji1,skilljson_lierensheji0,,,0,2,sklsound_33,,,1,0,0,
3504a012,0,none,2,skilljson_anyingqiu1,,,,0,2,sklsound_29,,,1,0,0,
4105a012,0,none,2,skilljson_liuxingbaofengyu1,,,,0,2,sklsound_35,,,1,0,0,
4106a012,0,none,2,skilljson_lianhuanbaopo1,,,,0,2,sklsound_39,,,1,0,0,
4201a012,0,none,2,skilljson_siwangshandian1,,,,0,2,sklsound_37,,,1,0,0,
4201a112,0,none,2,skilljson_xiaohuoqiu1,,,,0,1,sklsound_05,,,1,0,0,
4403a212,3,none,3,skilljson_pikanattack1,skilljson_pikanattack0,,,0,1,sklsound_04,,,1,0,0,
4404a012,0,none,2,skilljson_siwangshandian1,,,,0,2,sklsound_37,,,1,0,0,
4404a212,0,none,2,skilljson_xiaohuoqiu1,,,,0,1,sklsound_05,,,1,0,0,
4504a012,0,bullet,2,skilljson_feifuchongji1,skilljson_feifuchongji0,,,0,2,sklsound_44,,,1,0,0,
4505a012,0,bullet,2,skilljson_shengmingjian1,skilljson_shengmingjian0,,,0,2,sklsound_41,,,1,0,0,
5101a012,0,none,2,skilljson_lianhuanbaopo1,,,,0,2,sklsound_39,,,1,0,0,
5204a012,0,bullet,2,skilljson_anyingleidian1,skilljson_anyingleidian0,,,0,2,sklsound_43,,,1,0,0,
6102a012,0,none,2,skilljson_guangbao1,,,,0,2,sklsound_23,,,1,0,0,
6302a012,0,shape,2,skilljson_shengguangshexian1,skilljson_shengguangshexian0,,,0,2,sklsound_42,,,1,0,0,
55015012,0,bullet,2,skilljson_duyejineng,skilljson_duyejizhong,,,0,2,sklsound_45,,,1,0,0,
55016012,0,bullet,2,skilljson_duyejineng,skilljson_duyejizhong,,,0,2,sklsound_45,,,1,0,0,
5501a012,0,bullet,2,skilljson_duyejineng,skilljson_duyejizhong,,,0,2,sklsound_45,,,1,0,0,
55015232,3,none,3,skilljson_duyegongji,skilljson_duyeshouji,,,0,0,sklsound_04,,,1,0,0,
55016232,3,none,3,skilljson_duyegongji,skilljson_duyeshouji,,,0,0,sklsound_04,,,1,0,0,
5501a232,3,none,3,skilljson_duyegongji,skilljson_duyeshouji,,,0,0,sklsound_04,,,1,0,0,
65015012,0,none,2,skilljson_shenpanzhiren0,,,,0,3,sklsound_46,skilljson_shenpanzhiren1,,1,0,0,
65016012,0,none,2,skilljson_shenpanzhiren0,,,,0,3,sklsound_46,skilljson_shenpanzhiren1,,1,0,0,
6501a012,0,none,2,skilljson_shenpanzhiren0,,,,0,3,sklsound_46,skilljson_shenpanzhiren1,,1,0,0,
22065012,0,none,2,skilljson_huoyanmodaoshi0,,,,0,2,sklsound_35,skilljson_huoyanmodaoshi1,,1,0,0,
22066012,0,none,2,skilljson_huoyanmodaoshi0,,,,0,2,sklsound_35,skilljson_huoyanmodaoshi1,,1,0,0,
2206a012,0,none,2,skilljson_huoyanmodaoshi0,,,,0,3,sklsound_35,skilljson_huoyanmodaoshi1,,1,0,0,
14055012,0,none,3,skilljson_diyuquanshijineng,,,,0,2,sklsound_47,,,3,0,0,
14056012,0,none,3,skilljson_diyuquanshijineng,,,,0,2,sklsound_47,,,3,0,0,
1405a012,0,none,3,skilljson_diyuquanshijineng,,,,0,2,sklsound_47,,,3,0,0,
14055112,0,bullet,2,skilljson_diyuquanshigongji,skilljson_diyuquanshishouji,,,0,0,sklsound_01,,,1,0,0,
14056112,0,bullet,2,skilljson_diyuquanshigongji,skilljson_diyuquanshishouji,,,0,0,sklsound_01,,,1,0,0,
1405a112,0,bullet,2,skilljson_diyuquanshigongji,skilljson_diyuquanshishouji,,,0,0,sklsound_01,,,1,0,0,
55025012,0,none,2,skilljson_duoluodoushengjineng,,,,0,2,sklsound_48,,,1,0,0,
55026012,0,none,2,skilljson_duoluodoushengjineng,,,,0,2,sklsound_48,,,1,0,0,
5502a012,0,none,2,skilljson_duoluodoushengjineng,,,,0,2,sklsound_48,,,1,0,0,
55025112,3,none,2,skilljson_duoluodoushenggongji,,,,0,0,sklsound_04,,,1,0,0,
55026112,3,none,2,skilljson_duoluodoushenggongji,,,,0,0,sklsound_04,,,1,0,0,
5502a112,3,none,2,skilljson_duoluodoushenggongji,,,,0,0,sklsound_04,,,1,0,0,
31105012,0,none,2,skilljson_xienengzhanshijn,,,,0,0,sklsound_41,,,1,0,0,
31106012,0,none,2,skilljson_xienengzhanshijn,,,,0,0,sklsound_41,,,1,0,0,
3110a012,0,none,2,skilljson_xienengzhanshijn,,,,0,0,sklsound_41,,,1,0,0,
31105112,3,none,2,skilljson_xienengzhanshigongji,,,,0,0,sklsound_04,,,1,0,0,
31106112,3,none,2,skilljson_xienengzhanshigongji,,,,0,0,sklsound_04,,,1,0,0,
3110a112,3,none,2,skilljson_xienengzhanshigongji,,,,0,0,sklsound_04,,,1,0,0,
43075012,0,none,2,skilljson_weisajn,,,,0,0,sklsound_36,,,1,0,0,
43076012,0,none,2,skilljson_weisajn,,,,0,0,sklsound_36,,,1,0,0,
4307a012,0,none,2,skilljson_weisajn,,,,0,0,sklsound_36,,,1,0,0,
43075212,0,shape,2,skilljson_xienengjiguang1,skilljson_xienengjiguang0,,,0,1,sklsound_18,,,1,0,0,
43076212,0,shape,2,skilljson_xienengjiguang1,skilljson_xienengjiguang0,,,0,1,sklsound_18,,,1,0,0,
4307a212,0,shape,2,skilljson_xienengjiguang1,skilljson_xienengjiguang0,,,0,1,sklsound_18,,,1,0,0,
64025002,3,none,2,skilljson_guangci_ptgj,,,,0,0,sklsound_01,,,1,0,0,
64026002,3,none,2,skilljson_guangci_ptgj,,,,0,0,sklsound_01,,,1,0,0,
64025112,3,none,2,skilljson_guangci_ptgj,,,,0,0,sklsound_01,,,1,0,0,
64026112,3,none,2,skilljson_guangci_ptgj,,,,0,0,sklsound_01,,,1,0,0,
6402a112,3,none,2,skilljson_guangci_ptgj,,,,0,0,sklsound_01,,,1,0,0,
64025012,0,bullet,2,skilljson_guangci_jn,skilljson_guangci_sj,,,0,2,sklsound_43,,,1,0,0,
64026012,0,bullet,2,skilljson_guangci_jn,skilljson_guangci_sj,,,0,2,sklsound_43,,,1,0,0,
6402a012,0,bullet,2,skilljson_guangci_jn,skilljson_guangci_sj,,,0,2,sklsound_43,,,1,0,0,
11085312,3,none,3,skilljson_pikanattack1,skilljson_pikanattack0,,,0,0,sklsound_04,,,1,0,0,
11086312,3,none,3,skilljson_pikanattack1,skilljson_pikanattack0,,,0,0,sklsound_04,,,1,0,0,
1108a312,3,none,3,skilljson_pikanattack1,skilljson_pikanattack0,,,0,0,sklsound_04,,,1,0,0,
21055002,3,none,2,,,,,0,0,sklsound_01,,,1,0,0,
21056002,3,none,2,,,,,0,0,sklsound_01,,,1,0,0,
21055112,3,none,2,,,,,0,0,sklsound_01,,,1,0,0,
21056112,3,none,2,,,,,0,0,sklsound_01,,,1,0,0,
2105a112,3,none,2,,,,,0,0,sklsound_01,,,1,0,0,
21055012,0,none,2,skilljson_aoshuzhanshi_jn,,,,0,2,sklsound_33,,,1,0,0,
21056012,0,none,2,skilljson_aoshuzhanshi_jn,,,,0,2,sklsound_33,,,1,0,0,
2105a012,0,none,2,skilljson_aoshuzhanshi_jn,,,,0,2,sklsound_33,,,1,0,0,
11095002,3,none,2,,,,,0,0,sklsound_04,,,1,0,0,
11096002,3,none,2,,,,,0,0,sklsound_04,,,1,0,0,
11095012,0,none,2,skilljson_wangligzhanshi,,,,0,2,sklsound_31,,,1,0,0,
11096012,0,none,2,skilljson_wangligzhanshi,,,,0,2,sklsound_31,,,1,0,0,
1109a012,0,none,2,skilljson_wangligzhanshi,,,,0,2,sklsound_31,,,1,0,0,
52055002,0,shape,2,skilljson_anfa_ptgj,skilljson_anfa_ptgj_sj,,,0,0,sklsound_18,,,1,0,0,
52056002,0,shape,2,skilljson_anfa_ptgj,skilljson_anfa_ptgj_sj,,,0,0,sklsound_18,,,1,0,0,
52055212,0,shape,2,skilljson_anfa_ptgj,skilljson_anfa_ptgj_sj,,,0,0,sklsound_18,,,1,0,0,
52056212,0,shape,2,skilljson_anfa_ptgj,skilljson_anfa_ptgj_sj,,,0,0,sklsound_18,,,1,0,0,
5205a212,0,shape,2,skilljson_anfa_ptgj,skilljson_anfa_ptgj_sj,,,0,0,sklsound_18,,,1,0,0,
52055012,0,none,2,skilljson_anfa_jn,,,,0,2,sklsound_38,,,1,0,0,
52056012,0,none,2,skilljson_anfa_jn,,,,0,2,sklsound_38,,,1,0,0,
5205a012,0,none,2,skilljson_anfa_jn,,,,0,2,sklsound_38,,,1,0,0,
33035002,0,bullet,2,skilljson_xienengmushi_pgdd,skilljson_xienengmushi_pgbaodian,,,0,0,sklsound_07,,,1,0,0,
33036002,0,bullet,2,skilljson_xienengmushi_pgdd,skilljson_xienengmushi_pgbaodian,,,0,0,sklsound_07,,,1,0,0,
33035102,0,bullet,2,skilljson_xienengmushi_pgdd,skilljson_xienengmushi_pgbaodian,,,0,0,sklsound_07,,,1,0,0,
33036102,0,bullet,2,skilljson_xienengmushi_pgdd,skilljson_xienengmushi_pgbaodian,,,0,0,sklsound_07,,,1,0,0,
3303a102,0,bullet,2,skilljson_xienengmushi_pgdd,skilljson_xienengmushi_pgbaodian,,,0,0,sklsound_07,,,1,0,0,
33035012,0,shape,2,skilljson_xienengmushi_jndandao,skilljson_xienengmushi_jnbaodian,,,0,2,sklsound_43,,,1,0,0,
33036012,0,shape,2,skilljson_xienengmushi_jndandao,skilljson_xienengmushi_jnbaodian,,,0,2,sklsound_43,,,1,0,0,
3303a012,0,shape,2,skilljson_xienengmushi_jndandao,skilljson_xienengmushi_jnbaodian,,,0,2,sklsound_43,,,1,0,0,
44055002,0,bullet,2,skilljson_zirancike_pgdd,skilljson_zirancike_pgbd,,,0,0,sklsound_07,,,1,0,0,
44056002,0,bullet,2,skilljson_zirancike_pgdd,skilljson_zirancike_pgbd,,,0,0,sklsound_07,,,1,0,0,
44055302,0,bullet,2,skilljson_zirancike_pgdd,skilljson_zirancike_pgbd,,,0,0,sklsound_07,,,1,0,0,
44056302,0,bullet,2,skilljson_zirancike_pgdd,skilljson_zirancike_pgbd,,,0,0,sklsound_07,,,1,0,0,
4405a302,0,bullet,2,skilljson_zirancike_pgdd,skilljson_zirancike_pgbd,,,0,0,sklsound_07,,,1,0,0,
44055012,0,bullet,2,skilljson_zirancike_jndd,skilljson_zirancike_jnbd,,,0,2,sklsound_43,,,1,0,0,
44056012,0,bullet,2,skilljson_zirancike_jndd,skilljson_zirancike_jnbd,,,0,2,sklsound_43,,,1,0,0,
4405a012,0,bullet,2,skilljson_zirancike_jndd,skilljson_zirancike_jnbd,,,0,2,sklsound_43,,,1,0,0,
31115002,0,none,2,skilljson_jiansheng_pg,,,,0,0,sklsound_33,,,1,0,0,
31116002,0,none,2,skilljson_jiansheng_pg,,,,0,0,sklsound_33,,,1,0,0,
31115102,0,none,2,skilljson_jiansheng_pg,,,,0,0,sklsound_33,,,1,0,0,
31116102,0,none,2,skilljson_jiansheng_pg,,,,0,0,sklsound_33,,,1,0,0,
3111a102,0,none,2,skilljson_jiansheng_pg,,,,0,0,sklsound_33,,,1,0,0,
31115012,0,none,2,,skilljson_jiansheng_jnbaodian,,,0,2,sklsound_50,,,4,0,0,
31116012,0,none,2,,skilljson_jiansheng_jnbaodian,,,0,2,sklsound_50,,,4,0,0,
3111a012,0,none,2,,skilljson_jiansheng_jnbaodian,,,0,2,sklsound_50,,,4,0,0,
22075002,0,shape,2,ani_aofa_dandao,ani_aofa_baodian,,,0,0,sklsound_27,,,1,0,0,
22076002,0,shape,2,ani_aofa_dandao,ani_aofa_baodian,,,0,0,sklsound_27,,,1,0,0,
22075012,0,shape,2,ani_aofa_skill_dandao,ani_aofa_skill_baodian,,,0,2,sklsound_37,,,2,0,0,
22076012,0,shape,2,ani_aofa_skill_dandao,ani_aofa_skill_baodian,,,0,2,sklsound_37,,,2,0,0,
2207a012,0,shape,2,ani_aofa_skill_dandao,ani_aofa_skill_baodian,,,0,2,sklsound_37,,,2,0,0,
15045002,0,bullet,2,skillani_meidusha_zd,skillani_meidusha_baodian,,,0,0,sklsound_03,,,1,0,0,
15046002,0,bullet,2,skillani_meidusha_zd,skillani_meidusha_baodian,,,0,0,sklsound_03,,,1,0,0,
15045212,0,bullet,2,skillani_meidusha_zd,skillani_meidusha_baodian,,,0,0,sklsound_03,,,1,0,0,
15046212,0,bullet,2,skillani_meidusha_zd,skillani_meidusha_baodian,,,0,0,sklsound_03,,,1,0,0,
1504a212,0,bullet,2,skillani_meidusha_zd,skillani_meidusha_baodian,,,0,0,sklsound_03,,,1,0,0,
15045012,0,none,2,skillani_meidusha_jn,,,,0,2,sklsound_17,,,1,0,0,
15046012,0,none,2,skillani_meidusha_jn,,,,0,2,sklsound_17,,,1,0,0,
1504a012,0,none,2,skillani_meidusha_jn,,,,0,2,sklsound_17,,,1,0,0,
63035002,3,none,2,skillani_guangmu_gongji,,,,0,0,sklsound_02,,,1,0,0,
63036002,3,none,2,skillani_guangmu_gongji,,,,0,0,sklsound_02,,,1,0,0,
63035012,0,none,2,skillani_guangmu_jn,,,,0,2,sklsound_36,,,1,0,0,
63036012,0,none,2,skillani_guangmu_jn,,,,0,2,sklsound_36,,,1,0,0,
6303a012,0,none,2,skillani_guangmu_jn,,,,0,2,sklsound_36,,,1,0,0,
12045002,0,bullet,2,skilljson_wanglingfashi_dandao,skilljson_wanglingfashi_pgbaodian,,,0,0,sklsound_02,,,1,0,0,
12046002,0,bullet,2,skilljson_wanglingfashi_dandao,skilljson_wanglingfashi_pgbaodian,,,0,0,sklsound_02,,,1,0,0,
12045102,0,bullet,2,skilljson_wanglingfashi_dandao,skilljson_wanglingfashi_pgbaodian,,,0,0,sklsound_02,,,1,0,0,
12046102,0,bullet,2,skilljson_wanglingfashi_dandao,skilljson_wanglingfashi_pgbaodian,,,0,0,sklsound_02,,,1,0,0,
1204a102,0,bullet,2,skilljson_wanglingfashi_dandao,skilljson_wanglingfashi_pgbaodian,,,0,0,sklsound_02,,,1,0,0,
12045012,0,none,2,skilljson_wanglingfashi_jn,,,,0,2,sklsound_36,,,1,0,0,
12046012,0,none,2,skilljson_wanglingfashi_jn,,,,0,2,sklsound_36,,,1,0,0,
1204a012,0,none,2,skilljson_wanglingfashi_jn,,,,0,2,sklsound_36,,,1,0,0,
45065002,0,bullet,2,skilljson_ziranyouxia_pgdandao,skilljson_ziranyouxia_pgbaodian,,,0,0,sklsound_03,,,1,0,0,
45066002,0,bullet,2,skilljson_ziranyouxia_pgdandao,skilljson_ziranyouxia_pgbaodian,,,0,0,sklsound_03,,,1,0,0,
45065202,0,bullet,2,skilljson_ziranyouxia_pgdandao,skilljson_ziranyouxia_pgbaodian,,,0,0,sklsound_03,,,1,0,0,
45066202,0,bullet,2,skilljson_ziranyouxia_pgdandao,skilljson_ziranyouxia_pgbaodian,,,0,0,sklsound_03,,,1,0,0,
4506a202,0,bullet,2,skilljson_ziranyouxia_pgdandao,skilljson_ziranyouxia_pgbaodian,,,0,0,sklsound_03,,,1,0,0,
45065012,0,none,2,skilljson_ziranyouxia_jn,,,,0,2,sklsound_46,,,1,0,0,
45066012,0,none,2,skilljson_ziranyouxia_jn,,,,0,2,sklsound_46,,,1,0,0,
4506a012,0,none,2,skilljson_ziranyouxia_jn,,,,0,2,sklsound_46,,,1,0,0,
32065002,0,bullet,2,skilljson_xienengfashi_pgdandao,skilljson_xienengfashi_pgbaodian,,,0,0,sklsound_03,,,1,0,0,
32066002,0,bullet,2,skilljson_xienengfashi_pgdandao,skilljson_xienengfashi_pgbaodian,,,0,0,sklsound_03,,,1,0,0,
32065012,0,shape,2,skilljson_xienengfashi_jn,skilljson_xienengfashi_pgbaodian,,,0,2,sklsound_36,,,2,0,0,
32066012,0,shape,2,skilljson_xienengfashi_jn,skilljson_xienengfashi_pgbaodian,,,0,2,sklsound_36,,,2,0,0,
3206a012,0,shape,2,skilljson_xienengfashi_jn,skilljson_xienengfashi_pgbaodian,,,0,2,sklsound_36,,,2,0,0,
51025002,0,shape,2,skilljson_heilongzhanshi_pgjiguang,skilljson_heilongzhanshi_pgbaodian,,,0,0,sklsound_36,,,1,0,0,
51026002,0,shape,2,skilljson_heilongzhanshi_pgjiguang,skilljson_heilongzhanshi_pgbaodian,,,0,0,sklsound_36,,,1,0,0,
51025202,0,shape,2,skilljson_heilongzhanshi_pgjiguang,skilljson_heilongzhanshi_pgbaodian,,,0,0,sklsound_36,,,1,0,0,
51026202,0,shape,2,skilljson_heilongzhanshi_pgjiguang,skilljson_heilongzhanshi_pgbaodian,,,0,0,sklsound_36,,,1,0,0,
5102a202,0,shape,2,skilljson_heilongzhanshi_pgjiguang,skilljson_heilongzhanshi_pgbaodian,,,0,0,sklsound_36,,,1,0,0,
51025012,0,none,2,skilljson_heilongzhanshi_jn,,,,0,2,sklsound_38,,,1,0,0,
51026012,0,none,2,skilljson_heilongzhanshi_jn,,,,0,2,sklsound_38,,,1,0,0,
5102a012,0,none,2,skilljson_heilongzhanshi_jn,,,,0,2,sklsound_38,,,1,0,0,
24045002,3,none,2,,,,,0,0,sklsound_04,,,1,0,0,
24046002,3,none,2,,,,,0,0,sklsound_04,,,1,0,0,
24045012,3,none,2,,,,,0,2,sklsound_47,,,1,0,0,
24046012,3,none,2,,,,,0,2,sklsound_47,,,1,0,0,
2404a012,3,none,2,,,,,0,2,sklsound_47,,,1,0,0,
35055002,3,none,2,,,,,0,0,sklsound_04,,,1,0,0,
35056002,3,none,2,,,,,0,0,sklsound_04,,,1,0,0,
35055012,0,bullet,2,skilljson_xienengyouxia_jndandao,skilljson_xienengyouxia_jnbaodian,,,0,2,sklsound_24,,,1,0,0,
35056012,0,bullet,2,skilljson_xienengyouxia_jndandao,skilljson_xienengyouxia_jnbaodian,,,0,2,sklsound_24,,,1,0,0,
3505a012,0,bullet,2,skilljson_xienengyouxia_jndandao,skilljson_xienengyouxia_jnbaodian,,,0,2,sklsound_24,,,1,0,0,
11105002,3,none,2,skilljson_wanglingzhanshi_pgbaodian,,,,0,0,sklsound_04,,,1,0,0,
11106002,3,none,2,skilljson_wanglingzhanshi_pgbaodian,,,,0,0,sklsound_04,,,1,0,0,
11105012,0,none,2,skilljson_wanglingzhanshi_jnbaodian,,,,0,2,sklsound_36,,,1,0,0,
11106012,0,none,2,skilljson_wanglingzhanshi_jnbaodian,,,,0,2,sklsound_36,,,1,0,0,
1110a012,0,none,2,skilljson_wanglingzhanshi_jnbaodian,,,,0,2,sklsound_36,,,1,0,0,
62025002,0,bullet,2,skilljson_guangfa_pgdandao,skilljson_guangfa_pgbaodian,,,0,0,sklsound_02,,,1,0,0,
62026002,0,bullet,2,skilljson_guangfa_pgdandao,skilljson_guangfa_pgbaodian,,,0,0,sklsound_02,,,1,0,0,
62025202,0,bullet,2,skilljson_guangfa_pgdandao,skilljson_guangfa_pgbaodian,,,0,0,sklsound_02,,,1,0,0,
62026202,0,bullet,2,skilljson_guangfa_pgdandao,skilljson_guangfa_pgbaodian,,,0,0,sklsound_02,,,1,0,0,
6202a202,0,bullet,2,skilljson_guangfa_pgdandao,skilljson_guangfa_pgbaodian,,,0,0,sklsound_02,,,1,0,0,
62025012,0,none,2,skilljson_guangfa_jnbaodian,,,,0,2,sklsound_33,,,1,0,0,
62026012,0,none,2,skilljson_guangfa_jnbaodian,,,,0,2,sklsound_33,,,1,0,0,
6202a012,0,none,2,skilljson_guangfa_jnbaodian,,,,0,2,sklsound_33,,,1,0,0,
42025002,0,bullet,2,skilljson_zirannvshen_pgdandao,skilljson_zirannvshen_pgbaodian,,,0,0,sklsound_18,,,1,0,0,
42026002,0,bullet,2,skilljson_zirannvshen_pgdandao,skilljson_zirannvshen_pgbaodian,,,0,0,sklsound_18,,,1,0,0,
42025012,0,none,2,skilljson_zirannvshen_jnbaodian,,,,0,2,sklsound_36,,,1,0,0,
42026012,0,none,2,skilljson_zirannvshen_jnbaodian,,,,0,2,sklsound_36,,,1,0,0,
4202a012,0,none,2,skilljson_zirannvshen_jnbaodian,,,,0,2,sklsound_36,,,1,0,0,
25085002,0,bullet,2,skilljson_aoshuyouxia_pgdandao,skilljson_aoshuyouxia_pgbaodian,,,0,0,sklsound_07,,,1,0,0,
25086002,0,bullet,2,skilljson_aoshuyouxia_pgdandao,skilljson_aoshuyouxia_pgbaodian,,,0,0,sklsound_07,,,1,0,0,
25085202,0,bullet,2,skilljson_aoshuyouxia_pgdandao,skilljson_aoshuyouxia_pgbaodian,,,0,0,sklsound_07,,,1,0,0,
25086202,0,bullet,2,skilljson_aoshuyouxia_pgdandao,skilljson_aoshuyouxia_pgbaodian,,,0,0,sklsound_07,,,1,0,0,
2508a202,0,bullet,2,skilljson_aoshuyouxia_pgdandao,skilljson_aoshuyouxia_pgbaodian,,,0,0,sklsound_07,,,1,0,0,
25085012,0,bullet,2,skilljson_aoshuyouxia_jndandao,skilljson_aoshuyouxia_jnbaodian,,,0,2,sklsound_33,,,1,0,0,
25086012,0,bullet,2,skilljson_aoshuyouxia_jndandao,skilljson_aoshuyouxia_jnbaodian,,,0,2,sklsound_33,,,1,0,0,
2508a012,0,bullet,2,skilljson_aoshuyouxia_jndandao,skilljson_aoshuyouxia_jnbaodian,,,0,2,sklsound_33,,,1,0,0,
13055002,0,bullet,2,skilljson_shixianggui_pgdandao,skilljson_shixianggui_pgbaodian,,,0,0,sklsound_03,,,1,0,0,
13056002,0,bullet,2,skilljson_shixianggui_pgdandao,skilljson_shixianggui_pgbaodian,,,0,0,sklsound_03,,,1,0,0,
13055012,0,none,2,skilljson_shixianggui_jnbaodian,,,,0,2,sklsound_20,,,1,0,0,
13056012,0,none,2,skilljson_shixianggui_jnbaodian,,,,0,2,sklsound_20,,,1,0,0,
1305a012,0,none,2,skilljson_shixianggui_jnbaodian,,,,0,2,sklsound_20,,,1,0,0,
41075002,3,none,2,,,,,0,0,sklsound_04,,,1,0,0,
41076002,3,none,2,,,,,0,0,sklsound_04,,,1,0,0,
41075012,0,none,2,skilljson_ziranzhanshi_jnlang,skilljson_ziranzhanshi_jnbaodian,,,0,2,sklsound_34,,,1,0,0,
41076012,0,none,2,skilljson_ziranzhanshi_jnlang,skilljson_ziranzhanshi_jnbaodian,,,0,2,sklsound_34,,,1,0,0,
4107a012,0,none,2,skilljson_ziranzhanshi_jnlang,skilljson_ziranzhanshi_jnbaodian,,,0,2,sklsound_34,,,1,0,0,
53025002,0,bullet,2,skilljson_anmu_pgdandao,skilljson_anmu_pgbaodian,,,0,0,sklsound_34,,,1,0,0,
53026002,0,bullet,2,skilljson_anmu_pgdandao,skilljson_anmu_pgbaodian,,,0,0,sklsound_34,,,1,0,0,
53025012,0,none,1,skilljson_anmu_jnbaozha,,,,0,2,sklsound_34,,,1,0,0,
53026012,0,none,1,skilljson_anmu_jnbaozha,,,,0,2,sklsound_34,,,1,0,0,
5302a012,0,none,1,skilljson_anmu_jnbaozha,,,,0,2,sklsound_34,,,1,0,0,
34035002,3,none,2,,,,,0,0,sklsound_04,,,1,0,0,
34036002,3,none,2,,,,,0,0,sklsound_04,,,1,0,0,
34035012,0,bullet,2,sk_xnck_jndd,sk_xnck_jnbd,,,0,2,sklsound_34,,,1,0,0,
34036012,0,bullet,2,sk_xnck_jndd,sk_xnck_jnbd,,,0,2,sklsound_34,,,1,0,0,
3403a012,0,bullet,2,sk_xnck_jndd,sk_xnck_jnbd,,,0,2,sklsound_34,,,1,0,0,
4_1108001,3,none,3,skilljson_dk_pifu,,,,0,0,sklsound_04,,,2,0,0,
11085312_1108001,3,none,3,skilljson_dk_pifu,,,,0,0,sklsound_04,,,2,0,0,
11086312_1108001,3,none,3,skilljson_dk_pifu,,,,0,0,sklsound_04,,,2,0,0,
1108a312_1108001,3,none,3,skilljson_dk_pifu,,,,0,0,sklsound_04,,,2,0,0,
11085012_1108001,3,none,2,skilljson_dk_pifu2,,,,0,2,sklsound_34,,,1,0,0,
11086012_1108001,3,none,2,skilljson_dk_pifu2,,,,0,2,sklsound_34,,,1,0,0,
1108a012_1108001,3,none,2,skilljson_dk_pifu2,,,,0,2,sklsound_34,,,1,0,0,
18_3110001,3,none,2,,,,,0,0,sklsound_04,,,1,0,0,
31105012_3110001,0,none,2,skilljson_nvjueyz_jn,,,,0,3,sklsound_41,,,1,0,0,
31106012_3110001,0,none,2,skilljson_nvjueyz_jn,,,,0,3,sklsound_41,,,1,0,0,
3110a012_3110001,0,none,2,skilljson_nvjueyz_jn,,,,0,3,sklsound_41,,,1,0,0,
31105112_3110001,3,none,2,,,,,0,0,sklsound_04,,,1,0,0,
31106112_3110001,3,none,2,,,,,0,0,sklsound_04,,,1,0,0,
3110a112_3110001,3,none,2,,,,,0,0,sklsound_04,,,1,0,0,
11_3109001,3,none,2,,,,,0,0,sklsound_04,,,1,0,0,
31095012_3109001,0,shape,2,skilljson_heifeng_pifu,skilljson_heifeng_pifu1,,,0,3,sklsound_37,,,1,0,0,
31096012_3109001,0,shape,2,skilljson_heifeng_pifu,skilljson_heifeng_pifu1,,,0,3,sklsound_37,,,1,0,0,
3109a012_3109001,0,shape,2,skilljson_heifeng_pifu,skilljson_heifeng_pifu1,,,0,3,sklsound_37,,,1,0,0,
14_5501001,3,none,2,,,,,0,0,sklsound_15,,,1,0,0,
55015232_5501001,3,none,2,,,,,0,0,sklsound_15,,,1,0,0,
55016232_5501001,3,none,2,,,,,0,0,sklsound_15,,,1,0,0,
5501a232_5501001,3,none,2,,,,,0,0,sklsound_15,,,1,0,0,
55015012_5501001,0,none,2,skilljson_ancipf_jnbd,,,,0,3,sklsound_32,,,1,0,0,
55016012_5501001,0,none,2,skilljson_ancipf_jnbd,,,,0,3,sklsound_32,,,1,0,0,
5501a012_5501001,0,none,2,skilljson_ancipf_jnbd,,,,0,3,sklsound_32,,,1,0,0,
2_5204001,0,none,2,skilljson_zhangyu_pggj,,,,0,0,sklsound_01,,,1,0,0,
52045012_5204001,0,none,full,skilljson_zhangyu_jn,,,,0,3,sklsound_48,,,4,0,0,
52046012_5204001,0,none,full,skilljson_zhangyu_jn,,,,0,3,sklsound_48,,,4,0,0,
5204a012_5204001,0,none,full,skilljson_zhangyu_jn,,,,0,3,sklsound_48,,,4,0,0,
7_4106001,3,none,2,,,,,0,0,sklsound_14,,,1,0,0,
41065012_4106001,0,none,2,skilljson_nainiu_jn,,,,0,3,sklsound_36,,,1,0,0,
41066012_4106001,0,none,2,skilljson_nainiu_jn,,,,0,3,sklsound_36,,,1,0,0,
4106a012_4106001,0,none,2,skilljson_nainiu_jn,,,,0,3,sklsound_36,,,1,0,0,
17_5502001,3,none,2,,,,,0,0,sklsound_02,,,1,0,0,
55025112_5502001,3,none,2,,,,,0,0,sklsound_02,,,1,0,0,
55026112_5502001,3,none,2,,,,,0,0,sklsound_02,,,1,0,0,
5502a112_5502001,3,none,2,,,,,0,0,sklsound_02,,,1,0,0,
55025012_5502001,0,none,1,skilljson_duotiandasheng_jnbd,,,,0,3,sklsound_49,,,1,0,0,
55026012_5502001,0,none,1,skilljson_duotiandasheng_jnbd,,,,0,3,sklsound_49,,,1,0,0,
5502a012_5502001,0,none,1,skilljson_duotiandasheng_jnbd,,,,0,3,sklsound_49,,,1,0,0,
20_6102001,0,none,1,skilljson_guangdalingzhu_pgbd,,,,0,0,sklsound_22,,,1,0,0,
61025012_6102001,0,none,full,skilljson_guangdalingzhu_jn,,,,0,3,sklsound_48,,,4,0,0,
61026012_6102001,0,none,full,skilljson_guangdalingzhu_jn,,,,0,3,sklsound_48,,,4,0,0,
6102a012_6102001,0,none,full,skilljson_guangdalingzhu_jn,,,,0,3,sklsound_48,,,4,0,0,
19_4307001,0,bullet,2,skilljson_ailinpifu_dandao,skilljson_ailinpifu_baodian,,,0,0,sklsound_18,,,1,0,0,
43075012_4307001,0,none,2,skilljson_ailinpifu_jn,,,,0,3,sklsound_36,,,3,0,0,
43076012_4307001,0,none,2,skilljson_ailinpifu_jn,,,,0,3,sklsound_36,,,3,0,0,
4307a012_4307001,0,none,2,skilljson_ailinpifu_jn,,,,0,3,sklsound_36,,,3,0,0,
43075212_4307001,0,bullet,2,skilljson_ailinpifu_dandao,skilljson_ailinpifu_baodian,,,0,0,sklsound_18,,,1,0,0,
43076212_4307001,0,bullet,2,skilljson_ailinpifu_dandao,skilljson_ailinpifu_baodian,,,0,0,sklsound_18,,,1,0,0,
4307a212_4307001,0,bullet,2,skilljson_ailinpifu_dandao,skilljson_ailinpifu_baodian,,,0,0,sklsound_18,,,1,0,0,
15_6501001,0,none,2,ani_shengpanzhiren_atk_baodian,,,,0,0,sklsound_29,,,1,0,0,
65015012_6501001,0,shape,2,ani_shengpanzhiren_skill_jiguang,ani_shengpanzhiren_skill_baodian,,,0,0,sklsound_36,,,2,0,0,
65016012_6501001,0,shape,2,ani_shengpanzhiren_skill_jiguang,ani_shengpanzhiren_skill_baodian,,,0,0,sklsound_36,,,2,0,0,
6501a012_6501001,0,shape,2,ani_shengpanzhiren_skill_jiguang,ani_shengpanzhiren_skill_baodian,,,0,0,sklsound_36,,,2,0,0,
16_1405001,3,none,2,ani_daquanshi_atk_baodian,,,,0,0,sklsound_18,,,1,0,0,
14055112_1405001,3,none,2,ani_daquanshi_atk_baodian,,,,0,0,sklsound_18,,,1,0,0,
14056112_1405001,3,none,2,ani_daquanshi_atk_baodian,,,,0,0,sklsound_18,,,1,0,0,
1405a112_1405001,3,none,2,ani_daquanshi_atk_baodian,,,,0,0,sklsound_18,,,1,0,0,
14055012_1405001,0,none,2,,ani_daquanshi_atk_baodian,,,0,3,sklsound_47,,,6,0,0,
14056012_1405001,0,none,2,,ani_daquanshi_atk_baodian,,,0,3,sklsound_47,,,6,0,0,
1405a012_1405001,0,none,2,,ani_daquanshi_atk_baodian,,,0,3,sklsound_47,,,6,0,0,
7_5101001,3,none,2,,,,,0,0,sklsound_18,,,3,0,0,
51015012_5101001,3,none,full,ani_shirenmoshouling_skill_baodian,,,,0,3,sklsound_38,,,1,0,0,
51016012_5101001,3,none,full,ani_shirenmoshouling_skill_baodian,,,,0,3,sklsound_38,,,1,0,0,
5101a012_5101001,3,none,full,ani_shirenmoshouling_skill_baodian,,,,0,3,sklsound_38,,,1,0,0,
64025002_6402001,3,none,2,skilljson_guangci_pifu3,,,,0,0,sklsound_01,,,1,0,0,
64026002_6402001,3,none,2,skilljson_guangci_pifu3,,,,0,0,sklsound_01,,,1,0,0,
64025112_6402001,3,none,2,skilljson_guangci_pifu3,,,,0,0,sklsound_01,,,1,0,0,
64026112_6402001,3,none,2,skilljson_guangci_pifu3,,,,0,0,sklsound_01,,,1,0,0,
6402a112_6402001,3,none,2,skilljson_guangci_pifu3,,,,0,0,sklsound_01,,,1,0,0,
64025012_6402001,0,bullet,2,skilljson_guangci_pifu2,skilljson_guangci_pifu,,,0,3,sklsound_43,,,1,0,0,
64026012_6402001,0,bullet,2,skilljson_guangci_pifu2,skilljson_guangci_pifu,,,0,3,sklsound_43,,,1,0,0,
6402a012_6402001,0,bullet,2,skilljson_guangci_pifu2,skilljson_guangci_pifu,,,0,3,sklsound_43,,,1,0,0,
7_4106002,3,none,2,skilljson_niutou_pf2,,,,0,0,sklsound_12,,,1,0,0,
41065012_4106002,0,none,2,skilljson_niutou_pf,,,,0,3,sklsound_33,,,1,0,0,
41066012_4106002,0,none,2,skilljson_niutou_pf,,,,0,3,sklsound_33,,,1,0,0,
4106a012_4106002,0,none,2,skilljson_niutou_pf,,,,0,3,sklsound_33,,,1,0,0,
31115002_3111001,0,none,2,skilljson_jiansheng_pf1,,,,0,0,sklsound_33,,,1,0,0,
31116002_3111001,0,none,2,skilljson_jiansheng_pf1,,,,0,0,sklsound_33,,,1,0,0,
31115102_3111001,0,none,2,skilljson_jiansheng_pf1,,,,0,0,sklsound_33,,,1,0,0,
31116102_3111001,0,none,2,skilljson_jiansheng_pf1,,,,0,0,sklsound_33,,,1,0,0,
3111a102_3111001,0,none,2,skilljson_jiansheng_pf1,,,,0,0,sklsound_33,,,1,0,0,
31115012_3111001,0,none,2,,skilljson_jiansheng_pf2,,,0,2,sklsound_50,,,4,0,0,
31116012_3111001,0,none,2,,skilljson_jiansheng_pf2,,,0,2,sklsound_50,,,4,0,0,
3111a012_3111001,0,none,2,,skilljson_jiansheng_pf2,,,0,2,sklsound_50,,,4,0,0,
33035002_3303001,0,shape,2,skilljson_dijing_pifu1,skilljson_dijing_pifu2,,,0,0,sklsound_43,,,1,0,0,
33036002_3303001,0,shape,2,skilljson_dijing_pifu1,skilljson_dijing_pifu2,,,0,0,sklsound_43,,,1,0,0,
33035102_3303001,0,shape,2,skilljson_dijing_pifu1,skilljson_dijing_pifu2,,,0,0,sklsound_43,,,1,0,0,
33036102_3303001,0,shape,2,skilljson_dijing_pifu1,skilljson_dijing_pifu2,,,0,0,sklsound_43,,,1,0,0,
3303a102_3303001,0,shape,2,skilljson_dijing_pifu1,skilljson_dijing_pifu2,,,0,0,sklsound_43,,,1,0,0,
33035012_3303001,0,bullet,2,skilljson_dijing_pifu4,skilljson_dijing_pifu5,,,0,2,sklsound_07,,,1,0,0,
33036012_3303001,0,bullet,2,skilljson_dijing_pifu4,skilljson_dijing_pifu5,,,0,2,sklsound_07,,,1,0,0,
3303a012_3303001,0,bullet,2,skilljson_dijing_pifu4,skilljson_dijing_pifu5,,,0,2,sklsound_07,,,1,0,0,
15_6501002,3,none,2,,,,,0,0,sklsound_04,,,1,0,0,
65015012_6501002,0,shape,2,skilljson_shenpanpifu_jiguang,skilljson_shenpanpifu_baodian,,,0,0,sklsound_36,,,2,0,0,
65016012_6501002,0,shape,2,skilljson_shenpanpifu_jiguang,skilljson_shenpanpifu_baodian,,,0,0,sklsound_36,,,2,0,0,
6501a012_6501002,0,shape,2,skilljson_shenpanpifu_jiguang,skilljson_shenpanpifu_baodian,,,0,0,sklsound_36,,,2,0,0,
6_6302001,0,bullet,2,skilljson_xianzhipf_pgdandao,skilljson_xianzhipf_pgbaodian,,,0,0,sklsound_07,,,1,0,0,
63025012_6302001,0,none,2,skilljson_xianzhipf_jnbaodian,,,,0,3,sklsound_41,,,1,0,0,
63026012_6302001,0,none,2,skilljson_xianzhipf_jnbaodian,,,,0,3,sklsound_41,,,1,0,0,
6302a012_6302001,0,none,2,skilljson_xianzhipf_jnbaodian,,,,0,3,sklsound_41,,,1,0,0,
9_1404001,0,bullet,2,skilljson_ymlwpifu_pgdandao,skilljson_ymlwpifu_pgbaodian,,,0,0,sklsound_43,,,1,0,0,
14045012_1404001,0,none,2,skilljson_ymlwpifu_jn,,,,0,3,sklsound_49,,,1,0,0,
14046012_1404001,0,none,2,skilljson_ymlwpifu_jn,,,,0,3,sklsound_49,,,1,0,0,
1404a012_1404001,0,none,2,skilljson_ymlwpifu_jn,,,,0,3,sklsound_49,,,1,0,0,
13_4504001,0,bullet,2,skilljson_senlinlieshoupf_pgdandao,skilljson_senlinlieshoupf_pgbaodian,,,0,0,sklsound_12,,,1,0,0,
45045012_4504001,0,none,full,skilljson_senlinlieshoupf_jn,,,,0,3,sklsound_44,,,2,0,0,
45046012_4504001,0,none,full,skilljson_senlinlieshoupf_jn,,,,0,3,sklsound_44,,,2,0,0,
4504a012_4504001,0,none,full,skilljson_senlinlieshoupf_jn,,,,0,3,sklsound_44,,,2,0,0,
63035002_6303001,3,none,2,,,,,0,0,sklsound_12,,,1,0,0,
63036002_6303001,3,none,2,,,,,0,0,sklsound_12,,,1,0,0,
63035012_6303001,0,none,2,,,,,0,3,sklsound_42,,,1,0,0,
63036012_6303001,0,none,2,,,,,0,3,sklsound_42,,,1,0,0,
6303a012_6303001,0,none,2,,,,,0,3,sklsound_42,,,1,0,0,
52055002_5205001,0,shape,2,skilljson_wuyafashi_pgdandao,skilljson_wuyafashi_pgbaodian,,,0,0,sklsound_18,,,1,0,0,
52056002_5205001,0,shape,2,skilljson_wuyafashi_pgdandao,skilljson_wuyafashi_pgbaodian,,,0,0,sklsound_18,,,1,0,0,
52055212_5205001,0,shape,2,skilljson_wuyafashi_pgdandao,skilljson_wuyafashi_pgbaodian,,,0,0,sklsound_18,,,1,0,0,
52056212_5205001,0,shape,2,skilljson_wuyafashi_pgdandao,skilljson_wuyafashi_pgbaodian,,,0,0,sklsound_18,,,1,0,0,
5205a212_5205001,0,shape,2,skilljson_wuyafashi_pgdandao,skilljson_wuyafashi_pgbaodian,,,0,0,sklsound_18,,,1,0,0,
52055012_5205001,0,none,2,skilljson_wuyafashi_jndandao,skilljson_wuyafashi_jnbaodian,,,0,3,sklsound_38,,,1,0,0,
52056012_5205001,0,none,2,skilljson_wuyafashi_jndandao,skilljson_wuyafashi_jnbaodian,,,0,3,sklsound_38,,,1,0,0,
5205a012_5205001,0,none,2,skilljson_wuyafashi_jndandao,skilljson_wuyafashi_jnbaodian,,,0,3,sklsound_38,,,1,0,0,
12_4306001,0,bullet,2,skilljson_hudie_pgdandao,skilljson_hudie_pgbaodian,,,0,0,sklsound_02,,,1,0,0,
43065012_4306001,0,none,2,skilljson_hudie_jnbaodian,,,,0,1,sklsound_43,,,1,0,0,
43066012_4306001,0,none,2,skilljson_hudie_jnbaodian,,,,0,1,sklsound_43,,,1,0,0,
4306a012_4306001,0,none,2,skilljson_hudie_jnbaodian,,,,0,2,sklsound_43,,,1,0,0,
14_5501002,0,bullet,2,skilljson_anyingcike_pgdandao,skilljson_anyingcike_pgbaodian,,,0,0,sklsound_02,,,1,0,0,
55015232_5501002,0,bullet,2,skilljson_anyingcike_pgdandao,skilljson_anyingcike_pgbaodian,,,0,0,sklsound_02,,,1,0,0,
55016232_5501002,0,bullet,2,skilljson_anyingcike_pgdandao,skilljson_anyingcike_pgbaodian,,,0,0,sklsound_02,,,1,0,0,
5501a232_5501002,0,bullet,2,skilljson_anyingcike_pgdandao,skilljson_anyingcike_pgbaodian,,,0,0,sklsound_02,,,1,0,0,
55015012_5501002,0,bullet,2,skilljson_anyingcike_jnguiji,skilljson_anyingcike_jnbaodian,,,0,3,sklsound_43,,,1,0,0,
55016012_5501002,0,bullet,2,skilljson_anyingcike_jnguiji,skilljson_anyingcike_jnbaodian,,,0,3,sklsound_43,,,1,0,0,
5501a012_5501002,0,bullet,2,skilljson_anyingcike_jnguiji,skilljson_anyingcike_jnbaodian,,,0,3,sklsound_43,,,1,0,0,
11095002_1109001,3,none,2,,,,,0,0,sklsound_04,,,1,0,0,
11096002_1109001,3,none,2,,,,,0,0,sklsound_04,,,1,0,0,
11095012_1109001,0,none,2,skilljson_lengxuedujun_jnbaodian,,,,0,2,sklsound_19,,,1,0,0,
11096012_1109001,0,none,2,skilljson_lengxuedujun_jnbaodian,,,,0,2,sklsound_19,,,1,0,0,
1109a012_1109001,0,none,2,skilljson_lengxuedujun_jnbaodian,,,,0,2,sklsound_19,,,1,0,0,
51025002_5102001,0,bullet,2,skilljson_heilongpifu_pgdandao,skilljson_heilongpifu_pgbaodian,,,0,0,sklsound_36,,,1,0,0,
51026002_5102001,0,bullet,2,skilljson_heilongpifu_pgdandao,skilljson_heilongpifu_pgbaodian,,,0,0,sklsound_36,,,1,0,0,
51025202_5102001,0,bullet,2,skilljson_heilongpifu_pgdandao,skilljson_heilongpifu_pgbaodian,,,0,0,sklsound_36,,,1,0,0,
51026202_5102001,0,bullet,2,skilljson_heilongpifu_pgdandao,skilljson_heilongpifu_pgbaodian,,,0,0,sklsound_36,,,1,0,0,
5102a202_5102001,0,bullet,2,skilljson_heilongpifu_pgdandao,skilljson_heilongpifu_pgbaodian,,,0,0,sklsound_36,,,1,0,0,
51025012_5102001,0,none,2,skilljson_heilongpifu_jnbaodian,,,,0,2,sklsound_38,,,1,0,0,
51026012_5102001,0,none,2,skilljson_heilongpifu_jnbaodian,,,,0,2,sklsound_38,,,1,0,0,
5102a012_5102001,0,none,2,skilljson_heilongpifu_jnbaodian,,,,0,2,sklsound_38,,,1,0,0,
17_5502002,3,none,2,,,,,0,0,sklsound_07,,,1,0,0,
55025112_5502002,3,none,2,,,,,0,0,sklsound_07,,,1,0,0,
55026112_5502002,3,none,2,,,,,0,0,sklsound_07,,,1,0,0,
5502a112_5502002,3,none,2,,,,,0,0,sklsound_07,,,1,0,0,
55025012_5502002,0,none,1,,,,,0,3,sklsound_33,,,1,0,0,
55026012_5502002,0,none,1,,,,,0,3,sklsound_33,,,1,0,0,
5502a012_5502002,0,none,1,,,,,0,3,sklsound_33,,,1,0,0,
35055002_3505001,3,none,2,,,,,0,0,sklsound_04,,,1,0,0,
35056002_3505001,3,none,2,,,,,0,0,sklsound_04,,,1,0,0,
35055012_3505001,0,bullet,2,skilljson_yifuliya_jndandao,skilljson_yifuliya_jnbaodian,,,0,2,sklsound_24,,,1,0,0,
35056012_3505001,0,bullet,2,skilljson_yifuliya_jndandao,skilljson_yifuliya_jnbaodian,,,0,2,sklsound_24,,,1,0,0,
3505a012_3505001,0,bullet,2,skilljson_yifuliya_jndandao,skilljson_yifuliya_jnbaodian,,,0,2,sklsound_24,,,1,0,0,
31115002_3111002,0,none,2,skilljson_jianshengheiwushi_pgdandao,,,,0,0,sklsound_33,,,1,0,0,
31116002_3111002,0,none,2,skilljson_jianshengheiwushi_pgdandao,,,,0,0,sklsound_33,,,1,0,0,
31115102_3111002,0,none,2,skilljson_jianshengheiwushi_pgdandao,,,,0,0,sklsound_33,,,1,0,0,
31116102_3111002,0,none,2,skilljson_jianshengheiwushi_pgdandao,,,,0,0,sklsound_33,,,1,0,0,
3111a102_3111002,0,none,2,skilljson_jianshengheiwushi_pgdandao,,,,0,0,sklsound_33,,,1,0,0,
31115012_3111002,0,none,full,,skilljson_jianshengheiwushi_longjuanfeng,,,0,2,sklsound_50,,,4,0,0,
31116012_3111002,0,none,full,,skilljson_jianshengheiwushi_longjuanfeng,,,0,2,sklsound_50,,,4,0,0,
3111a012_3111002,0,none,full,,skilljson_jianshengheiwushi_longjuanfeng,,,0,2,sklsound_50,,,4,0,0,
25085002_2508001,0,bullet,2,skilljson_niutoujijia_pgdandao,skilljson_niutoujijia_pgbaodian,,,0,0,sklsound_07,,,1,0,0,
25086002_2508001,0,bullet,2,skilljson_niutoujijia_pgdandao,skilljson_niutoujijia_pgbaodian,,,0,0,sklsound_07,,,1,0,0,
25085202_2508001,0,bullet,2,skilljson_niutoujijia_pgdandao,skilljson_niutoujijia_pgbaodian,,,0,0,sklsound_07,,,1,0,0,
25086202_2508001,0,bullet,2,skilljson_niutoujijia_pgdandao,skilljson_niutoujijia_pgbaodian,,,0,0,sklsound_07,,,1,0,0,
2508a202_2508001,0,bullet,2,skilljson_niutoujijia_pgdandao,skilljson_niutoujijia_pgbaodian,,,0,0,sklsound_07,,,1,0,0,
25085012_2508001,0,shape,2,skilljson_niutoujijia_jndandao,skilljson_niutoujijia_jnbaodian,,,0,2,sklsound_33,,,1,0,0,
25086012_2508001,0,shape,2,skilljson_niutoujijia_jndandao,skilljson_niutoujijia_jnbaodian,,,0,2,sklsound_33,,,1,0,0,
2508a012_2508001,0,shape,2,skilljson_niutoujijia_jndandao,skilljson_niutoujijia_jnbaodian,,,0,2,sklsound_33,,,1,0,0,
62025002_6202001,0,bullet,2,sk_sjhj_pgbd,sk_sjhj_pgdd,,,0,0,sklsound_03,,,1,0,0,
62026002_6202001,0,bullet,2,sk_sjhj_pgbd,sk_sjhj_pgdd,,,0,0,sklsound_03,,,1,0,0,
62025202_6202001,0,bullet,2,sk_sjhj_pgbd,sk_sjhj_pgdd,,,0,0,sklsound_03,,,1,0,0,
62026202_6202001,0,bullet,2,sk_sjhj_pgbd,sk_sjhj_pgdd,,,0,0,sklsound_03,,,1,0,0,
6202a202_6202001,0,bullet,2,sk_sjhj_pgbd,sk_sjhj_pgdd,,,0,0,sklsound_03,,,1,0,0,
62025012_6202001,0,none,2,sk_sjhj_jnbd,,,,0,2,sklsound_20,,,1,0,0,
62026012_6202001,0,none,2,sk_sjhj_jnbd,,,,0,2,sklsound_20,,,1,0,0,
6202a012_6202001,0,none,2,sk_sjhj_jnbd,,,,0,2,sklsound_20,,,1,0,0,
10002,0,none,2,ani_kongbai,,,,0,3,sklsound_03,,,1,0,0,
10102,0,none,2,ani_kongbai,,,,0,3,,,,1,0,0,
10202,0,none,2,ani_kongbai,,,,0,3,,,,1,0,0,
10302,0,none,2,ani_kongbai,,,,0,3,,,,1,0,0,
10402,0,none,2,ani_kongbai,,,,0,3,,,,1,0,0,
10502,0,none,2,ani_kongbai,,,,0,3,,,,1,0,0,
10602,0,none,2,ani_kongbai,,,,0,3,,,,1,0,0,
10702,0,none,2,ani_kongbai,,,,0,3,,,,1,0,0,
10802,0,none,2,ani_kongbai,,,,0,3,,,,1,0,0,
10902,0,none,2,ani_kongbai,,,,0,3,,,,1,0,0,
11002,0,none,2,ani_kongbai,,,,0,3,,,,1,0,0,
11102,0,none,2,ani_kongbai,,,,0,3,,,,1,0,0,
11202,0,none,2,ani_kongbai,,,,0,3,,,,1,0,0,
11302,0,none,2,ani_kongbai,,,,0,3,,,,1,0,0,
11402,0,none,2,ani_kongbai,,,,0,3,,,,1,0,0,
11502,0,none,2,ani_kongbai,,,,0,3,,,,1,0,0,
11602,0,none,2,ani_kongbai,,,,0,3,,,,1,0,0,
11702,0,none,2,ani_kongbai,,,,0,3,,,,1,0,0,
11802,0,none,2,ani_kongbai,,,,0,3,,,,1,0,0,
11902,0,none,2,ani_kongbai,,,,0,3,,,,1,0,0,
12002,0,none,2,ani_kongbai,,,,0,3,,,,1,0,0,
12102,0,none,2,ani_kongbai,,,,0,3,,,,1,0,0,
12202,0,none,2,ani_kongbai,,,,0,3,,,,1,0,0,
12302,0,none,2,ani_kongbai,,,,0,3,,,,1,0,0,
12402,0,none,2,ani_kongbai,,,,0,3,,,,1,0,0,
12502,0,none,2,ani_kongbai,,,,0,3,,,,1,0,0,
12602,0,none,2,ani_kongbai,,,,0,3,,,,1,0,0,
12702,0,none,2,ani_kongbai,,,,0,3,,,,1,0,0,
12802,0,none,2,ani_kongbai,,,,0,3,,,,1,0,0,
12902,0,none,2,ani_kongbai,,,,0,3,,,,1,0,0,
13002,0,none,2,ani_kongbai,,,,0,3,,,,1,0,0,
13102,0,none,2,ani_kongbai,,,,0,3,,,,1,0,0,
13202,0,none,2,ani_kongbai,,,,0,3,,,,1,0,0,
20002,0,none,2,ani_kongbai,,,,0,3,,,,1,0,0,
20102,0,none,2,ani_kongbai,,,,0,3,,,,1,0,0,
20202,0,none,2,ani_kongbai,,,,0,3,,,,1,0,0,
20302,0,none,2,ani_kongbai,,,,0,3,,,,1,0,0,
20402,0,none,2,ani_kongbai,,,,0,3,,,,1,0,0,
20502,0,none,2,ani_kongbai,,,,0,3,,,,1,0,0,
20602,0,none,2,ani_kongbai,,,,0,3,,,,1,0,0,
20702,0,none,2,ani_kongbai,,,,0,3,,,,1,0,0,
20802,0,none,2,ani_kongbai,,,,0,3,,,,1,0,0,
20902,0,none,2,ani_kongbai,,,,0,3,,,,1,0,0,
21002,0,none,2,ani_kongbai,,,,0,3,,,,1,0,0,
21102,0,none,2,ani_kongbai,,,,0,3,,,,1,0,0,
21202,0,none,2,ani_kongbai,,,,0,3,,,,1,0,0,
21302,0,none,2,ani_kongbai,,,,0,3,,,,1,0,0,
21402,0,none,2,ani_kongbai,,,,0,3,,,,1,0,0,
21502,0,none,2,ani_kongbai,,,,0,3,,,,1,0,0,
21602,0,none,2,ani_kongbai,,,,0,3,,,,1,0,0,
21702,0,none,2,ani_kongbai,,,,0,3,,,,1,0,0,
21802,0,none,2,ani_kongbai,,,,0,3,,,,1,0,0,
21902,0,none,2,ani_kongbai,,,,0,3,,,,1,0,0,
22002,0,none,2,ani_kongbai,,,,0,3,,,,1,0,0,
22102,0,none,2,ani_kongbai,,,,0,3,,,,1,0,0,
22202,0,none,2,ani_kongbai,,,,0,3,,,,1,0,0,
22302,0,none,2,ani_kongbai,,,,0,3,,,,1,0,0,
22402,0,none,2,ani_kongbai,,,,0,3,,,,1,0,0,
22502,0,none,2,ani_kongbai,,,,0,3,,,,1,0,0,
22602,0,none,2,ani_kongbai,,,,0,3,,,,1,0,0,
22702,0,none,2,ani_kongbai,,,,0,3,,,,1,0,0,
22802,0,none,2,ani_kongbai,,,,0,3,,,,1,0,0,
22902,0,none,2,ani_kongbai,,,,0,3,,,,1,0,0,
23002,0,none,2,ani_kongbai,,,,0,3,,,,1,0,0,
23102,0,none,2,ani_kongbai,,,,0,3,,,,1,0,0,
23202,0,none,2,ani_kongbai,,,,0,3,,,,1,0,0,
30002,0,none,2,ani_kongbai,skilljson_baozhaattack1,,,0,3,,,,1,0,0,
30102,0,none,2,ani_kongbai,skilljson_baozhaattack1,,,0,3,,,,1,0,0,
30202,0,none,2,ani_kongbai,skilljson_baozhaattack1,,,0,3,,,,1,0,0,
30302,0,none,2,ani_kongbai,skilljson_baozhaattack1,,,0,3,,,,1,0,0,
30402,0,none,2,ani_kongbai,skilljson_baozhaattack1,,,0,3,,,,1,0,0,
30502,0,none,2,ani_kongbai,skilljson_baozhaattack1,,,0,3,,,,1,0,0,
30602,0,none,2,ani_kongbai,skilljson_baozhaattack1,,,0,3,,,,1,0,0,
30702,0,none,2,ani_kongbai,skilljson_baozhaattack1,,,0,3,,,,1,0,0,
30802,0,none,2,ani_kongbai,skilljson_baozhaattack1,,,0,3,,,,1,0,0,
30902,0,none,2,ani_kongbai,skilljson_baozhaattack1,,,0,3,,,,1,0,0,
31002,0,none,2,ani_kongbai,skilljson_baozhaattack1,,,0,3,,,,1,0,0,
31102,0,none,2,ani_kongbai,skilljson_baozhaattack1,,,0,3,,,,1,0,0,
31202,0,none,2,ani_kongbai,skilljson_baozhaattack1,,,0,3,,,,1,0,0,
31302,0,none,2,ani_kongbai,skilljson_baozhaattack1,,,0,3,,,,1,0,0,
31402,0,none,2,ani_kongbai,skilljson_baozhaattack1,,,0,3,,,,1,0,0,
31502,0,none,2,ani_kongbai,skilljson_baozhaattack1,,,0,3,,,,1,0,0,
31602,0,none,2,ani_kongbai,skilljson_baozhaattack1,,,0,3,,,,1,0,0,
31702,0,none,2,ani_kongbai,skilljson_baozhaattack1,,,0,3,,,,1,0,0,
31802,0,none,2,ani_kongbai,skilljson_baozhaattack1,,,0,3,,,,1,0,0,
31902,0,none,2,ani_kongbai,skilljson_baozhaattack1,,,0,3,,,,1,0,0,
32002,0,none,2,ani_kongbai,skilljson_baozhaattack1,,,0,3,,,,1,0,0,
32102,0,none,2,ani_kongbai,skilljson_baozhaattack1,,,0,3,,,,1,0,0,
32202,0,none,2,ani_kongbai,skilljson_baozhaattack1,,,0,3,,,,1,0,0,
32302,0,none,2,ani_kongbai,skilljson_baozhaattack1,,,0,3,,,,1,0,0,
32402,0,none,2,ani_kongbai,skilljson_baozhaattack1,,,0,3,,,,1,0,0,
32502,0,none,2,ani_kongbai,skilljson_baozhaattack1,,,0,3,,,,1,0,0,
32602,0,none,2,ani_kongbai,skilljson_baozhaattack1,,,0,3,,,,1,0,0,
32702,0,none,2,ani_kongbai,skilljson_baozhaattack1,,,0,3,,,,1,0,0,
32802,0,none,2,ani_kongbai,skilljson_baozhaattack1,,,0,3,,,,1,0,0,
32902,0,none,2,ani_kongbai,skilljson_baozhaattack1,,,0,3,,,,1,0,0,
33002,0,none,2,ani_kongbai,skilljson_baozhaattack1,,,0,3,,,,1,0,0,
33102,0,none,2,ani_kongbai,skilljson_baozhaattack1,,,0,3,,,,1,0,0,
33202,0,none,2,ani_kongbai,skilljson_baozhaattack1,,,0,3,,,,1,0,0,
40002,0,none,2,ani_kongbai,,,,0,3,,,,1,0,0,
40102,0,none,2,ani_kongbai,,,,0,3,,,,1,0,0,
40202,0,none,2,ani_kongbai,,,,0,3,,,,1,0,0,
40302,0,none,2,ani_kongbai,,,,0,3,,,,1,0,0,
40402,0,none,2,ani_kongbai,,,,0,3,,,,1,0,0,
40502,0,none,2,ani_kongbai,,,,0,3,,,,1,0,0,
40602,0,none,2,ani_kongbai,,,,0,3,,,,1,0,0,
40702,0,none,2,ani_kongbai,,,,0,3,,,,1,0,0,
40802,0,none,2,ani_kongbai,,,,0,3,,,,1,0,0,
40902,0,none,2,ani_kongbai,,,,0,3,,,,1,0,0,
41002,0,none,2,ani_kongbai,,,,0,3,,,,1,0,0,
41102,0,none,2,ani_kongbai,,,,0,3,,,,1,0,0,
41202,0,none,2,ani_kongbai,,,,0,3,,,,1,0,0,
41302,0,none,2,ani_kongbai,,,,0,3,,,,1,0,0,
41402,0,none,2,ani_kongbai,,,,0,3,,,,1,0,0,
41502,0,none,2,ani_kongbai,,,,0,3,,,,1,0,0,
41602,0,none,2,ani_kongbai,,,,0,3,,,,1,0,0,
41702,0,none,2,ani_kongbai,,,,0,3,,,,1,0,0,
41802,0,none,2,ani_kongbai,,,,0,3,,,,1,0,0,
41902,0,none,2,ani_kongbai,,,,0,3,,,,1,0,0,
42002,0,none,2,ani_kongbai,,,,0,3,,,,1,0,0,
42102,0,none,2,ani_kongbai,,,,0,3,,,,1,0,0,
42202,0,none,2,ani_kongbai,,,,0,3,,,,1,0,0,
42302,0,none,2,ani_kongbai,,,,0,3,,,,1,0,0,
42402,0,none,2,ani_kongbai,,,,0,3,,,,1,0,0,
42502,0,none,2,ani_kongbai,,,,0,3,,,,1,0,0,
42602,0,none,2,ani_kongbai,,,,0,3,,,,1,0,0,
42702,0,none,2,ani_kongbai,,,,0,3,,,,1,0,0,
42802,0,none,2,ani_kongbai,,,,0,3,,,,1,0,0,
42902,0,none,2,ani_kongbai,,,,0,3,,,,1,0,0,
43002,0,none,2,ani_kongbai,,,,0,3,,,,1,0,0,
43102,0,none,2,ani_kongbai,,,,0,3,,,,1,0,0,
43202,0,none,2,ani_kongbai,,,,0,3,,,,1,0,0,
50002,0,none,2,ani_kongbai,,,,0,3,,,,1,0,0,
50102,0,none,2,ani_kongbai,,,,0,3,,,,1,0,0,
50202,0,none,2,ani_kongbai,,,,0,3,,,,1,0,0,
50302,0,none,2,ani_kongbai,,,,0,3,,,,1,0,0,
50402,0,none,2,ani_kongbai,,,,0,3,,,,1,0,0,
50502,0,none,2,ani_kongbai,,,,0,3,,,,1,0,0,
50602,0,none,2,ani_kongbai,,,,0,3,,,,1,0,0,
50702,0,none,2,ani_kongbai,,,,0,3,,,,1,0,0,
50802,0,none,2,ani_kongbai,,,,0,3,,,,1,0,0,
50902,0,none,2,ani_kongbai,,,,0,3,,,,1,0,0,
51002,0,none,2,ani_kongbai,,,,0,3,,,,1,0,0,
51102,0,none,2,ani_kongbai,,,,0,3,,,,1,0,0,
51202,0,none,2,ani_kongbai,,,,0,3,,,,1,0,0,
51302,0,none,2,ani_kongbai,,,,0,3,,,,1,0,0,
51402,0,none,2,ani_kongbai,,,,0,3,,,,1,0,0,
51502,0,none,2,ani_kongbai,,,,0,3,,,,1,0,0,
51602,0,none,2,ani_kongbai,,,,0,3,,,,1,0,0,
51702,0,none,2,ani_kongbai,,,,0,3,,,,1,0,0,
51802,0,none,2,ani_kongbai,,,,0,3,,,,1,0,0,
51902,0,none,2,ani_kongbai,,,,0,3,,,,1,0,0,
52002,0,none,2,ani_kongbai,,,,0,3,,,,1,0,0,
52102,0,none,2,ani_kongbai,,,,0,3,,,,1,0,0,
52202,0,none,2,ani_kongbai,,,,0,3,,,,1,0,0,
52302,0,none,2,ani_kongbai,,,,0,3,,,,1,0,0,
52402,0,none,2,ani_kongbai,,,,0,3,,,,1,0,0,
52502,0,none,2,ani_kongbai,,,,0,3,,,,1,0,0,
52602,0,none,2,ani_kongbai,,,,0,3,,,,1,0,0,
52702,0,none,2,ani_kongbai,,,,0,3,,,,1,0,0,
52802,0,none,2,ani_kongbai,,,,0,3,,,,1,0,0,
52902,0,none,2,ani_kongbai,,,,0,3,,,,1,0,0,
53002,0,none,2,ani_kongbai,,,,0,3,,,,1,0,0,
53102,0,none,2,ani_kongbai,,,,0,3,,,,1,0,0,
53202,0,none,2,ani_kongbai,,,,0,3,,,,1,0,0,
60002,0,none,2,ani_kongbai,,,,0,3,,,,3,0,0,
60102,0,none,2,ani_kongbai,,,,0,3,,,,3,0,0,
60202,0,none,2,ani_kongbai,,,,0,3,,,,3,0,0,
60302,0,none,2,ani_kongbai,,,,0,3,,,,3,0,0,
60402,0,none,2,ani_kongbai,,,,0,3,,,,3,0,0,
60502,0,none,2,ani_kongbai,,,,0,3,,,,3,0,0,
60602,0,none,2,ani_kongbai,,,,0,3,,,,3,0,0,
60702,0,none,2,ani_kongbai,,,,0,3,,,,3,0,0,
60802,0,none,2,ani_kongbai,,,,0,3,,,,3,0,0,
60902,0,none,2,ani_kongbai,,,,0,3,,,,3,0,0,
61002,0,none,2,ani_kongbai,,,,0,3,,,,3,0,0,
61102,0,none,2,ani_kongbai,,,,0,3,,,,3,0,0,
61202,0,none,2,ani_kongbai,,,,0,3,,,,3,0,0,
61302,0,none,2,ani_kongbai,,,,0,3,,,,3,0,0,
61402,0,none,2,ani_kongbai,,,,0,3,,,,3,0,0,
61502,0,none,2,ani_kongbai,,,,0,3,,,,3,0,0,
61602,0,none,2,ani_kongbai,,,,0,3,,,,3,0,0,
61702,0,none,2,ani_kongbai,,,,0,3,,,,3,0,0,
61802,0,none,2,ani_kongbai,,,,0,3,,,,3,0,0,
61902,0,none,2,ani_kongbai,,,,0,3,,,,3,0,0,
62002,0,none,2,ani_kongbai,,,,0,3,,,,3,0,0,
62102,0,none,2,ani_kongbai,,,,0,3,,,,3,0,0,
62202,0,none,2,ani_kongbai,,,,0,3,,,,3,0,0,
62302,0,none,2,ani_kongbai,,,,0,3,,,,3,0,0,
62402,0,none,2,ani_kongbai,,,,0,3,,,,3,0,0,
62502,0,none,2,ani_kongbai,,,,0,3,,,,3,0,0,
62602,0,none,2,ani_kongbai,,,,0,3,,,,3,0,0,
62702,0,none,2,ani_kongbai,,,,0,3,,,,3,0,0,
62802,0,none,2,ani_kongbai,,,,0,3,,,,3,0,0,
62902,0,none,2,ani_kongbai,,,,0,3,,,,3,0,0,
63002,0,none,2,ani_kongbai,,,,0,3,,,,3,0,0,
63102,0,none,2,ani_kongbai,,,,0,3,,,,3,0,0,
63202,0,none,2,ani_kongbai,,,,0,3,,,,3,0,0,
200100002,0,none,2,skilljson_guguniao_jn,,,,0,3,sklsound_28,,,1,0,0,
200100102,0,none,2,skilljson_guguniao_jn,,,,0,3,sklsound_28,,,1,0,0,
200100202,0,none,2,skilljson_guguniao_jn,,,,0,3,sklsound_28,,,1,0,0,
200100302,0,none,2,skilljson_guguniao_jn,,,,0,3,sklsound_28,,,1,0,0,
200100402,0,none,2,skilljson_guguniao_jn,,,,0,3,sklsound_28,,,1,0,0,
200100502,0,none,2,skilljson_guguniao_jn,,,,0,3,sklsound_28,,,1,0,0,
200200002,0,none,2,skilljson_ruanniguai_jn,,,,0,3,sklsound_01,,,2,0,0,
200200102,0,none,2,skilljson_ruanniguai_jn,,,,0,3,sklsound_01,,,2,0,0,
200200202,0,none,2,skilljson_ruanniguai_jn,,,,0,3,sklsound_01,,,2,0,0,
200200302,0,none,2,skilljson_ruanniguai_jn,,,,0,3,sklsound_01,,,2,0,0,
200200402,0,none,2,skilljson_ruanniguai_jn,,,,0,3,sklsound_01,,,2,0,0,
200200502,0,none,2,skilljson_ruanniguai_jn,,,,0,3,sklsound_01,,,2,0,0,
300100002,0,none,2,skilljson_baolongbaobao_jn,,,,0,3,sklsound_14,,,2,0,0,
300100102,0,none,2,skilljson_baolongbaobao_jn,,,,0,3,sklsound_14,,,2,0,0,
300100202,0,none,2,skilljson_baolongbaobao_jn,,,,0,3,sklsound_14,,,2,0,0,
300100302,0,none,2,skilljson_baolongbaobao_jn,,,,0,3,sklsound_14,,,2,0,0,
300100402,0,none,2,skilljson_baolongbaobao_jn,,,,0,3,sklsound_14,,,2,0,0,
300100502,0,none,2,skilljson_baolongbaobao_jn,,,,0,3,sklsound_14,,,2,0,0,
300200002,0,none,2,skilljson_shuiyuansu_jn,,,,0,3,sklsound_28,,,1,0,0,
300200102,0,none,2,skilljson_shuiyuansu_jn,,,,0,3,sklsound_28,,,1,0,0,
300200202,0,none,2,skilljson_shuiyuansu_jn,,,,0,3,sklsound_28,,,1,0,0,
300200302,0,none,2,skilljson_shuiyuansu_jn,,,,0,3,sklsound_28,,,1,0,0,
300200402,0,none,2,skilljson_shuiyuansu_jn,,,,0,3,sklsound_28,,,1,0,0,
300200502,0,none,2,skilljson_shuiyuansu_jn,,,,0,3,sklsound_28,,,1,0,0,
300300002,0,none,2,skilljson_diyuzhanma_jn,,,,0,3,sklsound_17,,,1,0,0,
300300102,0,none,2,skilljson_diyuzhanma_jn,,,,0,3,sklsound_17,,,1,0,0,
300300202,0,none,2,skilljson_diyuzhanma_jn,,,,0,3,sklsound_17,,,1,0,0,
300300302,0,none,2,skilljson_diyuzhanma_jn,,,,0,3,sklsound_17,,,1,0,0,
300300402,0,none,2,skilljson_diyuzhanma_jn,,,,0,3,sklsound_17,,,1,0,0,
300300502,0,none,2,skilljson_diyuzhanma_jn,,,,0,3,sklsound_17,,,1,0,0,
400100002,0,none,2,skilljson_bingfenghuang_jn,,,,0,3,sklsound_36,,,5,0,0,
400100102,0,none,2,skilljson_bingfenghuang_jn,,,,0,3,sklsound_36,,,5,0,0,
400100202,0,none,2,skilljson_bingfenghuang_jn,,,,0,3,sklsound_36,,,5,0,0,
400100302,0,none,2,skilljson_bingfenghuang_jn,,,,0,3,sklsound_36,,,5,0,0,
400100402,0,none,2,skilljson_bingfenghuang_jn,,,,0,3,sklsound_36,,,5,0,0,
400100502,0,none,2,skilljson_bingfenghuang_jn,,,,0,3,sklsound_36,,,5,0,0,
400200002,0,none,2,skilljson_heifenghuang,,,,0,3,sklsound_24,,,3,0,0,
400200102,0,none,2,skilljson_heifenghuang,,,,0,3,sklsound_24,,,3,0,0,
400200202,0,none,2,skilljson_heifenghuang,,,,0,3,sklsound_24,,,3,0,0,
400200302,0,none,2,skilljson_heifenghuang,,,,0,3,sklsound_24,,,3,0,0,
400200402,0,none,2,skilljson_heifenghuang,,,,0,3,sklsound_24,,,3,0,0,
400200502,0,none,2,skilljson_heifenghuang,,,,0,3,sklsound_24,,,3,0,0,
400300002,0,none,2,skilljson_xielong_jn,,,,0,3,sklsound_37,,,5,0,0,
400300102,0,none,2,skilljson_xielong_jn,,,,0,3,sklsound_37,,,5,0,0,
400300202,0,none,2,skilljson_xielong_jn,,,,0,3,sklsound_37,,,5,0,0,
400300302,0,none,2,skilljson_xielong_jn,,,,0,3,sklsound_37,,,5,0,0,
400300402,0,none,2,skilljson_xielong_jn,,,,0,3,sklsound_37,,,5,0,0,
400300502,0,none,2,skilljson_xielong_jn,,,,0,3,sklsound_37,,,5,0,0,
400400002,0,none,2,skilljson_ziranzhiling_jn,,,,0,3,sklsound_28,,,1,0,0,
400400102,0,none,2,skilljson_ziranzhiling_jn,,,,0,3,sklsound_28,,,1,0,0,
400400202,0,none,2,skilljson_ziranzhiling_jn,,,,0,3,sklsound_28,,,1,0,0,
400400302,0,none,2,skilljson_ziranzhiling_jn,,,,0,3,sklsound_28,,,1,0,0,
400400402,0,none,2,skilljson_ziranzhiling_jn,,,,0,3,sklsound_28,,,1,0,0,
400400502,0,none,2,skilljson_ziranzhiling_jn,,,,0,3,sklsound_28,,,1,0,0,
400500002,0,none,2,skilljson_diyuquan_jn,,,,0,3,sklsound_39,,,4,0,0,
400500102,0,none,2,skilljson_diyuquan_jn,,,,0,3,sklsound_39,,,4,0,0,
400500202,0,none,2,skilljson_diyuquan_jn,,,,0,3,sklsound_39,,,4,0,0,
400500302,0,none,2,skilljson_diyuquan_jn,,,,0,3,sklsound_39,,,4,0,0,
400500402,0,none,2,skilljson_diyuquan_jn,,,,0,3,sklsound_39,,,4,0,0,
400500502,0,none,2,skilljson_diyuquan_jn,,,,0,3,sklsound_39,,,4,0,0,
500100002,0,none,2,skilljson_huofenghuang_jn,,,,0,3,sklsound_38,,,5,0,0,
500100102,0,none,2,skilljson_huofenghuang_jn,,,,0,3,sklsound_38,,,5,0,0,
500100202,0,none,2,skilljson_huofenghuang_jn,,,,0,3,sklsound_38,,,5,0,0,
500100302,0,none,2,skilljson_huofenghuang_jn,,,,0,3,sklsound_38,,,5,0,0,
500100402,0,none,2,skilljson_huofenghuang_jn,,,,0,3,sklsound_38,,,5,0,0,
500100502,0,none,2,skilljson_huofenghuang_jn,,,,0,3,sklsound_38,,,5,0,0,
500200002,0,none,2,skilljson_youlinghu_jn,,,,0,3,sklsound_39,,,2,0,0,
500200102,0,none,2,skilljson_youlinghu_jn,,,,0,3,sklsound_39,,,2,0,0,
500200202,0,none,2,skilljson_youlinghu_jn,,,,0,3,sklsound_39,,,2,0,0,
500200302,0,none,2,skilljson_youlinghu_jn,,,,0,3,sklsound_39,,,2,0,0,
500200402,0,none,2,skilljson_youlinghu_jn,,,,0,3,sklsound_39,,,2,0,0,
500200502,0,none,2,skilljson_youlinghu_jn,,,,0,3,sklsound_39,,,2,0,0,
500300002,0,none,2,skilljson_guangyaozhizi_jn,,,,0,3,sklsound_37,,,2,0,0,
500300102,0,none,2,skilljson_guangyaozhizi_jn,,,,0,3,sklsound_37,,,2,0,0,
500300202,0,none,2,skilljson_guangyaozhizi_jn,,,,0,3,sklsound_37,,,2,0,0,
500300302,0,none,2,skilljson_guangyaozhizi_jn,,,,0,3,sklsound_37,,,2,0,0,
500300402,0,none,2,skilljson_guangyaozhizi_jn,,,,0,3,sklsound_37,,,2,0,0,
500300502,0,none,2,skilljson_guangyaozhizi_jn,,,,0,3,sklsound_37,,,2,0,0,
31115002_3111003,0,bullet,2,sk_jsyg_pgdd,sk_jsyg_pgbd,,,0,0,sklsound_02,,,1,0,0,
31116002_3111003,0,bullet,2,sk_jsyg_pgdd,sk_jsyg_pgbd,,,0,0,sklsound_02,,,1,0,0,
31115102_3111003,0,bullet,2,sk_jsyg_pgdd,sk_jsyg_pgbd,,,0,0,sklsound_02,,,1,0,0,
31116102_3111003,0,bullet,2,sk_jsyg_pgdd,sk_jsyg_pgbd,,,0,0,sklsound_02,,,1,0,0,
3111a102_3111003,0,bullet,2,sk_jsyg_pgdd,sk_jsyg_pgbd,,,0,0,sklsound_02,,,1,0,0,
31115012_3111003,0,none,2,sk_jsyg_jnbd,,,,0,2,sklsound_02,,,1,0,1,
31116012_3111003,0,none,2,sk_jsyg_jnbd,,,,0,2,sklsound_02,,,1,0,1,
3111a012_3111003,0,none,2,sk_jsyg_jnbd,,,,0,2,sklsound_02,,,1,0,1,
21065002,3,none,2,,,,,0,0,sklsound_09,,,1,0,0,
21066002,3,none,2,,,,,0,0,sklsound_09,,,1,0,0,
21065012,0,none,2,sk_aszs_jnbd,,,,0,2,sklsound_09,,,1,0,0,
21066012,0,none,2,sk_aszs_jnbd,,,,0,2,sklsound_09,,,1,0,0,
2106a012,0,none,2,sk_aszs_jnbd,,,,0,2,sklsound_09,,,1,0,0,
21065112,0,none,2,sk_aszs_jnbd,,,,0,2,sklsound_09,,,1,0,0,
21066112,0,none,2,sk_aszs_jnbd,,,,0,2,sklsound_09,,,1,0,0,
2106a112,0,none,2,sk_aszs_jnbd,,,,0,2,sklsound_09,,,1,0,0,
53025002_5302001,3,none,2,,,,,0,0,sklsound_20,,,1,0,0,
53026002_5302001,3,none,2,,,,,0,0,sklsound_20,,,1,0,0,
53025012_5302001,0,none,2,sk_am_jnbd,,,,0,2,sklsound_20,,,1,0,0,
53026012_5302001,0,none,2,sk_am_jnbd,,,,0,2,sklsound_20,,,1,0,0,
5302a012_5302001,0,none,2,sk_am_jnbd,,,,0,2,sklsound_20,,,1,0,0,
43085002,0,bullet,2,atk_zrms_jndd,atk_zrms_jnbd,,,0,0,,,,1,0,0,
43086002,0,bullet,2,atk_zrms_jndd,atk_zrms_jnbd,,,0,0,,,,1,0,0,
43085012,0,none,2,sk_zrms_jnbd,,,,0,3,,,,1,0,0,
43086012,0,none,2,sk_zrms_jnbd,,,,0,3,,,,1,0,0,
4308a012,0,none,2,sk_zrms_jnbd,,,,0,3,,,,1,0,0,
32075002,3,none,2,,,,,0,0,,,,1,0,0,
32076002,3,none,2,,,,,0,0,,,,1,0,0,
32075012,3,none,2,,,,,0,0,sklsound_20,,,1,0,0,
32076012,3,none,2,,,,,0,0,sklsound_20,,,1,0,0,
3207a012,3,none,2,,,,,0,0,sklsound_20,,,1,0,0,
32075102,3,none,2,skilljson_hy_pifu,,,,0,3,sklsound_20,,,1,0,0,
32076102,3,none,2,skilljson_hy_pifu,,,,0,3,sklsound_20,,,1,0,0,
3207a102,3,none,2,skilljson_hy_pifu,,,,0,3,sklsound_20,,,1,0,0,
32075002_3207001,3,none,2,,,,,0,0,,,,1,0,0,
32076002_3207001,3,none,2,,,,,0,0,,,,1,0,0,
32075012_3207001,3,none,2,,,,,0,0,sklsound_20,,,1,0,0,
32076012_3207001,3,none,2,,,,,0,0,sklsound_20,,,1,0,0,
3207a012_3207001,3,none,2,,,,,0,0,sklsound_20,,,1,0,0,
32075102_3207001,3,none,2,skilljson_hy_pifu,,,,0,3,sklsound_20,,,1,0,0,
32076102_3207001,3,none,2,skilljson_hy_pifu,,,,0,3,sklsound_20,,,1,0,0,
3207a102_3207001,3,none,2,skilljson_hy_pifu,,,,0,3,sklsound_20,,,1,0,0,
11105002_1110001,3,none,2,,,,,0,0,sklsound_04,,,1,0,0,
11106002_1110001,3,none,2,,,,,0,0,sklsound_04,,,1,0,0,
11105012_1110001,0,none,2,,,,,0,2,sklsound_36,,,1,0,0,
11106012_1110001,0,none,2,,,,,0,2,sklsound_36,,,1,0,0,
1110a012_1110001,0,none,2,,,,,0,2,sklsound_36,,,1,0,0,
61035002,0,bullet,2,atk_zxg_jndd,atk_zxg_jnbd,,,0,0,sklsound_44,,,1,0,0,
61036002,0,bullet,2,atk_zxg_jndd,atk_zxg_jnbd,,,0,0,sklsound_44,,,1,0,0,
61035022,0,bullet,2,atk_zxg_jndd,atk_zxg_jnbd,,,0,0,sklsound_44,,,1,0,0,
61036022,0,bullet,2,atk_zxg_jndd,atk_zxg_jnbd,,,0,0,sklsound_44,,,1,0,0,
6103a022,0,bullet,2,atk_zxg_jndd,atk_zxg_jnbd,,,0,0,sklsound_44,,,1,0,0,
61035012,0,bullet,2,sk_zxg_jndd,sk_zxg_jnbd,,,0,2,sklsound_04,,,1,0,0,
61036012,0,bullet,2,sk_zxg_jndd,sk_zxg_jnbd,,,0,2,sklsound_04,,,1,0,0,
6103a012,0,bullet,2,sk_zxg_jndd,sk_zxg_jnbd,,,0,2,sklsound_04,,,1,0,0,
61035403,0,none,full,sk_zxg_jnjg,,,,0,0,sklsound_36,,,1,0,0,
61036403,0,none,full,sk_zxg_jnjg,,,,0,0,sklsound_36,,,1,0,0,
6103a403,0,none,full,sk_zxg_jnjg,,,,0,0,sklsound_36,,,1,0,0,
41075002_4107001,0,bullet,2,atk_cx_jndd,atk_cx_jnbd,,,0,0,sklsound_04,,,1,0,0,
41076002_4107001,0,bullet,2,atk_cx_jndd,atk_cx_jnbd,,,0,0,sklsound_04,,,1,0,0,
41075012_4107001,0,bullet,2,sk_cx_jndd,sk_cx_jnbd,,,0,2,sklsound_34,,,1,0,0,
41076012_4107001,0,bullet,2,sk_cx_jndd,sk_cx_jnbd,,,0,2,sklsound_34,,,1,0,0,
4107a012_4107001,0,bullet,2,sk_cx_jndd,sk_cx_jnbd,,,0,2,sklsound_34,,,1,0,0,
64025002_6402002,3,none,2,atk_gc_jnbd,,,,0,0,sklsound_01,,,1,0,0,
64026002_6402002,3,none,2,atk_gc_jnbd,,,,0,0,sklsound_01,,,1,0,0,
64025112_6402002,3,none,2,atk_gc_jnbd,,,,0,0,sklsound_01,,,1,0,0,
64026112_6402002,3,none,2,atk_gc_jnbd,,,,0,0,sklsound_01,,,1,0,0,
6402a112_6402002,3,none,2,atk_gc_jnbd,,,,0,0,sklsound_01,,,1,0,0,
64025012_6402002,0,bullet,2,sk_gc_jndd,sk_gc_jnbd,,,0,3,sklsound_43,,,1,0,0,
64026012_6402002,0,bullet,2,sk_gc_jndd,sk_gc_jnbd,,,0,3,sklsound_43,,,1,0,0,
6402a012_6402002,0,bullet,2,sk_gc_jndd,sk_gc_jnbd,,,0,3,sklsound_43,,,1,0,0,
21065002_2106001,3,none,2,,,,,0,0,sklsound_09,,,1,0,0,
21066002_2106001,3,none,2,,,,,0,0,sklsound_09,,,1,0,0,
21065012_2106001,0,none,2,sk_sbtj_jndd,sk_sbtj_jndb,,,0,2,sklsound_09,,,1,0,0,
21066012_2106001,0,none,2,sk_sbtj_jndd,sk_sbtj_jndb,,,0,2,sklsound_09,,,1,0,0,
2106a012_2106001,0,none,2,sk_sbtj_jndd,sk_sbtj_jndb,,,0,2,sklsound_09,,,1,0,0,
21065112_2106001,0,none,2,sk_sbtj_jndd,sk_sbtj_jndb,,,0,2,sklsound_09,,,1,0,0,
21066112_2106001,0,none,2,sk_sbtj_jndd,sk_sbtj_jndb,,,0,2,sklsound_09,,,1,0,0,
2106a112_2106001,0,none,2,sk_sbtj_jndd,sk_sbtj_jndb,,,0,2,sklsound_09,,,1,0,0,
55035002,0,bullet,2,atk_hayx_jndd,atk_hayx_jnbd,,,0,0,sklsound_02,,,1,0,0,
55036002,0,bullet,2,atk_hayx_jndd,atk_hayx_jnbd,,,0,0,sklsound_02,,,1,0,0,
55035022,0,bullet,2,atk_hayx_jndd,atk_hayx_jnbd,,,0,0,sklsound_02,,,1,0,0,
55036022,0,bullet,2,atk_hayx_jndd,atk_hayx_jnbd,,,0,0,sklsound_02,,,1,0,0,
5503a022,0,bullet,2,atk_hayx_jndd,atk_hayx_jnbd,,,0,0,sklsound_02,,,1,0,0,
55035012,0,none,2,sk_hayx_jnbd,,,,0,0,sklsound_11,,,1,0,0,
55036012,0,none,2,sk_hayx_jnbd,,,,0,0,sklsound_11,,,1,0,0,
5503a012,0,none,2,sk_hayx_jnbd,,,,0,0,sklsound_11,,,1,0,0,
25085002_2508002,0,bullet,2,atk_zrds_jndd,atk_zrds_jnbd,,,0,0,sklsound_07,,,1,0,0,
25086002_2508002,0,bullet,2,atk_zrds_jndd,atk_zrds_jnbd,,,0,0,sklsound_07,,,1,0,0,
25085202_2508002,0,bullet,2,atk_zrds_jndd,atk_zrds_jnbd,,,0,0,sklsound_07,,,1,0,0,
25086202_2508002,0,bullet,2,atk_zrds_jndd,atk_zrds_jnbd,,,0,0,sklsound_07,,,1,0,0,
2508a202_2508002,0,bullet,2,atk_zrds_jndd,atk_zrds_jnbd,,,0,0,sklsound_07,,,1,0,0,
25085012_2508002,0,bullet,2,sk_zrds_jnbd,,,,0,2,sklsound_33,,,1,0,0,
25086012_2508002,0,bullet,2,sk_zrds_jnbd,,,,0,2,sklsound_33,,,1,0,0,
2508a012_2508002,0,bullet,2,sk_zrds_jnbd,,,,0,2,sklsound_33,,,1,0,0,
33045002,0,bullet,2,atk_lxmr_pgzd,atk_lxmr_pgbd,,,0,0,,,,1,0,0,
33046002,0,bullet,2,atk_lxmr_pgzd,atk_lxmr_pgbd,,,0,0,,,,1,0,0,
33045012,0,none,2,atk_lxmr_jnbd,,,,0,0,,,,1,0,0,
33046012,0,none,2,atk_lxmr_jnbd,,,,0,0,,,,1,0,0,
3304a012,0,none,2,atk_lxmr_jnbd,,,,0,0,,,,1,0,0,
33045404,0,none,2,atk_lxmr_buff,,,,0,0,,,,1,0,0,
33045304,0,none,2,atk_lxmr_zl,,,,0,0,,,,1,0,0,
14065002,0,bullet,2,atk_wlck_jndd,atk_wlck_jnbd,,,0,0,,,,1,0,0,
14066002,0,bullet,2,atk_wlck_jndd,atk_wlck_jnbd,,,0,0,,,,1,0,0,
14065012,0,none,2,sk_wlck_jndd,sk_wlck_jnbd,,,0,0,,,,1,0,0,
14066012,0,none,2,sk_wlck_jndd,sk_wlck_jnbd,,,0,0,,,,1,0,0,
1406a012,0,none,2,sk_wlck_jndd,sk_wlck_jnbd,,,0,0,,,,1,0,0,
14065022,0,bullet,2,atk_wlck_jndd,atk_wlck_jnbd,,,0,0,,,,1,0,0,
14066022,0,bullet,2,atk_wlck_jndd,atk_wlck_jnbd,,,0,0,,,,1,0,0,
1406a022,0,bullet,2,atk_wlck_jndd,atk_wlck_jnbd,,,0,0,,,,1,0,0,
5302002,0,none,1,skilljson_anmu_jnbaozha,,,,0,2,sklsound_34,,,1,0,0,
61035002_6103001,5,bullet,2,,atk_jxzj_jnbd,,,0,0,sklsound_44,,,1,0,0,
61036002_6103001,5,bullet,2,,atk_jxzj_jnbd,,,0,0,sklsound_44,,,1,0,0,
61035022_6103001,5,bullet,2,,atk_jxzj_jnbd,,,0,0,sklsound_44,,,1,0,0,
61036022_6103001,5,bullet,2,,atk_jxzj_jnbd,,,0,0,sklsound_44,,,1,0,0,
6103a022_6103001,5,bullet,2,,atk_jxzj_jnbd,,,0,0,sklsound_44,,,1,0,0,
61035012_6103001,0,bullet,2,,sk_jxzj_jnbd1,,sk_jxzj_jnbd2,1,2,sklsound_04,,,1,0,0,
61036012_6103001,0,bullet,2,,sk_jxzj_jnbd1,,sk_jxzj_jnbd2,1,2,sklsound_04,,,1,0,0,
6103a012_6103001,0,bullet,2,,sk_jxzj_jnbd1,,sk_jxzj_jnbd2,1,2,sklsound_04,,,1,0,0,
61035403_6103001,0,bullet,2,sk_jxzj_jnjg,bd_jxzj_jnbd,,,0,0,sklsound_36,,,1,0,0,
61036403_6103001,0,bullet,2,sk_jxzj_jnjg,bd_jxzj_jnbd,,,0,0,sklsound_36,,,1,0,0,
6103a403_6103001,0,bullet,2,sk_jxzj_jnjg,bd_jxzj_jnbd,,,0,0,sklsound_36,,,1,0,0,
61035403_6103001_1,0,none,3,sk_jxzj_jncd,,,,0,0,,,,1,0,0,
61036403_6103001_1,0,none,3,sk_jxzj_jncd,,,,0,0,,,,1,0,0,
6103a403_6103001_1,0,bullet,3,sk_jxzj_jncd,,,,0,0,,,,1,0,0,
7101a002,5,none,2,,sk_xkzs_jnbd1,,,0,0,,,,1,0,0,
7101a022,5,none,2,,sk_xkzs_jnbd1,,,0,0,,,,1,0,0,
7101a012,3,bullet,2,sk_xkzs_jndd,sk_xkzs_jnbd1,,sk_xkzs_jnbd2,1,0,,,,1,0,0,
44065002,4,none,2,,skillani_44065_pg,,,0,0,,,,1,0,0,
44066002,4,none,2,,skillani_44066_pg,,,0,0,,,,1,0,0,
44065022,4,none,2,,skillani_44065_pg,,,0,0,,,,1,0,0,
44066022,4,none,2,,skillani_44066_pg,,,0,0,,,,1,0,0,
4406a022,4,none,2,,skillani_4406a_pg,,,0,0,,,,1,0,0,
44065012,3,none,2,,sk_zrck_jnbd,,,0,0,,,,1,0,0,
44066012,3,none,2,,sk_zrck_jnbd,,,0,0,,,,1,0,0,
4406a012,3,none,2,,sk_zrck_jnbd,,,0,0,,,,1,0,0,
44065404,0,none,3,,bf_zrck_bd,,,0,0,,,,1,0,0,
44066404,0,none,3,,bf_zrck_bd,,,0,0,,,,1,0,0,
4406a404,0,none,3,,bf_zrck_bd,,,0,0,,,,1,0,0,
44065414,0,none,3,,bf_zrck_bd,,,0,0,,,,1,0,0,
44066414,0,none,3,,bf_zrck_bd,,,0,0,,,,1,0,0,
4406a414,0,none,3,,bf_zrck_bd,,,0,0,,,,1,0,0,
1560002,0,none,1,skilljson_guangdalingzhu_pgbd,,,,0,0,sklsound_22,,,1,0,0,
35055002_3505002,3,none,2,skilljson_yifulite_pifu1,skilljson_yifulite_pifu2,,,0,0,sklsound_04,,,1,0,0,
35056002_3505002,3,none,2,skilljson_yifulite_pifu1,skilljson_yifulite_pifu2,,,0,0,sklsound_04,,,1,0,0,
35055012_3505002,0,bullet,2,skilljson_yifulite_pifu3,skilljson_yifulite_pifu4,,,0,2,sklsound_24,,,1,0,0,
35056012_3505002,0,bullet,2,skilljson_yifulite_pifu3,skilljson_yifulite_pifu4,,,0,2,sklsound_24,,,1,0,0,
3505a012_3505002,0,bullet,2,skilljson_yifulite_pifu3,skilljson_yifulite_pifu4,,,0,2,sklsound_24,,,1,0,0,
51025002_5102002,0,bullet,2,skilljson_heikong_pifu1,skilljson_heikong_pifu2,,,0,0,sklsound_36,,,1,0,0,
51026002_5102002,0,bullet,2,skilljson_heikong_pifu1,skilljson_heikong_pifu2,,,0,0,sklsound_36,,,1,0,0,
51025202_5102002,0,bullet,2,skilljson_heikong_pifu1,skilljson_heikong_pifu2,,,0,0,sklsound_36,,,1,0,0,
51026202_5102002,0,bullet,2,skilljson_heikong_pifu1,skilljson_heikong_pifu2,,,0,0,sklsound_36,,,1,0,0,
5102a202_5102002,0,bullet,2,skilljson_heikong_pifu1,skilljson_heikong_pifu2,,,0,0,sklsound_36,,,1,0,0,
51025012_5102002,0,none,2,skilljson_heikong_pifu3,,,,0,2,sklsound_38,,,1,0,0,
51026012_5102002,0,none,2,skilljson_heikong_pifu3,,,,0,2,sklsound_38,,,1,0,0,
5102a012_5102002,0,none,2,skilljson_heikong_pifu3,,,,0,2,sklsound_38,,,1,0,0,
22085002,0,bullet,2,aoshumoshushi_pgdd,aoshumoshushi_pgbd,,,0,0,sklsound_02,,,1,0,0,
22086002,0,bullet,2,aoshumoshushi_pgdd,aoshumoshushi_pgbd,,,0,0,sklsound_02,,,1,0,0,
2208a022,0,bullet,2,aoshumoshushi_pgdd,aoshumoshushi_pgbd,,,0,0,sklsound_02,,,1,0,0,
22085012,0,bullet,2,aoshumoshushi_jndd,aoshumoshushi_jnbd,,,0,0,sklsound_49,,,1,0,0,
22086012,0,bullet,2,aoshumoshushi_jndd,aoshumoshushi_jnbd,,,0,0,sklsound_49,,,1,0,0,
2208a012,0,bullet,2,aoshumoshushi_jndd,aoshumoshushi_jnbd,,,0,0,sklsound_49,,,1,0,0,
bianxing,0,none,2,aoshumoshushi_jn,skillani_22085_yang,,,0,0,sklsound_51,,,1,4,0,
