层数,关卡,地图,boss战斗,boss奖励,小怪战斗,小怪奖励,名字,解密id,解密名字,随机事件,类型,手动挑战,扫荡获得
1,json/syzc/syzcmap1.json,symap1,71001,"[{""a"": ""item"", ""t"": ""2093"", ""n"": 160},{""a"": ""attr"", ""t"": ""jinbi"", ""n"":80000}]","[""72001"",""72001"",""72001"",""72001""]","[{""a"": ""item"", ""t"": ""2093"", ""n"":26},{""a"": ""attr"", ""t"": ""jinbi"", ""n"": 2600}]",第1层,1,截断情报,"{""4"": 15,""7"": 0,""12"": 0,""13"": 0,""10"": 0}",0,"[{""a"": ""item"", ""t"": ""2093"", ""n"":1749}]","[{""a"": ""item"", ""t"": ""2093"", ""n"":1574}]"
2,json/syzc/syzcmap2.json,symap2,71002,"[{""a"": ""item"", ""t"": ""2093"", ""n"": 161},{""a"": ""attr"", ""t"": ""jinbi"", ""n"":80500}]","[""72002"",""72002"",""72002"",""72002""]","[{""a"": ""item"", ""t"": ""2093"", ""n"":26},{""a"": ""attr"", ""t"": ""jinbi"", ""n"": 2600}]",第2层,2,运送物资,"{""4"": 15,""7"": 0,""14"": 0,""15"": 0,""10"": 0}",0,"[{""a"": ""item"", ""t"": ""2093"", ""n"":1750}]","[{""a"": ""item"", ""t"": ""2093"", ""n"":1575}]"
3,json/syzc/syzcmap3.json,symap3,71003,"[{""a"": ""item"", ""t"": ""2093"", ""n"":162},{""a"": ""attr"", ""t"": ""jinbi"", ""n"":81000}]","[""72003"",""72003"",""72003"",""72003""]","[{""a"": ""item"", ""t"": ""2093"", ""n"":26},{""a"": ""attr"", ""t"": ""jinbi"", ""n"": 2600}]",第3层,3,噬魂共振,"{""4"": 15,""7"": 0,""16"": 0,""17"": 0,""18"": 0,""19"": 0,""10"": 0}",0,"[{""a"": ""item"", ""t"": ""2093"", ""n"":1751}]","[{""a"": ""item"", ""t"": ""2093"", ""n"":1575}]"
4,json/syzc/syzcmap4.json,symap4,71004,"[{""a"": ""item"", ""t"": ""2093"", ""n"":163},{""a"": ""attr"", ""t"": ""jinbi"", ""n"":81500}]","[""72004"",""72004"",""72004"",""72004""]","[{""a"": ""item"", ""t"": ""2093"", ""n"":26},{""a"": ""attr"", ""t"": ""jinbi"", ""n"": 2600}]",第4层,4,追踪领主,"{""4"": 15,""7"": 0,""21"": 0,""22"": 0,""23"": 0,""10"": 0}",0,"[{""a"": ""item"", ""t"": ""2093"", ""n"":1752}]","[{""a"": ""item"", ""t"": ""2093"", ""n"":1576}]"
5,json/syzc/syzcmap5.json,symap5,71005,"[{""a"": ""item"", ""t"": ""2093"", ""n"":164},{""a"": ""attr"", ""t"": ""jinbi"", ""n"":82000}]","[""72005"",""72005"",""72005"",""72005""]","[{""a"": ""item"", ""t"": ""2093"", ""n"":26},{""a"": ""attr"", ""t"": ""jinbi"", ""n"": 2600}]",第5层,1,截断情报,{"4": 15},1,"[{""a"": ""item"", ""t"": ""2093"", ""n"":1753}]","[{""a"": ""item"", ""t"": ""2093"", ""n"":1577}]"
6,json/syzc/syzcmap6.json,symap6,71006,"[{""a"": ""item"", ""t"": ""2093"", ""n"":165},{""a"": ""attr"", ""t"": ""jinbi"", ""n"":82500}]","[""72006"",""72006"",""72006"",""72006""]","[{""a"": ""item"", ""t"": ""2093"", ""n"":27},{""a"": ""attr"", ""t"": ""jinbi"", ""n"": 2700}]",第6层,2,运送物资,"{""4"": 15,""7"": 0,""14"": 0,""15"": 0,""10"": 0}",0,"[{""a"": ""item"", ""t"": ""2093"", ""n"":1758}]","[{""a"": ""item"", ""t"": ""2093"", ""n"":1582}]"
7,json/syzc/syzcmap7.json,symap7,71007,"[{""a"": ""item"", ""t"": ""2093"", ""n"":166},{""a"": ""attr"", ""t"": ""jinbi"", ""n"":83000}]","[""72007"",""72007"",""72007"",""72007""]","[{""a"": ""item"", ""t"": ""2093"", ""n"":27},{""a"": ""attr"", ""t"": ""jinbi"", ""n"": 2700}]",第7层,3,噬魂共振,"{""4"": 15,""7"": 0,""16"": 0,""17"": 0,""18"": 0,""19"": 0,""10"": 0}",0,"[{""a"": ""item"", ""t"": ""2093"", ""n"":1759}]","[{""a"": ""item"", ""t"": ""2093"", ""n"":1583}]"
8,json/syzc/syzcmap8.json,symap8,71008,"[{""a"": ""item"", ""t"": ""2093"", ""n"":167},{""a"": ""attr"", ""t"": ""jinbi"", ""n"":83500}]","[""72008"",""72008"",""72008"",""72008""]","[{""a"": ""item"", ""t"": ""2093"", ""n"":27},{""a"": ""attr"", ""t"": ""jinbi"", ""n"": 2700}]",第8层,4,追踪领主,"{""4"": 15,""7"": 0,""21"": 0,""22"": 0,""23"": 0,""10"": 0}",0,"[{""a"": ""item"", ""t"": ""2093"", ""n"":1760}]","[{""a"": ""item"", ""t"": ""2093"", ""n"":1584}]"
9,json/syzc/syzcmap9.json,symap9,71009,"[{""a"": ""item"", ""t"": ""2093"", ""n"":168},{""a"": ""attr"", ""t"": ""jinbi"", ""n"":84000}]","[""72009"",""72009"",""72009"",""72009""]","[{""a"": ""item"", ""t"": ""2093"", ""n"":27},{""a"": ""attr"", ""t"": ""jinbi"", ""n"": 2700}]",第9层,1,截断情报,"{""4"": 15,""7"": 0,""12"": 0,""13"": 0,""10"": 0}",0,"[{""a"": ""item"", ""t"": ""2093"", ""n"":1761}]","[{""a"": ""item"", ""t"": ""2093"", ""n"":1584}]"
10,json/syzc/syzcmap10.json,symap10,71010,"[{""a"": ""item"", ""t"": ""2093"", ""n"":169},{""a"": ""attr"", ""t"": ""jinbi"", ""n"":84500}]","[""72010"",""72010"",""72010"",""72010""]","[{""a"": ""item"", ""t"": ""2093"", ""n"":27},{""a"": ""attr"", ""t"": ""jinbi"", ""n"": 2700}]",第10层,2,运送物资,{"4": 15},1,"[{""a"": ""item"", ""t"": ""2093"", ""n"":1762}]","[{""a"": ""item"", ""t"": ""2093"", ""n"":1585}]"
11,json/syzc/syzcmap11.json,symap11,71011,"[{""a"": ""item"", ""t"": ""2093"", ""n"":170},{""a"": ""attr"", ""t"": ""jinbi"", ""n"":85000}]","[""72011"",""72011"",""72011"",""72011""]","[{""a"": ""item"", ""t"": ""2093"", ""n"":28},{""a"": ""attr"", ""t"": ""jinbi"", ""n"": 2800}]",第11层,3,噬魂共振,"{""4"": 15,""7"": 0,""16"": 0,""17"": 0,""18"": 0,""19"": 0,""10"": 0}",0,"[{""a"": ""item"", ""t"": ""2093"", ""n"":1767}]","[{""a"": ""item"", ""t"": ""2093"", ""n"":1590}]"
12,json/syzc/syzcmap12.json,symap12,71012,"[{""a"": ""item"", ""t"": ""2093"", ""n"":171},{""a"": ""attr"", ""t"": ""jinbi"", ""n"":85500}]","[""72012"",""72012"",""72012"",""72012""]","[{""a"": ""item"", ""t"": ""2093"", ""n"":28},{""a"": ""attr"", ""t"": ""jinbi"", ""n"": 2800}]",第12层,4,追踪领主,"{""4"": 15,""7"": 0,""21"": 0,""22"": 0,""23"": 0,""10"": 0}",0,"[{""a"": ""item"", ""t"": ""2093"", ""n"":1768}]","[{""a"": ""item"", ""t"": ""2093"", ""n"":1591}]"
13,json/syzc/syzcmap1.json,symap1,71013,"[{""a"": ""item"", ""t"": ""2093"", ""n"":172},{""a"": ""attr"", ""t"": ""jinbi"", ""n"":86000}]","[""72013"",""72013"",""72013"",""72013""]","[{""a"": ""item"", ""t"": ""2093"", ""n"":28},{""a"": ""attr"", ""t"": ""jinbi"", ""n"": 2800}]",第13层,1,截断情报,"{""4"": 15,""7"": 0,""12"": 0,""13"": 0,""10"": 0}",0,"[{""a"": ""item"", ""t"": ""2093"", ""n"":1769}]","[{""a"": ""item"", ""t"": ""2093"", ""n"":1592}]"
14,json/syzc/syzcmap2.json,symap2,71014,"[{""a"": ""item"", ""t"": ""2093"", ""n"":173},{""a"": ""attr"", ""t"": ""jinbi"", ""n"":86500}]","[""72014"",""72014"",""72014"",""72014""]","[{""a"": ""item"", ""t"": ""2093"", ""n"":28},{""a"": ""attr"", ""t"": ""jinbi"", ""n"": 2800}]",第14层,2,运送物资,"{""4"": 15,""7"": 0,""14"": 0,""15"": 0,""10"": 0}",0,"[{""a"": ""item"", ""t"": ""2093"", ""n"":1770}]","[{""a"": ""item"", ""t"": ""2093"", ""n"":1593}]"
15,json/syzc/syzcmap3.json,symap3,71015,"[{""a"": ""item"", ""t"": ""2093"", ""n"":174},{""a"": ""attr"", ""t"": ""jinbi"", ""n"":87000}]","[""72015"",""72015"",""72015"",""72015""]","[{""a"": ""item"", ""t"": ""2093"", ""n"":28},{""a"": ""attr"", ""t"": ""jinbi"", ""n"": 2800}]",第15层,3,噬魂共振,{"4": 15},1,"[{""a"": ""item"", ""t"": ""2093"", ""n"":1771}]","[{""a"": ""item"", ""t"": ""2093"", ""n"":1593}]"
16,json/syzc/syzcmap4.json,symap4,71016,"[{""a"": ""item"", ""t"": ""2093"", ""n"":175},{""a"": ""attr"", ""t"": ""jinbi"", ""n"":87500}]","[""72016"",""72016"",""72016"",""72016""]","[{""a"": ""item"", ""t"": ""2093"", ""n"":29},{""a"": ""attr"", ""t"": ""jinbi"", ""n"": 2900}]",第16层,4,追踪领主,"{""4"": 15,""7"": 0,""21"": 0,""22"": 0,""23"": 0,""10"": 0}",0,"[{""a"": ""item"", ""t"": ""2093"", ""n"":1776}]","[{""a"": ""item"", ""t"": ""2093"", ""n"":1598}]"
17,json/syzc/syzcmap5.json,symap5,71017,"[{""a"": ""item"", ""t"": ""2093"", ""n"":176},{""a"": ""attr"", ""t"": ""jinbi"", ""n"":88000}]","[""72017"",""72017"",""72017"",""72017""]","[{""a"": ""item"", ""t"": ""2093"", ""n"":29},{""a"": ""attr"", ""t"": ""jinbi"", ""n"": 2900}]",第17层,1,截断情报,"{""4"": 15,""7"": 0,""12"": 0,""13"": 0,""10"": 0}",0,"[{""a"": ""item"", ""t"": ""2093"", ""n"":1777}]","[{""a"": ""item"", ""t"": ""2093"", ""n"":1599}]"
18,json/syzc/syzcmap6.json,symap6,71018,"[{""a"": ""item"", ""t"": ""2093"", ""n"":177},{""a"": ""attr"", ""t"": ""jinbi"", ""n"":88500}]","[""72018"",""72018"",""72018"",""72018""]","[{""a"": ""item"", ""t"": ""2093"", ""n"":29},{""a"": ""attr"", ""t"": ""jinbi"", ""n"": 2900}]",第18层,2,运送物资,"{""4"": 15,""7"": 0,""14"": 0,""15"": 0,""10"": 0}",0,"[{""a"": ""item"", ""t"": ""2093"", ""n"":1778}]","[{""a"": ""item"", ""t"": ""2093"", ""n"":1600}]"
19,json/syzc/syzcmap7.json,symap7,71019,"[{""a"": ""item"", ""t"": ""2093"", ""n"":178},{""a"": ""attr"", ""t"": ""jinbi"", ""n"":89000}]","[""72019"",""72019"",""72019"",""72019""]","[{""a"": ""item"", ""t"": ""2093"", ""n"":29},{""a"": ""attr"", ""t"": ""jinbi"", ""n"": 2900}]",第19层,3,噬魂共振,"{""4"": 15,""7"": 0,""16"": 0,""17"": 0,""18"": 0,""19"": 0,""10"": 0}",0,"[{""a"": ""item"", ""t"": ""2093"", ""n"":1779}]","[{""a"": ""item"", ""t"": ""2093"", ""n"":1601}]"
20,json/syzc/syzcmap8.json,symap8,71020,"[{""a"": ""item"", ""t"": ""2093"", ""n"":179},{""a"": ""attr"", ""t"": ""jinbi"", ""n"":89500}]","[""72020"",""72020"",""72020"",""72020""]","[{""a"": ""item"", ""t"": ""2093"", ""n"":29},{""a"": ""attr"", ""t"": ""jinbi"", ""n"": 2900}]",第20层,4,追踪领主,{"4": 15},1,"[{""a"": ""item"", ""t"": ""2093"", ""n"":1780}]","[{""a"": ""item"", ""t"": ""2093"", ""n"":1602}]"
21,json/syzc/syzcmap9.json,symap9,71021,"[{""a"": ""item"", ""t"": ""2093"", ""n"":180},{""a"": ""attr"", ""t"": ""jinbi"", ""n"":90000}]","[""72021"",""72021"",""72021"",""72021""]","[{""a"": ""item"", ""t"": ""2093"", ""n"":30},{""a"": ""attr"", ""t"": ""jinbi"", ""n"": 3000}]",第21层,1,截断情报,"{""4"": 15,""7"": 0,""12"": 0,""13"": 0,""10"": 0}",0,"[{""a"": ""item"", ""t"": ""2093"", ""n"":1785}]","[{""a"": ""item"", ""t"": ""2093"", ""n"":1606}]"
22,json/syzc/syzcmap10.json,symap10,71022,"[{""a"": ""item"", ""t"": ""2093"", ""n"":181},{""a"": ""attr"", ""t"": ""jinbi"", ""n"":90500}]","[""72022"",""72022"",""72022"",""72022""]","[{""a"": ""item"", ""t"": ""2093"", ""n"":30},{""a"": ""attr"", ""t"": ""jinbi"", ""n"": 3000}]",第22层,2,运送物资,"{""4"": 15,""7"": 0,""14"": 0,""15"": 0,""10"": 0}",0,"[{""a"": ""item"", ""t"": ""2093"", ""n"":1786}]","[{""a"": ""item"", ""t"": ""2093"", ""n"":1607}]"
23,json/syzc/syzcmap11.json,symap11,71023,"[{""a"": ""item"", ""t"": ""2093"", ""n"":182},{""a"": ""attr"", ""t"": ""jinbi"", ""n"":91000}]","[""72023"",""72023"",""72023"",""72023""]","[{""a"": ""item"", ""t"": ""2093"", ""n"":30},{""a"": ""attr"", ""t"": ""jinbi"", ""n"": 3000}]",第23层,3,噬魂共振,"{""4"": 15,""7"": 0,""16"": 0,""17"": 0,""18"": 0,""19"": 0,""10"": 0}",0,"[{""a"": ""item"", ""t"": ""2093"", ""n"":1787}]","[{""a"": ""item"", ""t"": ""2093"", ""n"":1608}]"
24,json/syzc/syzcmap12.json,symap12,71024,"[{""a"": ""item"", ""t"": ""2093"", ""n"":183},{""a"": ""attr"", ""t"": ""jinbi"", ""n"":91500}]","[""72024"",""72024"",""72024"",""72024""]","[{""a"": ""item"", ""t"": ""2093"", ""n"":30},{""a"": ""attr"", ""t"": ""jinbi"", ""n"": 3000}]",第24层,4,追踪领主,"{""4"": 15,""7"": 0,""21"": 0,""22"": 0,""23"": 0,""10"": 0}",0,"[{""a"": ""item"", ""t"": ""2093"", ""n"":1788}]","[{""a"": ""item"", ""t"": ""2093"", ""n"":1609}]"
25,json/syzc/syzcmap1.json,symap1,71025,"[{""a"": ""item"", ""t"": ""2093"", ""n"":184},{""a"": ""attr"", ""t"": ""jinbi"", ""n"":92000}]","[""72025"",""72025"",""72025"",""72025""]","[{""a"": ""item"", ""t"": ""2093"", ""n"":30},{""a"": ""attr"", ""t"": ""jinbi"", ""n"": 3000}]",第25层,1,截断情报,{"4": 15},1,"[{""a"": ""item"", ""t"": ""2093"", ""n"":1789}]","[{""a"": ""item"", ""t"": ""2093"", ""n"":1610}]"
26,json/syzc/syzcmap2.json,symap2,71026,"[{""a"": ""item"", ""t"": ""2093"", ""n"":185},{""a"": ""attr"", ""t"": ""jinbi"", ""n"":92500}]","[""72026"",""72026"",""72026"",""72026""]","[{""a"": ""item"", ""t"": ""2093"", ""n"":31},{""a"": ""attr"", ""t"": ""jinbi"", ""n"": 3100}]",第26层,2,运送物资,"{""4"": 15,""7"": 0,""14"": 0,""15"": 0,""10"": 0}",0,"[{""a"": ""item"", ""t"": ""2093"", ""n"":1794}]","[{""a"": ""item"", ""t"": ""2093"", ""n"":1614}]"
27,json/syzc/syzcmap3.json,symap3,71027,"[{""a"": ""item"", ""t"": ""2093"", ""n"":186},{""a"": ""attr"", ""t"": ""jinbi"", ""n"":93000}]","[""72027"",""72027"",""72027"",""72027""]","[{""a"": ""item"", ""t"": ""2093"", ""n"":31},{""a"": ""attr"", ""t"": ""jinbi"", ""n"": 3100}]",第27层,3,噬魂共振,"{""4"": 15,""7"": 0,""16"": 0,""17"": 0,""18"": 0,""19"": 0,""10"": 0}",0,"[{""a"": ""item"", ""t"": ""2093"", ""n"":1795}]","[{""a"": ""item"", ""t"": ""2093"", ""n"":1615}]"
28,json/syzc/syzcmap4.json,symap4,71028,"[{""a"": ""item"", ""t"": ""2093"", ""n"":187},{""a"": ""attr"", ""t"": ""jinbi"", ""n"":93500}]","[""72028"",""72028"",""72028"",""72028""]","[{""a"": ""item"", ""t"": ""2093"", ""n"":31},{""a"": ""attr"", ""t"": ""jinbi"", ""n"": 3100}]",第28层,4,追踪领主,"{""4"": 15,""7"": 0,""21"": 0,""22"": 0,""23"": 0,""10"": 0}",0,"[{""a"": ""item"", ""t"": ""2093"", ""n"":1796}]","[{""a"": ""item"", ""t"": ""2093"", ""n"":1616}]"
29,json/syzc/syzcmap5.json,symap5,71029,"[{""a"": ""item"", ""t"": ""2093"", ""n"":188},{""a"": ""attr"", ""t"": ""jinbi"", ""n"":94000}]","[""72029"",""72029"",""72029"",""72029""]","[{""a"": ""item"", ""t"": ""2093"", ""n"":31},{""a"": ""attr"", ""t"": ""jinbi"", ""n"": 3100}]",第29层,1,截断情报,"{""4"": 15,""7"": 0,""12"": 0,""13"": 0,""10"": 0}",0,"[{""a"": ""item"", ""t"": ""2093"", ""n"":1797}]","[{""a"": ""item"", ""t"": ""2093"", ""n"":1617}]"
30,json/syzc/syzcmap6.json,symap6,71030,"[{""a"": ""item"", ""t"": ""2093"", ""n"":189},{""a"": ""attr"", ""t"": ""jinbi"", ""n"":94500}]","[""72030"",""72030"",""72030"",""72030""]","[{""a"": ""item"", ""t"": ""2093"", ""n"":31},{""a"": ""attr"", ""t"": ""jinbi"", ""n"": 3100}]",第30层,2,运送物资,{"4": 15},1,"[{""a"": ""item"", ""t"": ""2093"", ""n"":1798}]","[{""a"": ""item"", ""t"": ""2093"", ""n"":1618}]"
31,json/syzc/syzcmap7.json,symap7,71031,"[{""a"": ""item"", ""t"": ""2093"", ""n"":190},{""a"": ""attr"", ""t"": ""jinbi"", ""n"":95000}]","[""72031"",""72031"",""72031"",""72031""]","[{""a"": ""item"", ""t"": ""2093"", ""n"":32},{""a"": ""attr"", ""t"": ""jinbi"", ""n"": 3200}]",第31层,3,噬魂共振,"{""4"": 15,""7"": 0,""16"": 0,""17"": 0,""18"": 0,""19"": 0,""10"": 0}",0,"[{""a"": ""item"", ""t"": ""2093"", ""n"":1803}]","[{""a"": ""item"", ""t"": ""2093"", ""n"":1622}]"
32,json/syzc/syzcmap8.json,symap8,71032,"[{""a"": ""item"", ""t"": ""2093"", ""n"":191},{""a"": ""attr"", ""t"": ""jinbi"", ""n"":95500}]","[""72032"",""72032"",""72032"",""72032""]","[{""a"": ""item"", ""t"": ""2093"", ""n"":32},{""a"": ""attr"", ""t"": ""jinbi"", ""n"": 3200}]",第32层,4,追踪领主,"{""4"": 15,""7"": 0,""21"": 0,""22"": 0,""23"": 0,""10"": 0}",0,"[{""a"": ""item"", ""t"": ""2093"", ""n"":1804}]","[{""a"": ""item"", ""t"": ""2093"", ""n"":1623}]"
33,json/syzc/syzcmap9.json,symap9,71033,"[{""a"": ""item"", ""t"": ""2093"", ""n"":192},{""a"": ""attr"", ""t"": ""jinbi"", ""n"":96000}]","[""72033"",""72033"",""72033"",""72033""]","[{""a"": ""item"", ""t"": ""2093"", ""n"":32},{""a"": ""attr"", ""t"": ""jinbi"", ""n"": 3200}]",第33层,1,截断情报,"{""4"": 15,""7"": 0,""12"": 0,""13"": 0,""10"": 0}",0,"[{""a"": ""item"", ""t"": ""2093"", ""n"":1805}]","[{""a"": ""item"", ""t"": ""2093"", ""n"":1624}]"
34,json/syzc/syzcmap10.json,symap10,71034,"[{""a"": ""item"", ""t"": ""2093"", ""n"":193},{""a"": ""attr"", ""t"": ""jinbi"", ""n"":96500}]","[""72034"",""72034"",""72034"",""72034""]","[{""a"": ""item"", ""t"": ""2093"", ""n"":32},{""a"": ""attr"", ""t"": ""jinbi"", ""n"": 3200}]",第34层,2,运送物资,"{""4"": 15,""7"": 0,""14"": 0,""15"": 0,""10"": 0}",0,"[{""a"": ""item"", ""t"": ""2093"", ""n"":1806}]","[{""a"": ""item"", ""t"": ""2093"", ""n"":1625}]"
35,json/syzc/syzcmap11.json,symap11,71035,"[{""a"": ""item"", ""t"": ""2093"", ""n"":194},{""a"": ""attr"", ""t"": ""jinbi"", ""n"":97000}]","[""72035"",""72035"",""72035"",""72035""]","[{""a"": ""item"", ""t"": ""2093"", ""n"":32},{""a"": ""attr"", ""t"": ""jinbi"", ""n"": 3200}]",第35层,3,噬魂共振,{"4": 15},1,"[{""a"": ""item"", ""t"": ""2093"", ""n"":1807}]","[{""a"": ""item"", ""t"": ""2093"", ""n"":1626}]"
36,json/syzc/syzcmap12.json,symap12,71036,"[{""a"": ""item"", ""t"": ""2093"", ""n"":195},{""a"": ""attr"", ""t"": ""jinbi"", ""n"":97500}]","[""72036"",""72036"",""72036"",""72036""]","[{""a"": ""item"", ""t"": ""2093"", ""n"":33},{""a"": ""attr"", ""t"": ""jinbi"", ""n"": 3300}]",第36层,4,追踪领主,"{""4"": 15,""7"": 0,""21"": 0,""22"": 0,""23"": 0,""10"": 0}",0,"[{""a"": ""item"", ""t"": ""2093"", ""n"":1812}]","[{""a"": ""item"", ""t"": ""2093"", ""n"":1630}]"
37,json/syzc/syzcmap1.json,symap1,71037,"[{""a"": ""item"", ""t"": ""2093"", ""n"":196},{""a"": ""attr"", ""t"": ""jinbi"", ""n"":98000}]","[""72037"",""72037"",""72037"",""72037""]","[{""a"": ""item"", ""t"": ""2093"", ""n"":33},{""a"": ""attr"", ""t"": ""jinbi"", ""n"": 3300}]",第37层,1,截断情报,"{""4"": 15,""7"": 0,""12"": 0,""13"": 0,""10"": 0}",0,"[{""a"": ""item"", ""t"": ""2093"", ""n"":1813}]","[{""a"": ""item"", ""t"": ""2093"", ""n"":1631}]"
38,json/syzc/syzcmap2.json,symap2,71038,"[{""a"": ""item"", ""t"": ""2093"", ""n"":197},{""a"": ""attr"", ""t"": ""jinbi"", ""n"":98500}]","[""72038"",""72038"",""72038"",""72038""]","[{""a"": ""item"", ""t"": ""2093"", ""n"":33},{""a"": ""attr"", ""t"": ""jinbi"", ""n"": 3300}]",第38层,2,运送物资,"{""4"": 15,""7"": 0,""14"": 0,""15"": 0,""10"": 0}",0,"[{""a"": ""item"", ""t"": ""2093"", ""n"":1814}]","[{""a"": ""item"", ""t"": ""2093"", ""n"":1632}]"
39,json/syzc/syzcmap3.json,symap3,71039,"[{""a"": ""item"", ""t"": ""2093"", ""n"":198},{""a"": ""attr"", ""t"": ""jinbi"", ""n"":99000}]","[""72039"",""72039"",""72039"",""72039""]","[{""a"": ""item"", ""t"": ""2093"", ""n"":33},{""a"": ""attr"", ""t"": ""jinbi"", ""n"": 3300}]",第39层,3,噬魂共振,"{""4"": 15,""7"": 0,""16"": 0,""17"": 0,""18"": 0,""19"": 0,""10"": 0}",0,"[{""a"": ""item"", ""t"": ""2093"", ""n"":1815}]","[{""a"": ""item"", ""t"": ""2093"", ""n"":1633}]"
40,json/syzc/syzcmap4.json,symap4,71040,"[{""a"": ""item"", ""t"": ""2093"", ""n"":199},{""a"": ""attr"", ""t"": ""jinbi"", ""n"":99500}]","[""72040"",""72040"",""72040"",""72040""]","[{""a"": ""item"", ""t"": ""2093"", ""n"":33},{""a"": ""attr"", ""t"": ""jinbi"", ""n"": 3300}]",第40层,4,追踪领主,{"4": 15},1,"[{""a"": ""item"", ""t"": ""2093"", ""n"":1816}]","[{""a"": ""item"", ""t"": ""2093"", ""n"":1634}]"
41,json/syzc/syzcmap5.json,symap5,71041,"[{""a"": ""item"", ""t"": ""2093"", ""n"":200},{""a"": ""attr"", ""t"": ""jinbi"", ""n"":100000}]","[""72041"",""72041"",""72041"",""72041""]","[{""a"": ""item"", ""t"": ""2093"", ""n"":34},{""a"": ""attr"", ""t"": ""jinbi"", ""n"": 3400}]",第41层,1,截断情报,"{""4"": 15,""7"": 0,""12"": 0,""13"": 0,""10"": 0}",0,"[{""a"": ""item"", ""t"": ""2093"", ""n"":1821}]","[{""a"": ""item"", ""t"": ""2093"", ""n"":1638}]"
42,json/syzc/syzcmap6.json,symap6,71042,"[{""a"": ""item"", ""t"": ""2093"", ""n"":201},{""a"": ""attr"", ""t"": ""jinbi"", ""n"":100500}]","[""72042"",""72042"",""72042"",""72042""]","[{""a"": ""item"", ""t"": ""2093"", ""n"":34},{""a"": ""attr"", ""t"": ""jinbi"", ""n"": 3400}]",第42层,2,运送物资,"{""4"": 15,""7"": 0,""14"": 0,""15"": 0,""10"": 0}",0,"[{""a"": ""item"", ""t"": ""2093"", ""n"":1822}]","[{""a"": ""item"", ""t"": ""2093"", ""n"":1639}]"
43,json/syzc/syzcmap7.json,symap7,71043,"[{""a"": ""item"", ""t"": ""2093"", ""n"":202},{""a"": ""attr"", ""t"": ""jinbi"", ""n"":101000}]","[""72043"",""72043"",""72043"",""72043""]","[{""a"": ""item"", ""t"": ""2093"", ""n"":34},{""a"": ""attr"", ""t"": ""jinbi"", ""n"": 3400}]",第43层,3,噬魂共振,"{""4"": 15,""7"": 0,""16"": 0,""17"": 0,""18"": 0,""19"": 0,""10"": 0}",0,"[{""a"": ""item"", ""t"": ""2093"", ""n"":1823}]","[{""a"": ""item"", ""t"": ""2093"", ""n"":1640}]"
44,json/syzc/syzcmap8.json,symap8,71044,"[{""a"": ""item"", ""t"": ""2093"", ""n"":203},{""a"": ""attr"", ""t"": ""jinbi"", ""n"":101500}]","[""72044"",""72044"",""72044"",""72044""]","[{""a"": ""item"", ""t"": ""2093"", ""n"":34},{""a"": ""attr"", ""t"": ""jinbi"", ""n"": 3400}]",第44层,4,追踪领主,"{""4"": 15,""7"": 0,""21"": 0,""22"": 0,""23"": 0,""10"": 0}",0,"[{""a"": ""item"", ""t"": ""2093"", ""n"":1824}]","[{""a"": ""item"", ""t"": ""2093"", ""n"":1641}]"
45,json/syzc/syzcmap9.json,symap9,71045,"[{""a"": ""item"", ""t"": ""2093"", ""n"":204},{""a"": ""attr"", ""t"": ""jinbi"", ""n"":102000}]","[""72045"",""72045"",""72045"",""72045""]","[{""a"": ""item"", ""t"": ""2093"", ""n"":34},{""a"": ""attr"", ""t"": ""jinbi"", ""n"": 3400}]",第45层,1,截断情报,{"4": 15},1,"[{""a"": ""item"", ""t"": ""2093"", ""n"":1825}]","[{""a"": ""item"", ""t"": ""2093"", ""n"":1642}]"
46,json/syzc/syzcmap10.json,symap10,71046,"[{""a"": ""item"", ""t"": ""2093"", ""n"":205},{""a"": ""attr"", ""t"": ""jinbi"", ""n"":102500}]","[""72046"",""72046"",""72046"",""72046""]","[{""a"": ""item"", ""t"": ""2093"", ""n"":35},{""a"": ""attr"", ""t"": ""jinbi"", ""n"": 3500}]",第46层,2,运送物资,"{""4"": 15,""7"": 0,""14"": 0,""15"": 0,""10"": 0}",0,"[{""a"": ""item"", ""t"": ""2093"", ""n"":1830}]","[{""a"": ""item"", ""t"": ""2093"", ""n"":1647}]"
47,json/syzc/syzcmap11.json,symap11,71047,"[{""a"": ""item"", ""t"": ""2093"", ""n"":206},{""a"": ""attr"", ""t"": ""jinbi"", ""n"":103000}]","[""72047"",""72047"",""72047"",""72047""]","[{""a"": ""item"", ""t"": ""2093"", ""n"":35},{""a"": ""attr"", ""t"": ""jinbi"", ""n"": 3500}]",第47层,3,噬魂共振,"{""4"": 15,""7"": 0,""16"": 0,""17"": 0,""18"": 0,""19"": 0,""10"": 0}",0,"[{""a"": ""item"", ""t"": ""2093"", ""n"":1831}]","[{""a"": ""item"", ""t"": ""2093"", ""n"":1647}]"
48,json/syzc/syzcmap12.json,symap12,71048,"[{""a"": ""item"", ""t"": ""2093"", ""n"":207},{""a"": ""attr"", ""t"": ""jinbi"", ""n"":103500}]","[""72048"",""72048"",""72048"",""72048""]","[{""a"": ""item"", ""t"": ""2093"", ""n"":35},{""a"": ""attr"", ""t"": ""jinbi"", ""n"": 3500}]",第48层,4,追踪领主,"{""4"": 15,""7"": 0,""21"": 0,""22"": 0,""23"": 0,""10"": 0}",0,"[{""a"": ""item"", ""t"": ""2093"", ""n"":1832}]","[{""a"": ""item"", ""t"": ""2093"", ""n"":1648}]"
49,json/syzc/syzcmap1.json,symap1,71049,"[{""a"": ""item"", ""t"": ""2093"", ""n"":208},{""a"": ""attr"", ""t"": ""jinbi"", ""n"":104000}]","[""72049"",""72049"",""72049"",""72049""]","[{""a"": ""item"", ""t"": ""2093"", ""n"":35},{""a"": ""attr"", ""t"": ""jinbi"", ""n"": 3500}]",第49层,1,截断情报,"{""4"": 15,""7"": 0,""12"": 0,""13"": 0,""10"": 0}",0,"[{""a"": ""item"", ""t"": ""2093"", ""n"":1833}]","[{""a"": ""item"", ""t"": ""2093"", ""n"":1649}]"
50,json/syzc/syzcmap2.json,symap2,71050,"[{""a"": ""item"", ""t"": ""2093"", ""n"":209},{""a"": ""attr"", ""t"": ""jinbi"", ""n"":104500}]","[""72050"",""72050"",""72050"",""72050""]","[{""a"": ""item"", ""t"": ""2093"", ""n"":35},{""a"": ""attr"", ""t"": ""jinbi"", ""n"": 3500}]",第50层,2,运送物资,{"4": 15},1,"[{""a"": ""item"", ""t"": ""2093"", ""n"":1834}]","[{""a"": ""item"", ""t"": ""2093"", ""n"":1650}]"
51,json/syzc/syzcmap3.json,symap3,71051,"[{""a"": ""item"", ""t"": ""2093"", ""n"":210},{""a"": ""attr"", ""t"": ""jinbi"", ""n"":105000}]","[""72051"",""72051"",""72051"",""72051""]","[{""a"": ""item"", ""t"": ""2093"", ""n"":36},{""a"": ""attr"", ""t"": ""jinbi"", ""n"": 3600}]",第51层,3,噬魂共振,"{""4"": 15,""7"": 0,""16"": 0,""17"": 0,""18"": 0,""19"": 0,""10"": 0}",0,"[{""a"": ""item"", ""t"": ""2093"", ""n"":1839}]","[{""a"": ""item"", ""t"": ""2093"", ""n"":1655}]"
52,json/syzc/syzcmap4.json,symap4,71052,"[{""a"": ""item"", ""t"": ""2093"", ""n"":211},{""a"": ""attr"", ""t"": ""jinbi"", ""n"":105500}]","[""72052"",""72052"",""72052"",""72052""]","[{""a"": ""item"", ""t"": ""2093"", ""n"":36},{""a"": ""attr"", ""t"": ""jinbi"", ""n"": 3600}]",第52层,4,追踪领主,"{""4"": 15,""7"": 0,""21"": 0,""22"": 0,""23"": 0,""10"": 0}",0,"[{""a"": ""item"", ""t"": ""2093"", ""n"":1840}]","[{""a"": ""item"", ""t"": ""2093"", ""n"":1656}]"
53,json/syzc/syzcmap5.json,symap5,71053,"[{""a"": ""item"", ""t"": ""2093"", ""n"":212},{""a"": ""attr"", ""t"": ""jinbi"", ""n"":106000}]","[""72053"",""72053"",""72053"",""72053""]","[{""a"": ""item"", ""t"": ""2093"", ""n"":36},{""a"": ""attr"", ""t"": ""jinbi"", ""n"": 3600}]",第53层,1,截断情报,"{""4"": 15,""7"": 0,""12"": 0,""13"": 0,""10"": 0}",0,"[{""a"": ""item"", ""t"": ""2093"", ""n"":1841}]","[{""a"": ""item"", ""t"": ""2093"", ""n"":1656}]"
54,json/syzc/syzcmap6.json,symap6,71054,"[{""a"": ""item"", ""t"": ""2093"", ""n"":213},{""a"": ""attr"", ""t"": ""jinbi"", ""n"":106500}]","[""72054"",""72054"",""72054"",""72054""]","[{""a"": ""item"", ""t"": ""2093"", ""n"":36},{""a"": ""attr"", ""t"": ""jinbi"", ""n"": 3600}]",第54层,2,运送物资,"{""4"": 15,""7"": 0,""14"": 0,""15"": 0,""10"": 0}",0,"[{""a"": ""item"", ""t"": ""2093"", ""n"":1842}]","[{""a"": ""item"", ""t"": ""2093"", ""n"":1657}]"
55,json/syzc/syzcmap7.json,symap7,71055,"[{""a"": ""item"", ""t"": ""2093"", ""n"":214},{""a"": ""attr"", ""t"": ""jinbi"", ""n"":107000}]","[""72055"",""72055"",""72055"",""72055""]","[{""a"": ""item"", ""t"": ""2093"", ""n"":36},{""a"": ""attr"", ""t"": ""jinbi"", ""n"": 3600}]",第55层,3,噬魂共振,{"4": 15},1,"[{""a"": ""item"", ""t"": ""2093"", ""n"":1843}]","[{""a"": ""item"", ""t"": ""2093"", ""n"":1658}]"
56,json/syzc/syzcmap8.json,symap8,71056,"[{""a"": ""item"", ""t"": ""2093"", ""n"":215},{""a"": ""attr"", ""t"": ""jinbi"", ""n"":107500}]","[""72056"",""72056"",""72056"",""72056""]","[{""a"": ""item"", ""t"": ""2093"", ""n"":37},{""a"": ""attr"", ""t"": ""jinbi"", ""n"": 3700}]",第56层,4,追踪领主,"{""4"": 15,""7"": 0,""21"": 0,""22"": 0,""23"": 0,""10"": 0}",0,"[{""a"": ""item"", ""t"": ""2093"", ""n"":1848}]","[{""a"": ""item"", ""t"": ""2093"", ""n"":1663}]"
57,json/syzc/syzcmap9.json,symap9,71057,"[{""a"": ""item"", ""t"": ""2093"", ""n"":216},{""a"": ""attr"", ""t"": ""jinbi"", ""n"":108000}]","[""72057"",""72057"",""72057"",""72057""]","[{""a"": ""item"", ""t"": ""2093"", ""n"":37},{""a"": ""attr"", ""t"": ""jinbi"", ""n"": 3700}]",第57层,1,截断情报,"{""4"": 15,""7"": 0,""12"": 0,""13"": 0,""10"": 0}",0,"[{""a"": ""item"", ""t"": ""2093"", ""n"":1849}]","[{""a"": ""item"", ""t"": ""2093"", ""n"":1664}]"
58,json/syzc/syzcmap10.json,symap10,71058,"[{""a"": ""item"", ""t"": ""2093"", ""n"":217},{""a"": ""attr"", ""t"": ""jinbi"", ""n"":108500}]","[""72058"",""72058"",""72058"",""72058""]","[{""a"": ""item"", ""t"": ""2093"", ""n"":37},{""a"": ""attr"", ""t"": ""jinbi"", ""n"": 3700}]",第58层,2,运送物资,"{""4"": 15,""7"": 0,""14"": 0,""15"": 0,""10"": 0}",0,"[{""a"": ""item"", ""t"": ""2093"", ""n"":1850}]","[{""a"": ""item"", ""t"": ""2093"", ""n"":1665}]"
59,json/syzc/syzcmap11.json,symap11,71059,"[{""a"": ""item"", ""t"": ""2093"", ""n"":218},{""a"": ""attr"", ""t"": ""jinbi"", ""n"":109000}]","[""72059"",""72059"",""72059"",""72059""]","[{""a"": ""item"", ""t"": ""2093"", ""n"":37},{""a"": ""attr"", ""t"": ""jinbi"", ""n"": 3700}]",第59层,3,噬魂共振,"{""4"": 15,""7"": 0,""16"": 0,""17"": 0,""18"": 0,""19"": 0,""10"": 0}",0,"[{""a"": ""item"", ""t"": ""2093"", ""n"":1851}]","[{""a"": ""item"", ""t"": ""2093"", ""n"":1665}]"
60,json/syzc/syzcmap12.json,symap12,71060,"[{""a"": ""item"", ""t"": ""2093"", ""n"":219},{""a"": ""attr"", ""t"": ""jinbi"", ""n"":109500}]","[""72060"",""72060"",""72060"",""72060""]","[{""a"": ""item"", ""t"": ""2093"", ""n"":37},{""a"": ""attr"", ""t"": ""jinbi"", ""n"": 3700}]",第60层,4,追踪领主,{"4": 15},1,"[{""a"": ""item"", ""t"": ""2093"", ""n"":1852}]","[{""a"": ""item"", ""t"": ""2093"", ""n"":1666}]"
61,json/syzc/syzcmap1.json,symap1,71061,"[{""a"": ""item"", ""t"": ""2093"", ""n"":220},{""a"": ""attr"", ""t"": ""jinbi"", ""n"":110000}]","[""72061"",""72061"",""72061"",""72061""]","[{""a"": ""item"", ""t"": ""2093"", ""n"":38},{""a"": ""attr"", ""t"": ""jinbi"", ""n"": 3800}]",第61层,1,截断情报,"{""4"": 15,""7"": 0,""12"": 0,""13"": 0,""10"": 0}",0,"[{""a"": ""item"", ""t"": ""2093"", ""n"":1857}]","[{""a"": ""item"", ""t"": ""2093"", ""n"":1671}]"
62,json/syzc/syzcmap2.json,symap2,71062,"[{""a"": ""item"", ""t"": ""2093"", ""n"":221},{""a"": ""attr"", ""t"": ""jinbi"", ""n"":110500}]","[""72062"",""72062"",""72062"",""72062""]","[{""a"": ""item"", ""t"": ""2093"", ""n"":38},{""a"": ""attr"", ""t"": ""jinbi"", ""n"": 3800}]",第62层,2,运送物资,"{""4"": 15,""7"": 0,""14"": 0,""15"": 0,""10"": 0}",0,"[{""a"": ""item"", ""t"": ""2093"", ""n"":1858}]","[{""a"": ""item"", ""t"": ""2093"", ""n"":1672}]"
63,json/syzc/syzcmap3.json,symap3,71063,"[{""a"": ""item"", ""t"": ""2093"", ""n"":222},{""a"": ""attr"", ""t"": ""jinbi"", ""n"":111000}]","[""72063"",""72063"",""72063"",""72063""]","[{""a"": ""item"", ""t"": ""2093"", ""n"":38},{""a"": ""attr"", ""t"": ""jinbi"", ""n"": 3800}]",第63层,3,噬魂共振,"{""4"": 15,""7"": 0,""16"": 0,""17"": 0,""18"": 0,""19"": 0,""10"": 0}",0,"[{""a"": ""item"", ""t"": ""2093"", ""n"":1859}]","[{""a"": ""item"", ""t"": ""2093"", ""n"":1673}]"
64,json/syzc/syzcmap4.json,symap4,71064,"[{""a"": ""item"", ""t"": ""2093"", ""n"":223},{""a"": ""attr"", ""t"": ""jinbi"", ""n"":111500}]","[""72064"",""72064"",""72064"",""72064""]","[{""a"": ""item"", ""t"": ""2093"", ""n"":38},{""a"": ""attr"", ""t"": ""jinbi"", ""n"": 3800}]",第64层,4,追踪领主,"{""4"": 15,""7"": 0,""21"": 0,""22"": 0,""23"": 0,""10"": 0}",0,"[{""a"": ""item"", ""t"": ""2093"", ""n"":1860}]","[{""a"": ""item"", ""t"": ""2093"", ""n"":1674}]"
65,json/syzc/syzcmap5.json,symap5,71065,"[{""a"": ""item"", ""t"": ""2093"", ""n"":224},{""a"": ""attr"", ""t"": ""jinbi"", ""n"":112000}]","[""72065"",""72065"",""72065"",""72065""]","[{""a"": ""item"", ""t"": ""2093"", ""n"":38},{""a"": ""attr"", ""t"": ""jinbi"", ""n"": 3800}]",第65层,1,截断情报,{"4": 15},1,"[{""a"": ""item"", ""t"": ""2093"", ""n"":1861}]","[{""a"": ""item"", ""t"": ""2093"", ""n"":1674}]"
66,json/syzc/syzcmap6.json,symap6,71066,"[{""a"": ""item"", ""t"": ""2093"", ""n"":225},{""a"": ""attr"", ""t"": ""jinbi"", ""n"":112500}]","[""72066"",""72066"",""72066"",""72066""]","[{""a"": ""item"", ""t"": ""2093"", ""n"":39},{""a"": ""attr"", ""t"": ""jinbi"", ""n"": 3900}]",第66层,2,运送物资,"{""4"": 15,""7"": 0,""14"": 0,""15"": 0,""10"": 0}",0,"[{""a"": ""item"", ""t"": ""2093"", ""n"":1866}]","[{""a"": ""item"", ""t"": ""2093"", ""n"":1679}]"
67,json/syzc/syzcmap7.json,symap7,71067,"[{""a"": ""item"", ""t"": ""2093"", ""n"":226},{""a"": ""attr"", ""t"": ""jinbi"", ""n"":113000}]","[""72067"",""72067"",""72067"",""72067""]","[{""a"": ""item"", ""t"": ""2093"", ""n"":39},{""a"": ""attr"", ""t"": ""jinbi"", ""n"": 3900}]",第67层,3,噬魂共振,"{""4"": 15,""7"": 0,""16"": 0,""17"": 0,""18"": 0,""19"": 0,""10"": 0}",0,"[{""a"": ""item"", ""t"": ""2093"", ""n"":1867}]","[{""a"": ""item"", ""t"": ""2093"", ""n"":1680}]"
68,json/syzc/syzcmap8.json,symap8,71068,"[{""a"": ""item"", ""t"": ""2093"", ""n"":227},{""a"": ""attr"", ""t"": ""jinbi"", ""n"":113500}]","[""72068"",""72068"",""72068"",""72068""]","[{""a"": ""item"", ""t"": ""2093"", ""n"":39},{""a"": ""attr"", ""t"": ""jinbi"", ""n"": 3900}]",第68层,4,追踪领主,"{""4"": 15,""7"": 0,""21"": 0,""22"": 0,""23"": 0,""10"": 0}",0,"[{""a"": ""item"", ""t"": ""2093"", ""n"":1868}]","[{""a"": ""item"", ""t"": ""2093"", ""n"":1681}]"
69,json/syzc/syzcmap9.json,symap9,71069,"[{""a"": ""item"", ""t"": ""2093"", ""n"":228},{""a"": ""attr"", ""t"": ""jinbi"", ""n"":114000}]","[""72069"",""72069"",""72069"",""72069""]","[{""a"": ""item"", ""t"": ""2093"", ""n"":39},{""a"": ""attr"", ""t"": ""jinbi"", ""n"": 3900}]",第69层,1,截断情报,"{""4"": 15,""7"": 0,""12"": 0,""13"": 0,""10"": 0}",0,"[{""a"": ""item"", ""t"": ""2093"", ""n"":1869}]","[{""a"": ""item"", ""t"": ""2093"", ""n"":1682}]"
70,json/syzc/syzcmap10.json,symap10,71070,"[{""a"": ""item"", ""t"": ""2093"", ""n"":229},{""a"": ""attr"", ""t"": ""jinbi"", ""n"":114500}]","[""72070"",""72070"",""72070"",""72070""]","[{""a"": ""item"", ""t"": ""2093"", ""n"":39},{""a"": ""attr"", ""t"": ""jinbi"", ""n"": 3900}]",第70层,2,运送物资,{"4": 15},1,"[{""a"": ""item"", ""t"": ""2093"", ""n"":1870}]","[{""a"": ""item"", ""t"": ""2093"", ""n"":1683}]"
71,json/syzc/syzcmap11.json,symap11,71071,"[{""a"": ""item"", ""t"": ""2093"", ""n"":230},{""a"": ""attr"", ""t"": ""jinbi"", ""n"":115000}]","[""72071"",""72071"",""72071"",""72071""]","[{""a"": ""item"", ""t"": ""2093"", ""n"":40},{""a"": ""attr"", ""t"": ""jinbi"", ""n"": 4000}]",第71层,3,噬魂共振,"{""4"": 15,""7"": 0,""16"": 0,""17"": 0,""18"": 0,""19"": 0,""10"": 0}",0,"[{""a"": ""item"", ""t"": ""2093"", ""n"":1875}]","[{""a"": ""item"", ""t"": ""2093"", ""n"":1687}]"
72,json/syzc/syzcmap12.json,symap12,71072,"[{""a"": ""item"", ""t"": ""2093"", ""n"":231},{""a"": ""attr"", ""t"": ""jinbi"", ""n"":115500}]","[""72072"",""72072"",""72072"",""72072""]","[{""a"": ""item"", ""t"": ""2093"", ""n"":40},{""a"": ""attr"", ""t"": ""jinbi"", ""n"": 4000}]",第72层,4,追踪领主,"{""4"": 15,""7"": 0,""21"": 0,""22"": 0,""23"": 0,""10"": 0}",0,"[{""a"": ""item"", ""t"": ""2093"", ""n"":1876}]","[{""a"": ""item"", ""t"": ""2093"", ""n"":1688}]"
73,json/syzc/syzcmap1.json,symap1,71073,"[{""a"": ""item"", ""t"": ""2093"", ""n"":232},{""a"": ""attr"", ""t"": ""jinbi"", ""n"":116000}]","[""72073"",""72073"",""72073"",""72073""]","[{""a"": ""item"", ""t"": ""2093"", ""n"":40},{""a"": ""attr"", ""t"": ""jinbi"", ""n"": 4000}]",第73层,1,截断情报,"{""4"": 15,""7"": 0,""12"": 0,""13"": 0,""10"": 0}",0,"[{""a"": ""item"", ""t"": ""2093"", ""n"":1877}]","[{""a"": ""item"", ""t"": ""2093"", ""n"":1689}]"
74,json/syzc/syzcmap2.json,symap2,71074,"[{""a"": ""item"", ""t"": ""2093"", ""n"":233},{""a"": ""attr"", ""t"": ""jinbi"", ""n"":116500}]","[""72074"",""72074"",""72074"",""72074""]","[{""a"": ""item"", ""t"": ""2093"", ""n"":40},{""a"": ""attr"", ""t"": ""jinbi"", ""n"": 4000}]",第74层,2,运送物资,"{""4"": 15,""7"": 0,""14"": 0,""15"": 0,""10"": 0}",0,"[{""a"": ""item"", ""t"": ""2093"", ""n"":1878}]","[{""a"": ""item"", ""t"": ""2093"", ""n"":1690}]"
75,json/syzc/syzcmap3.json,symap3,71075,"[{""a"": ""item"", ""t"": ""2093"", ""n"":234},{""a"": ""attr"", ""t"": ""jinbi"", ""n"":117000}]","[""72075"",""72075"",""72075"",""72075""]","[{""a"": ""item"", ""t"": ""2093"", ""n"":40},{""a"": ""attr"", ""t"": ""jinbi"", ""n"": 4000}]",第75层,3,噬魂共振,{"4": 15},1,"[{""a"": ""item"", ""t"": ""2093"", ""n"":1879}]","[{""a"": ""item"", ""t"": ""2093"", ""n"":1691}]"
76,json/syzc/syzcmap4.json,symap4,71076,"[{""a"": ""item"", ""t"": ""2093"", ""n"":235},{""a"": ""attr"", ""t"": ""jinbi"", ""n"":117500}]","[""72076"",""72076"",""72076"",""72076""]","[{""a"": ""item"", ""t"": ""2093"", ""n"":41},{""a"": ""attr"", ""t"": ""jinbi"", ""n"": 4100}]",第76层,4,追踪领主,"{""4"": 15,""7"": 0,""21"": 0,""22"": 0,""23"": 0,""10"": 0}",0,"[{""a"": ""item"", ""t"": ""2093"", ""n"":1884}]","[{""a"": ""item"", ""t"": ""2093"", ""n"":1695}]"
77,json/syzc/syzcmap5.json,symap5,71077,"[{""a"": ""item"", ""t"": ""2093"", ""n"":236},{""a"": ""attr"", ""t"": ""jinbi"", ""n"":118000}]","[""72077"",""72077"",""72077"",""72077""]","[{""a"": ""item"", ""t"": ""2093"", ""n"":41},{""a"": ""attr"", ""t"": ""jinbi"", ""n"": 4100}]",第77层,1,截断情报,"{""4"": 15,""7"": 0,""12"": 0,""13"": 0,""10"": 0}",0,"[{""a"": ""item"", ""t"": ""2093"", ""n"":1885}]","[{""a"": ""item"", ""t"": ""2093"", ""n"":1696}]"
78,json/syzc/syzcmap6.json,symap6,71078,"[{""a"": ""item"", ""t"": ""2093"", ""n"":237},{""a"": ""attr"", ""t"": ""jinbi"", ""n"":118500}]","[""72078"",""72078"",""72078"",""72078""]","[{""a"": ""item"", ""t"": ""2093"", ""n"":41},{""a"": ""attr"", ""t"": ""jinbi"", ""n"": 4100}]",第78层,2,运送物资,"{""4"": 15,""7"": 0,""14"": 0,""15"": 0,""10"": 0}",0,"[{""a"": ""item"", ""t"": ""2093"", ""n"":1886}]","[{""a"": ""item"", ""t"": ""2093"", ""n"":1697}]"
79,json/syzc/syzcmap7.json,symap7,71079,"[{""a"": ""item"", ""t"": ""2093"", ""n"":238},{""a"": ""attr"", ""t"": ""jinbi"", ""n"":119000}]","[""72079"",""72079"",""72079"",""72079""]","[{""a"": ""item"", ""t"": ""2093"", ""n"":41},{""a"": ""attr"", ""t"": ""jinbi"", ""n"": 4100}]",第79层,3,噬魂共振,"{""4"": 15,""7"": 0,""16"": 0,""17"": 0,""18"": 0,""19"": 0,""10"": 0}",0,"[{""a"": ""item"", ""t"": ""2093"", ""n"":1887}]","[{""a"": ""item"", ""t"": ""2093"", ""n"":1698}]"
80,json/syzc/syzcmap8.json,symap8,71080,"[{""a"": ""item"", ""t"": ""2093"", ""n"":239},{""a"": ""attr"", ""t"": ""jinbi"", ""n"":119500}]","[""72080"",""72080"",""72080"",""72080""]","[{""a"": ""item"", ""t"": ""2093"", ""n"":41},{""a"": ""attr"", ""t"": ""jinbi"", ""n"": 4100}]",第80层,4,追踪领主,{"4": 15},1,"[{""a"": ""item"", ""t"": ""2093"", ""n"":1888}]","[{""a"": ""item"", ""t"": ""2093"", ""n"":1699}]"
81,json/syzc/syzcmap9.json,symap9,71081,"[{""a"": ""item"", ""t"": ""2093"", ""n"":240},{""a"": ""attr"", ""t"": ""jinbi"", ""n"":120000}]","[""72081"",""72081"",""72081"",""72081""]","[{""a"": ""item"", ""t"": ""2093"", ""n"":42},{""a"": ""attr"", ""t"": ""jinbi"", ""n"": 4200}]",第81层,1,截断情报,"{""4"": 15,""7"": 0,""12"": 0,""13"": 0,""10"": 0}",0,"[{""a"": ""item"", ""t"": ""2093"", ""n"":1893}]","[{""a"": ""item"", ""t"": ""2093"", ""n"":1703}]"
82,json/syzc/syzcmap10.json,symap10,71082,"[{""a"": ""item"", ""t"": ""2093"", ""n"":241},{""a"": ""attr"", ""t"": ""jinbi"", ""n"":120500}]","[""72082"",""72082"",""72082"",""72082""]","[{""a"": ""item"", ""t"": ""2093"", ""n"":42},{""a"": ""attr"", ""t"": ""jinbi"", ""n"": 4200}]",第82层,2,运送物资,"{""4"": 15,""7"": 0,""14"": 0,""15"": 0,""10"": 0}",0,"[{""a"": ""item"", ""t"": ""2093"", ""n"":1894}]","[{""a"": ""item"", ""t"": ""2093"", ""n"":1704}]"
83,json/syzc/syzcmap11.json,symap11,71083,"[{""a"": ""item"", ""t"": ""2093"", ""n"":242},{""a"": ""attr"", ""t"": ""jinbi"", ""n"":121000}]","[""72083"",""72083"",""72083"",""72083""]","[{""a"": ""item"", ""t"": ""2093"", ""n"":42},{""a"": ""attr"", ""t"": ""jinbi"", ""n"": 4200}]",第83层,3,噬魂共振,"{""4"": 15,""7"": 0,""16"": 0,""17"": 0,""18"": 0,""19"": 0,""10"": 0}",0,"[{""a"": ""item"", ""t"": ""2093"", ""n"":1895}]","[{""a"": ""item"", ""t"": ""2093"", ""n"":1705}]"
84,json/syzc/syzcmap12.json,symap12,71084,"[{""a"": ""item"", ""t"": ""2093"", ""n"":243},{""a"": ""attr"", ""t"": ""jinbi"", ""n"":121500}]","[""72084"",""72084"",""72084"",""72084""]","[{""a"": ""item"", ""t"": ""2093"", ""n"":42},{""a"": ""attr"", ""t"": ""jinbi"", ""n"": 4200}]",第84层,4,追踪领主,"{""4"": 15,""7"": 0,""21"": 0,""22"": 0,""23"": 0,""10"": 0}",0,"[{""a"": ""item"", ""t"": ""2093"", ""n"":1896}]","[{""a"": ""item"", ""t"": ""2093"", ""n"":1706}]"
85,json/syzc/syzcmap1.json,symap1,71085,"[{""a"": ""item"", ""t"": ""2093"", ""n"":244},{""a"": ""attr"", ""t"": ""jinbi"", ""n"":122000}]","[""72085"",""72085"",""72085"",""72085""]","[{""a"": ""item"", ""t"": ""2093"", ""n"":42},{""a"": ""attr"", ""t"": ""jinbi"", ""n"": 4200}]",第85层,1,截断情报,{"4": 15},1,"[{""a"": ""item"", ""t"": ""2093"", ""n"":1897}]","[{""a"": ""item"", ""t"": ""2093"", ""n"":1707}]"
86,json/syzc/syzcmap2.json,symap2,71086,"[{""a"": ""item"", ""t"": ""2093"", ""n"":245},{""a"": ""attr"", ""t"": ""jinbi"", ""n"":122500}]","[""72086"",""72086"",""72086"",""72086""]","[{""a"": ""item"", ""t"": ""2093"", ""n"":43},{""a"": ""attr"", ""t"": ""jinbi"", ""n"": 4300}]",第86层,2,运送物资,"{""4"": 15,""7"": 0,""14"": 0,""15"": 0,""10"": 0}",0,"[{""a"": ""item"", ""t"": ""2093"", ""n"":1902}]","[{""a"": ""item"", ""t"": ""2093"", ""n"":1711}]"
87,json/syzc/syzcmap3.json,symap3,71087,"[{""a"": ""item"", ""t"": ""2093"", ""n"":246},{""a"": ""attr"", ""t"": ""jinbi"", ""n"":123000}]","[""72087"",""72087"",""72087"",""72087""]","[{""a"": ""item"", ""t"": ""2093"", ""n"":43},{""a"": ""attr"", ""t"": ""jinbi"", ""n"": 4300}]",第87层,3,噬魂共振,"{""4"": 15,""7"": 0,""16"": 0,""17"": 0,""18"": 0,""19"": 0,""10"": 0}",0,"[{""a"": ""item"", ""t"": ""2093"", ""n"":1903}]","[{""a"": ""item"", ""t"": ""2093"", ""n"":1712}]"
88,json/syzc/syzcmap4.json,symap4,71088,"[{""a"": ""item"", ""t"": ""2093"", ""n"":247},{""a"": ""attr"", ""t"": ""jinbi"", ""n"":123500}]","[""72088"",""72088"",""72088"",""72088""]","[{""a"": ""item"", ""t"": ""2093"", ""n"":43},{""a"": ""attr"", ""t"": ""jinbi"", ""n"": 4300}]",第88层,4,追踪领主,"{""4"": 15,""7"": 0,""21"": 0,""22"": 0,""23"": 0,""10"": 0}",0,"[{""a"": ""item"", ""t"": ""2093"", ""n"":1904}]","[{""a"": ""item"", ""t"": ""2093"", ""n"":1713}]"
89,json/syzc/syzcmap5.json,symap5,71089,"[{""a"": ""item"", ""t"": ""2093"", ""n"":248},{""a"": ""attr"", ""t"": ""jinbi"", ""n"":124000}]","[""72089"",""72089"",""72089"",""72089""]","[{""a"": ""item"", ""t"": ""2093"", ""n"":43},{""a"": ""attr"", ""t"": ""jinbi"", ""n"": 4300}]",第89层,1,截断情报,"{""4"": 15,""7"": 0,""12"": 0,""13"": 0,""10"": 0}",0,"[{""a"": ""item"", ""t"": ""2093"", ""n"":1905}]","[{""a"": ""item"", ""t"": ""2093"", ""n"":1714}]"
90,json/syzc/syzcmap6.json,symap6,71090,"[{""a"": ""item"", ""t"": ""2093"", ""n"":249},{""a"": ""attr"", ""t"": ""jinbi"", ""n"":124500}]","[""72090"",""72090"",""72090"",""72090""]","[{""a"": ""item"", ""t"": ""2093"", ""n"":43},{""a"": ""attr"", ""t"": ""jinbi"", ""n"": 4300}]",第90层,2,运送物资,{"4": 15},1,"[{""a"": ""item"", ""t"": ""2093"", ""n"":1906}]","[{""a"": ""item"", ""t"": ""2093"", ""n"":1715}]"
91,json/syzc/syzcmap7.json,symap7,71091,"[{""a"": ""item"", ""t"": ""2093"", ""n"":250},{""a"": ""attr"", ""t"": ""jinbi"", ""n"":125000}]","[""72091"",""72091"",""72091"",""72091""]","[{""a"": ""item"", ""t"": ""2093"", ""n"":44},{""a"": ""attr"", ""t"": ""jinbi"", ""n"": 4400}]",第91层,3,噬魂共振,"{""4"": 15,""7"": 0,""16"": 0,""17"": 0,""18"": 0,""19"": 0,""10"": 0}",0,"[{""a"": ""item"", ""t"": ""2093"", ""n"":1911}]","[{""a"": ""item"", ""t"": ""2093"", ""n"":1719}]"
92,json/syzc/syzcmap8.json,symap8,71092,"[{""a"": ""item"", ""t"": ""2093"", ""n"":251},{""a"": ""attr"", ""t"": ""jinbi"", ""n"":125500}]","[""72092"",""72092"",""72092"",""72092""]","[{""a"": ""item"", ""t"": ""2093"", ""n"":44},{""a"": ""attr"", ""t"": ""jinbi"", ""n"": 4400}]",第92层,4,追踪领主,"{""4"": 15,""7"": 0,""21"": 0,""22"": 0,""23"": 0,""10"": 0}",0,"[{""a"": ""item"", ""t"": ""2093"", ""n"":1912}]","[{""a"": ""item"", ""t"": ""2093"", ""n"":1720}]"
93,json/syzc/syzcmap9.json,symap9,71093,"[{""a"": ""item"", ""t"": ""2093"", ""n"":252},{""a"": ""attr"", ""t"": ""jinbi"", ""n"":126000}]","[""72093"",""72093"",""72093"",""72093""]","[{""a"": ""item"", ""t"": ""2093"", ""n"":44},{""a"": ""attr"", ""t"": ""jinbi"", ""n"": 4400}]",第93层,1,截断情报,"{""4"": 15,""7"": 0,""12"": 0,""13"": 0,""10"": 0}",0,"[{""a"": ""item"", ""t"": ""2093"", ""n"":1913}]","[{""a"": ""item"", ""t"": ""2093"", ""n"":1721}]"
94,json/syzc/syzcmap10.json,symap10,71094,"[{""a"": ""item"", ""t"": ""2093"", ""n"":253},{""a"": ""attr"", ""t"": ""jinbi"", ""n"":126500}]","[""72094"",""72094"",""72094"",""72094""]","[{""a"": ""item"", ""t"": ""2093"", ""n"":44},{""a"": ""attr"", ""t"": ""jinbi"", ""n"": 4400}]",第94层,2,运送物资,"{""4"": 15,""7"": 0,""14"": 0,""15"": 0,""10"": 0}",0,"[{""a"": ""item"", ""t"": ""2093"", ""n"":1914}]","[{""a"": ""item"", ""t"": ""2093"", ""n"":1722}]"
95,json/syzc/syzcmap11.json,symap11,71095,"[{""a"": ""item"", ""t"": ""2093"", ""n"":254},{""a"": ""attr"", ""t"": ""jinbi"", ""n"":127000}]","[""72095"",""72095"",""72095"",""72095""]","[{""a"": ""item"", ""t"": ""2093"", ""n"":44},{""a"": ""attr"", ""t"": ""jinbi"", ""n"": 4400}]",第95层,3,噬魂共振,{"4": 15},1,"[{""a"": ""item"", ""t"": ""2093"", ""n"":1915}]","[{""a"": ""item"", ""t"": ""2093"", ""n"":1723}]"
96,json/syzc/syzcmap12.json,symap12,71096,"[{""a"": ""item"", ""t"": ""2093"", ""n"":255},{""a"": ""attr"", ""t"": ""jinbi"", ""n"":127500}]","[""72096"",""72096"",""72096"",""72096""]","[{""a"": ""item"", ""t"": ""2093"", ""n"":45},{""a"": ""attr"", ""t"": ""jinbi"", ""n"": 4500}]",第96层,4,追踪领主,"{""4"": 15,""7"": 0,""21"": 0,""22"": 0,""23"": 0,""10"": 0}",0,"[{""a"": ""item"", ""t"": ""2093"", ""n"":1920}]","[{""a"": ""item"", ""t"": ""2093"", ""n"":1728}]"
97,json/syzc/syzcmap1.json,symap1,71097,"[{""a"": ""item"", ""t"": ""2093"", ""n"":256},{""a"": ""attr"", ""t"": ""jinbi"", ""n"":128000}]","[""72097"",""72097"",""72097"",""72097""]","[{""a"": ""item"", ""t"": ""2093"", ""n"":45},{""a"": ""attr"", ""t"": ""jinbi"", ""n"": 4500}]",第97层,1,截断情报,"{""4"": 15,""7"": 0,""12"": 0,""13"": 0,""10"": 0}",0,"[{""a"": ""item"", ""t"": ""2093"", ""n"":1921}]","[{""a"": ""item"", ""t"": ""2093"", ""n"":1728}]"
98,json/syzc/syzcmap2.json,symap2,71098,"[{""a"": ""item"", ""t"": ""2093"", ""n"":257},{""a"": ""attr"", ""t"": ""jinbi"", ""n"":128500}]","[""72098"",""72098"",""72098"",""72098""]","[{""a"": ""item"", ""t"": ""2093"", ""n"":45},{""a"": ""attr"", ""t"": ""jinbi"", ""n"": 4500}]",第98层,2,运送物资,"{""4"": 15,""7"": 0,""14"": 0,""15"": 0,""10"": 0}",0,"[{""a"": ""item"", ""t"": ""2093"", ""n"":1922}]","[{""a"": ""item"", ""t"": ""2093"", ""n"":1729}]"
99,json/syzc/syzcmap3.json,symap3,71099,"[{""a"": ""item"", ""t"": ""2093"", ""n"":258},{""a"": ""attr"", ""t"": ""jinbi"", ""n"":129000}]","[""72099"",""72099"",""72099"",""72099""]","[{""a"": ""item"", ""t"": ""2093"", ""n"":45},{""a"": ""attr"", ""t"": ""jinbi"", ""n"": 4500}]",第99层,3,噬魂共振,"{""4"": 15,""7"": 0,""16"": 0,""17"": 0,""18"": 0,""19"": 0,""10"": 0}",0,"[{""a"": ""item"", ""t"": ""2093"", ""n"":1923}]","[{""a"": ""item"", ""t"": ""2093"", ""n"":1730}]"
100,json/syzc/syzcmap4.json,symap4,71100,"[{""a"": ""item"", ""t"": ""2093"", ""n"":259},{""a"": ""attr"", ""t"": ""jinbi"", ""n"":129500}]","[""72100"",""72100"",""72100"",""72100""]","[{""a"": ""item"", ""t"": ""2093"", ""n"":45},{""a"": ""attr"", ""t"": ""jinbi"", ""n"": 4500}]",第100层,4,追踪领主,{"4": 15},1,"[{""a"": ""item"", ""t"": ""2093"", ""n"":1924}]","[{""a"": ""item"", ""t"": ""2093"", ""n"":1731}]"
