文物id,文物星级,升级消耗,文物属性,显示属性
1,0,"{""a"": ""wenwu"", ""t"": ""1"", ""n"": 1}",,
1,1,"{""a"": ""wenwu"", ""t"": ""1"", ""n"": 3}","""hp"":600","""hp"":600"
1,2,"{""a"": ""wenwu"", ""t"": ""1"", ""n"": 5}","""atk"":30,""hp"":600","""atk"":30"
1,3,"{""a"": ""wenwu"", ""t"": ""1"", ""n"": 7}","""atk"":30,""hp"":1400","""hp"":800"
1,4,"{""a"": ""wenwu"", ""t"": ""1"", ""n"": 9}","""atk"":80,""hp"":1400","""atk"":50"
1,5,,"""atk"":80,""hp"":2600","""hp"":1200"
2,0,"{""a"": ""wenwu"", ""t"": ""2"", ""n"": 1}",,
2,1,"{""a"": ""wenwu"", ""t"": ""2"", ""n"": 3}","""hp"":600","""hp"":600"
2,2,"{""a"": ""wenwu"", ""t"": ""2"", ""n"": 5}","""atk"":30,""hp"":600","""atk"":30"
2,3,"{""a"": ""wenwu"", ""t"": ""2"", ""n"": 7}","""atk"":30,""hp"":1400","""hp"":800"
2,4,"{""a"": ""wenwu"", ""t"": ""2"", ""n"": 9}","""atk"":80,""hp"":1400","""atk"":50"
2,5,,"""atk"":80,""hp"":2600","""hp"":1200"
3,0,"{""a"": ""wenwu"", ""t"": ""3"", ""n"": 1}",,
3,1,"{""a"": ""wenwu"", ""t"": ""3"", ""n"": 3}","""hp"":600","""hp"":600"
3,2,"{""a"": ""wenwu"", ""t"": ""3"", ""n"": 5}","""atk"":30,""hp"":600","""atk"":30"
3,3,"{""a"": ""wenwu"", ""t"": ""3"", ""n"": 7}","""atk"":30,""hp"":1400","""hp"":800"
3,4,"{""a"": ""wenwu"", ""t"": ""3"", ""n"": 9}","""atk"":80,""hp"":1400","""atk"":50"
3,5,,"""atk"":80,""hp"":2600","""hp"":1200"
4,0,"{""a"": ""wenwu"", ""t"": ""4"", ""n"": 1}",,
4,1,"{""a"": ""wenwu"", ""t"": ""4"", ""n"": 3}","""hp"":600","""hp"":600"
4,2,"{""a"": ""wenwu"", ""t"": ""4"", ""n"": 5}","""atk"":30,""hp"":600","""atk"":30"
4,3,"{""a"": ""wenwu"", ""t"": ""4"", ""n"": 7}","""atk"":30,""hp"":1400","""hp"":800"
4,4,"{""a"": ""wenwu"", ""t"": ""4"", ""n"": 9}","""atk"":80,""hp"":1400","""atk"":50"
4,5,,"""atk"":80,""hp"":2600","""hp"":1200"
5,0,"{""a"": ""wenwu"", ""t"": ""5"", ""n"": 1}",,
5,1,"{""a"": ""wenwu"", ""t"": ""5"", ""n"": 3}","""hp"":1200","""hp"":1200"
5,2,"{""a"": ""wenwu"", ""t"": ""5"", ""n"": 5}","""atk"":60,""hp"":1200","""atk"":60"
5,3,"{""a"": ""wenwu"", ""t"": ""5"", ""n"": 7}","""atk"":60,""hp"":2800","""hp"":1600"
5,4,"{""a"": ""wenwu"", ""t"": ""5"", ""n"": 9}","""atk"":160,""hp"":2800","""atk"":100"
5,5,,"""atk"":160,""hp"":5200","""hp"":2400"
6,0,"{""a"": ""wenwu"", ""t"": ""6"", ""n"": 1}",,
6,1,"{""a"": ""wenwu"", ""t"": ""6"", ""n"": 3}","""hp"":1200","""hp"":1200"
6,2,"{""a"": ""wenwu"", ""t"": ""6"", ""n"": 5}","""atk"":60,""hp"":1200","""atk"":60"
6,3,"{""a"": ""wenwu"", ""t"": ""6"", ""n"": 7}","""atk"":60,""hp"":2800","""hp"":1600"
6,4,"{""a"": ""wenwu"", ""t"": ""6"", ""n"": 9}","""atk"":160,""hp"":2800","""atk"":100"
6,5,,"""atk"":160,""hp"":5200","""hp"":2400"
7,0,"{""a"": ""wenwu"", ""t"": ""7"", ""n"": 1}",,
7,1,"{""a"": ""wenwu"", ""t"": ""7"", ""n"": 3}","""hp"":1800","""hp"":1800"
7,2,"{""a"": ""wenwu"", ""t"": ""7"", ""n"": 5}","""atk"":90,""hp"":1800","""atk"":90"
7,3,"{""a"": ""wenwu"", ""t"": ""7"", ""n"": 7}","""atk"":90,""hp"":4200,""hppro"":10","""hp"":2400,""hppro"":10"
7,4,"{""a"": ""wenwu"", ""t"": ""7"", ""n"": 9}","""atk"":240,""hp"":4200,""hppro"":10","""atk"":150"
7,5,,"""atk"":240,""hp"":7800,""atkpro"":10,""hppro"":10","""hp"":3600,""atkpro"":10"
8,0,"{""a"": ""wenwu"", ""t"": ""8"", ""n"": 1}",,
8,1,"{""a"": ""wenwu"", ""t"": ""8"", ""n"": 3}","""hp"":1800","""hp"":1800"
8,2,"{""a"": ""wenwu"", ""t"": ""8"", ""n"": 5}","""atk"":90,""hp"":1800","""atk"":90"
8,3,"{""a"": ""wenwu"", ""t"": ""8"", ""n"": 7}","""atk"":90,""hp"":4200,""hppro"":10","""hp"":2400,""hppro"":10"
8,4,"{""a"": ""wenwu"", ""t"": ""8"", ""n"": 9}","""atk"":240,""hp"":4200,""hppro"":10","""atk"":150"
8,5,,"""atk"":240,""hp"":7800,""atkpro"":10,""hppro"":10","""hp"":3600,""atkpro"":10"
9,0,"{""a"": ""wenwu"", ""t"": ""9"", ""n"": 1}",,
9,1,"{""a"": ""wenwu"", ""t"": ""9"", ""n"": 3}","""hp"":3000","""hp"":3000"
9,2,"{""a"": ""wenwu"", ""t"": ""9"", ""n"": 5}","""atk"":150,""hp"":3000","""atk"":150"
9,3,"{""a"": ""wenwu"", ""t"": ""9"", ""n"": 7}","""atk"":150,""hp"":7000,""hppro"":15","""hp"":4000,""hppro"":15"
9,4,"{""a"": ""wenwu"", ""t"": ""9"", ""n"": 9}","""atk"":400,""hp"":7000,""hppro"":15","""atk"":250"
9,5,,"""atk"":400,""hp"":13000,""atkpro"":15,""hppro"":15","""hp"":6000,""atkpro"":15"
10,0,"{""a"": ""wenwu"", ""t"": ""10"", ""n"": 1}",,
10,1,"{""a"": ""wenwu"", ""t"": ""10"", ""n"": 3}","""hp"":4800","""hp"":4800"
10,2,"{""a"": ""wenwu"", ""t"": ""10"", ""n"": 5}","""atk"":240,""hp"":4800","""atk"":240"
10,3,"{""a"": ""wenwu"", ""t"": ""10"", ""n"": 7}","""atk"":240,""hp"":11200,""hppro"":20","""hp"":6400,""hppro"":20"
10,4,"{""a"": ""wenwu"", ""t"": ""10"", ""n"": 9}","""atk"":640,""hp"":11200,""hppro"":20","""atk"":400"
10,5,,"""atk"":640,""hp"":20800,""atkpro"":20,""hppro"":20","""hp"":9600,""atkpro"":20"
11,0,"{""a"": ""wenwu"", ""t"": ""11"", ""n"": 1}",,
11,1,"{""a"": ""wenwu"", ""t"": ""11"", ""n"": 3}","""hp"":600","""hp"":600"
11,2,"{""a"": ""wenwu"", ""t"": ""11"", ""n"": 5}","""atk"":30,""hp"":600","""atk"":30"
11,3,"{""a"": ""wenwu"", ""t"": ""11"", ""n"": 7}","""atk"":30,""hp"":1400","""hp"":800"
11,4,"{""a"": ""wenwu"", ""t"": ""11"", ""n"": 9}","""atk"":80,""hp"":1400","""atk"":50"
11,5,,"""atk"":80,""hp"":2600","""hp"":1200"
12,0,"{""a"": ""wenwu"", ""t"": ""12"", ""n"": 1}",,
12,1,"{""a"": ""wenwu"", ""t"": ""12"", ""n"": 3}","""hp"":600","""hp"":600"
12,2,"{""a"": ""wenwu"", ""t"": ""12"", ""n"": 5}","""atk"":30,""hp"":600","""atk"":30"
12,3,"{""a"": ""wenwu"", ""t"": ""12"", ""n"": 7}","""atk"":30,""hp"":1400","""hp"":800"
12,4,"{""a"": ""wenwu"", ""t"": ""12"", ""n"": 9}","""atk"":80,""hp"":1400","""atk"":50"
12,5,,"""atk"":80,""hp"":2600","""hp"":1200"
13,0,"{""a"": ""wenwu"", ""t"": ""13"", ""n"": 1}",,
13,1,"{""a"": ""wenwu"", ""t"": ""13"", ""n"": 3}","""hp"":600","""hp"":600"
13,2,"{""a"": ""wenwu"", ""t"": ""13"", ""n"": 5}","""atk"":30,""hp"":600","""atk"":30"
13,3,"{""a"": ""wenwu"", ""t"": ""13"", ""n"": 7}","""atk"":30,""hp"":1400","""hp"":800"
13,4,"{""a"": ""wenwu"", ""t"": ""13"", ""n"": 9}","""atk"":80,""hp"":1400","""atk"":50"
13,5,,"""atk"":80,""hp"":2600","""hp"":1200"
14,0,"{""a"": ""wenwu"", ""t"": ""14"", ""n"": 1}",,
14,1,"{""a"": ""wenwu"", ""t"": ""14"", ""n"": 3}","""hp"":600","""hp"":600"
14,2,"{""a"": ""wenwu"", ""t"": ""14"", ""n"": 5}","""atk"":30,""hp"":600","""atk"":30"
14,3,"{""a"": ""wenwu"", ""t"": ""14"", ""n"": 7}","""atk"":30,""hp"":1400","""hp"":800"
14,4,"{""a"": ""wenwu"", ""t"": ""14"", ""n"": 9}","""atk"":80,""hp"":1400","""atk"":50"
14,5,,"""atk"":80,""hp"":2600","""hp"":1200"
15,0,"{""a"": ""wenwu"", ""t"": ""15"", ""n"": 1}",,
15,1,"{""a"": ""wenwu"", ""t"": ""15"", ""n"": 3}","""hp"":1200","""hp"":1200"
15,2,"{""a"": ""wenwu"", ""t"": ""15"", ""n"": 5}","""atk"":60,""hp"":1200","""atk"":60"
15,3,"{""a"": ""wenwu"", ""t"": ""15"", ""n"": 7}","""atk"":60,""hp"":2800","""hp"":1600"
15,4,"{""a"": ""wenwu"", ""t"": ""15"", ""n"": 9}","""atk"":160,""hp"":2800","""atk"":100"
15,5,,"""atk"":160,""hp"":5200","""hp"":2400"
16,0,"{""a"": ""wenwu"", ""t"": ""16"", ""n"": 1}",,
16,1,"{""a"": ""wenwu"", ""t"": ""16"", ""n"": 3}","""hp"":1200","""hp"":1200"
16,2,"{""a"": ""wenwu"", ""t"": ""16"", ""n"": 5}","""atk"":60,""hp"":1200","""atk"":60"
16,3,"{""a"": ""wenwu"", ""t"": ""16"", ""n"": 7}","""atk"":60,""hp"":2800","""hp"":1600"
16,4,"{""a"": ""wenwu"", ""t"": ""16"", ""n"": 9}","""atk"":160,""hp"":2800","""atk"":100"
16,5,,"""atk"":160,""hp"":5200","""hp"":2400"
17,0,"{""a"": ""wenwu"", ""t"": ""17"", ""n"": 1}",,
17,1,"{""a"": ""wenwu"", ""t"": ""17"", ""n"": 3}","""hp"":1800","""hp"":1800"
17,2,"{""a"": ""wenwu"", ""t"": ""17"", ""n"": 5}","""atk"":90,""hp"":1800","""atk"":90"
17,3,"{""a"": ""wenwu"", ""t"": ""17"", ""n"": 7}","""atk"":90,""hp"":4200,""hppro"":10","""hp"":2400,""hppro"":10"
17,4,"{""a"": ""wenwu"", ""t"": ""17"", ""n"": 9}","""atk"":240,""hp"":4200,""hppro"":10","""atk"":150"
17,5,,"""atk"":240,""hp"":7800,""atkpro"":10,""hppro"":10","""hp"":3600,""atkpro"":10"
18,0,"{""a"": ""wenwu"", ""t"": ""18"", ""n"": 1}",,
18,1,"{""a"": ""wenwu"", ""t"": ""18"", ""n"": 3}","""hp"":1800","""hp"":1800"
18,2,"{""a"": ""wenwu"", ""t"": ""18"", ""n"": 5}","""atk"":90,""hp"":1800","""atk"":90"
18,3,"{""a"": ""wenwu"", ""t"": ""18"", ""n"": 7}","""atk"":90,""hp"":4200,""hppro"":10","""hp"":2400,""hppro"":10"
18,4,"{""a"": ""wenwu"", ""t"": ""18"", ""n"": 9}","""atk"":240,""hp"":4200,""hppro"":10","""atk"":150"
18,5,,"""atk"":240,""hp"":7800,""atkpro"":10,""hppro"":10","""hp"":3600,""atkpro"":10"
19,0,"{""a"": ""wenwu"", ""t"": ""19"", ""n"": 1}",,
19,1,"{""a"": ""wenwu"", ""t"": ""19"", ""n"": 3}","""hp"":3000","""hp"":3000"
19,2,"{""a"": ""wenwu"", ""t"": ""19"", ""n"": 5}","""atk"":150,""hp"":3000","""atk"":150"
19,3,"{""a"": ""wenwu"", ""t"": ""19"", ""n"": 7}","""atk"":150,""hp"":7000,""hppro"":15","""hp"":4000,""hppro"":15"
19,4,"{""a"": ""wenwu"", ""t"": ""19"", ""n"": 9}","""atk"":400,""hp"":7000,""hppro"":15","""atk"":250"
19,5,,"""atk"":400,""hp"":13000,""atkpro"":15,""hppro"":15","""hp"":6000,""atkpro"":15"
20,0,"{""a"": ""wenwu"", ""t"": ""20"", ""n"": 1}",,
20,1,"{""a"": ""wenwu"", ""t"": ""20"", ""n"": 3}","""hp"":4800","""hp"":4800"
20,2,"{""a"": ""wenwu"", ""t"": ""20"", ""n"": 5}","""atk"":240,""hp"":4800","""atk"":240"
20,3,"{""a"": ""wenwu"", ""t"": ""20"", ""n"": 7}","""atk"":240,""hp"":11200,""hppro"":20","""hp"":6400,""hppro"":20"
20,4,"{""a"": ""wenwu"", ""t"": ""20"", ""n"": 9}","""atk"":640,""hp"":11200,""hppro"":20","""atk"":400"
20,5,,"""atk"":640,""hp"":20800,""atkpro"":20,""hppro"":20","""hp"":9600,""atkpro"":20"
21,0,"{""a"": ""wenwu"", ""t"": ""21"", ""n"": 1}",,
21,1,"{""a"": ""wenwu"", ""t"": ""21"", ""n"": 3}","""hp"":600","""hp"":600"
21,2,"{""a"": ""wenwu"", ""t"": ""21"", ""n"": 5}","""atk"":30,""hp"":600","""atk"":30"
21,3,"{""a"": ""wenwu"", ""t"": ""21"", ""n"": 7}","""atk"":30,""hp"":1400","""hp"":800"
21,4,"{""a"": ""wenwu"", ""t"": ""21"", ""n"": 9}","""atk"":80,""hp"":1400","""atk"":50"
21,5,,"""atk"":80,""hp"":2600","""hp"":1200"
22,0,"{""a"": ""wenwu"", ""t"": ""22"", ""n"": 1}",,
22,1,"{""a"": ""wenwu"", ""t"": ""22"", ""n"": 3}","""hp"":600","""hp"":600"
22,2,"{""a"": ""wenwu"", ""t"": ""22"", ""n"": 5}","""atk"":30,""hp"":600","""atk"":30"
22,3,"{""a"": ""wenwu"", ""t"": ""22"", ""n"": 7}","""atk"":30,""hp"":1400","""hp"":800"
22,4,"{""a"": ""wenwu"", ""t"": ""22"", ""n"": 9}","""atk"":80,""hp"":1400","""atk"":50"
22,5,,"""atk"":80,""hp"":2600","""hp"":1200"
23,0,"{""a"": ""wenwu"", ""t"": ""23"", ""n"": 1}",,
23,1,"{""a"": ""wenwu"", ""t"": ""23"", ""n"": 3}","""hp"":600","""hp"":600"
23,2,"{""a"": ""wenwu"", ""t"": ""23"", ""n"": 5}","""atk"":30,""hp"":600","""atk"":30"
23,3,"{""a"": ""wenwu"", ""t"": ""23"", ""n"": 7}","""atk"":30,""hp"":1400","""hp"":800"
23,4,"{""a"": ""wenwu"", ""t"": ""23"", ""n"": 9}","""atk"":80,""hp"":1400","""atk"":50"
23,5,,"""atk"":80,""hp"":2600","""hp"":1200"
24,0,"{""a"": ""wenwu"", ""t"": ""24"", ""n"": 1}",,
24,1,"{""a"": ""wenwu"", ""t"": ""24"", ""n"": 3}","""hp"":600","""hp"":600"
24,2,"{""a"": ""wenwu"", ""t"": ""24"", ""n"": 5}","""atk"":30,""hp"":600","""atk"":30"
24,3,"{""a"": ""wenwu"", ""t"": ""24"", ""n"": 7}","""atk"":30,""hp"":1400","""hp"":800"
24,4,"{""a"": ""wenwu"", ""t"": ""24"", ""n"": 9}","""atk"":80,""hp"":1400","""atk"":50"
24,5,,"""atk"":80,""hp"":2600","""hp"":1200"
25,0,"{""a"": ""wenwu"", ""t"": ""25"", ""n"": 1}",,
25,1,"{""a"": ""wenwu"", ""t"": ""25"", ""n"": 3}","""hp"":1200","""hp"":1200"
25,2,"{""a"": ""wenwu"", ""t"": ""25"", ""n"": 5}","""atk"":60,""hp"":1200","""atk"":60"
25,3,"{""a"": ""wenwu"", ""t"": ""25"", ""n"": 7}","""atk"":60,""hp"":2800","""hp"":1600"
25,4,"{""a"": ""wenwu"", ""t"": ""25"", ""n"": 9}","""atk"":160,""hp"":2800","""atk"":100"
25,5,,"""atk"":160,""hp"":5200","""hp"":2400"
26,0,"{""a"": ""wenwu"", ""t"": ""26"", ""n"": 1}",,
26,1,"{""a"": ""wenwu"", ""t"": ""26"", ""n"": 3}","""hp"":1200","""hp"":1200"
26,2,"{""a"": ""wenwu"", ""t"": ""26"", ""n"": 5}","""atk"":60,""hp"":1200","""atk"":60"
26,3,"{""a"": ""wenwu"", ""t"": ""26"", ""n"": 7}","""atk"":60,""hp"":2800","""hp"":1600"
26,4,"{""a"": ""wenwu"", ""t"": ""26"", ""n"": 9}","""atk"":160,""hp"":2800","""atk"":100"
26,5,,"""atk"":160,""hp"":5200","""hp"":2400"
27,0,"{""a"": ""wenwu"", ""t"": ""27"", ""n"": 1}",,
27,1,"{""a"": ""wenwu"", ""t"": ""27"", ""n"": 3}","""hp"":1800","""hp"":1800"
27,2,"{""a"": ""wenwu"", ""t"": ""27"", ""n"": 5}","""atk"":90,""hp"":1800","""atk"":90"
27,3,"{""a"": ""wenwu"", ""t"": ""27"", ""n"": 7}","""atk"":90,""hp"":4200,""hppro"":10","""hp"":2400,""hppro"":10"
27,4,"{""a"": ""wenwu"", ""t"": ""27"", ""n"": 9}","""atk"":240,""hp"":4200,""hppro"":10","""atk"":150"
27,5,,"""atk"":240,""hp"":7800,""atkpro"":10,""hppro"":10","""hp"":3600,""atkpro"":10"
28,0,"{""a"": ""wenwu"", ""t"": ""28"", ""n"": 1}",,
28,1,"{""a"": ""wenwu"", ""t"": ""28"", ""n"": 3}","""hp"":1800","""hp"":1800"
28,2,"{""a"": ""wenwu"", ""t"": ""28"", ""n"": 5}","""atk"":90,""hp"":1800","""atk"":90"
28,3,"{""a"": ""wenwu"", ""t"": ""28"", ""n"": 7}","""atk"":90,""hp"":4200,""hppro"":10","""hp"":2400,""hppro"":10"
28,4,"{""a"": ""wenwu"", ""t"": ""28"", ""n"": 9}","""atk"":240,""hp"":4200,""hppro"":10","""atk"":150"
28,5,,"""atk"":240,""hp"":7800,""atkpro"":10,""hppro"":10","""hp"":3600,""atkpro"":10"
29,0,"{""a"": ""wenwu"", ""t"": ""29"", ""n"": 1}",,
29,1,"{""a"": ""wenwu"", ""t"": ""29"", ""n"": 3}","""hp"":3000","""hp"":3000"
29,2,"{""a"": ""wenwu"", ""t"": ""29"", ""n"": 5}","""atk"":150,""hp"":3000","""atk"":150"
29,3,"{""a"": ""wenwu"", ""t"": ""29"", ""n"": 7}","""atk"":150,""hp"":7000,""hppro"":15","""hp"":4000,""hppro"":15"
29,4,"{""a"": ""wenwu"", ""t"": ""29"", ""n"": 9}","""atk"":400,""hp"":7000,""hppro"":15","""atk"":250"
29,5,,"""atk"":400,""hp"":13000,""atkpro"":15,""hppro"":15","""hp"":6000,""atkpro"":15"
30,0,"{""a"": ""wenwu"", ""t"": ""30"", ""n"": 1}",,
30,1,"{""a"": ""wenwu"", ""t"": ""30"", ""n"": 3}","""hp"":4800","""hp"":4800"
30,2,"{""a"": ""wenwu"", ""t"": ""30"", ""n"": 5}","""atk"":240,""hp"":4800","""atk"":240"
30,3,"{""a"": ""wenwu"", ""t"": ""30"", ""n"": 7}","""atk"":240,""hp"":11200,""hppro"":20","""hp"":6400,""hppro"":20"
30,4,"{""a"": ""wenwu"", ""t"": ""30"", ""n"": 9}","""atk"":640,""hp"":11200,""hppro"":20","""atk"":400"
30,5,,"""atk"":640,""hp"":20800,""atkpro"":20,""hppro"":20","""hp"":9600,""atkpro"":20"
31,0,"{""a"": ""wenwu"", ""t"": ""31"", ""n"": 1}",,
31,1,"{""a"": ""wenwu"", ""t"": ""31"", ""n"": 3}","""hp"":600","""hp"":600"
31,2,"{""a"": ""wenwu"", ""t"": ""31"", ""n"": 5}","""atk"":30,""hp"":600","""atk"":30"
31,3,"{""a"": ""wenwu"", ""t"": ""31"", ""n"": 7}","""atk"":30,""hp"":1400","""hp"":800"
31,4,"{""a"": ""wenwu"", ""t"": ""31"", ""n"": 9}","""atk"":80,""hp"":1400","""atk"":50"
31,5,,"""atk"":80,""hp"":2600","""hp"":1200"
32,0,"{""a"": ""wenwu"", ""t"": ""32"", ""n"": 1}",,
32,1,"{""a"": ""wenwu"", ""t"": ""32"", ""n"": 3}","""hp"":600","""hp"":600"
32,2,"{""a"": ""wenwu"", ""t"": ""32"", ""n"": 5}","""atk"":30,""hp"":600","""atk"":30"
32,3,"{""a"": ""wenwu"", ""t"": ""32"", ""n"": 7}","""atk"":30,""hp"":1400","""hp"":800"
32,4,"{""a"": ""wenwu"", ""t"": ""32"", ""n"": 9}","""atk"":80,""hp"":1400","""atk"":50"
32,5,,"""atk"":80,""hp"":2600","""hp"":1200"
33,0,"{""a"": ""wenwu"", ""t"": ""33"", ""n"": 1}",,
33,1,"{""a"": ""wenwu"", ""t"": ""33"", ""n"": 3}","""hp"":600","""hp"":600"
33,2,"{""a"": ""wenwu"", ""t"": ""33"", ""n"": 5}","""atk"":30,""hp"":600","""atk"":30"
33,3,"{""a"": ""wenwu"", ""t"": ""33"", ""n"": 7}","""atk"":30,""hp"":1400","""hp"":800"
33,4,"{""a"": ""wenwu"", ""t"": ""33"", ""n"": 9}","""atk"":80,""hp"":1400","""atk"":50"
33,5,,"""atk"":80,""hp"":2600","""hp"":1200"
34,0,"{""a"": ""wenwu"", ""t"": ""34"", ""n"": 1}",,
34,1,"{""a"": ""wenwu"", ""t"": ""34"", ""n"": 3}","""hp"":600","""hp"":600"
34,2,"{""a"": ""wenwu"", ""t"": ""34"", ""n"": 5}","""atk"":30,""hp"":600","""atk"":30"
34,3,"{""a"": ""wenwu"", ""t"": ""34"", ""n"": 7}","""atk"":30,""hp"":1400","""hp"":800"
34,4,"{""a"": ""wenwu"", ""t"": ""34"", ""n"": 9}","""atk"":80,""hp"":1400","""atk"":50"
34,5,,"""atk"":80,""hp"":2600","""hp"":1200"
35,0,"{""a"": ""wenwu"", ""t"": ""35"", ""n"": 1}",,
35,1,"{""a"": ""wenwu"", ""t"": ""35"", ""n"": 3}","""hp"":1200","""hp"":1200"
35,2,"{""a"": ""wenwu"", ""t"": ""35"", ""n"": 5}","""atk"":60,""hp"":1200","""atk"":60"
35,3,"{""a"": ""wenwu"", ""t"": ""35"", ""n"": 7}","""atk"":60,""hp"":2800","""hp"":1600"
35,4,"{""a"": ""wenwu"", ""t"": ""35"", ""n"": 9}","""atk"":160,""hp"":2800","""atk"":100"
35,5,,"""atk"":160,""hp"":5200","""hp"":2400"
36,0,"{""a"": ""wenwu"", ""t"": ""36"", ""n"": 1}",,
36,1,"{""a"": ""wenwu"", ""t"": ""36"", ""n"": 3}","""hp"":1200","""hp"":1200"
36,2,"{""a"": ""wenwu"", ""t"": ""36"", ""n"": 5}","""atk"":60,""hp"":1200","""atk"":60"
36,3,"{""a"": ""wenwu"", ""t"": ""36"", ""n"": 7}","""atk"":60,""hp"":2800","""hp"":1600"
36,4,"{""a"": ""wenwu"", ""t"": ""36"", ""n"": 9}","""atk"":160,""hp"":2800","""atk"":100"
36,5,,"""atk"":160,""hp"":5200","""hp"":2400"
37,0,"{""a"": ""wenwu"", ""t"": ""37"", ""n"": 1}",,
37,1,"{""a"": ""wenwu"", ""t"": ""37"", ""n"": 3}","""hp"":1800","""hp"":1800"
37,2,"{""a"": ""wenwu"", ""t"": ""37"", ""n"": 5}","""atk"":90,""hp"":1800","""atk"":90"
37,3,"{""a"": ""wenwu"", ""t"": ""37"", ""n"": 7}","""atk"":90,""hp"":4200,""hppro"":10","""hp"":2400,""hppro"":10"
37,4,"{""a"": ""wenwu"", ""t"": ""37"", ""n"": 9}","""atk"":240,""hp"":4200,""hppro"":10","""atk"":150"
37,5,,"""atk"":240,""hp"":7800,""atkpro"":10,""hppro"":10","""hp"":3600,""atkpro"":10"
38,0,"{""a"": ""wenwu"", ""t"": ""38"", ""n"": 1}",,
38,1,"{""a"": ""wenwu"", ""t"": ""38"", ""n"": 3}","""hp"":1800","""hp"":1800"
38,2,"{""a"": ""wenwu"", ""t"": ""38"", ""n"": 5}","""atk"":90,""hp"":1800","""atk"":90"
38,3,"{""a"": ""wenwu"", ""t"": ""38"", ""n"": 7}","""atk"":90,""hp"":4200,""hppro"":10","""hp"":2400,""hppro"":10"
38,4,"{""a"": ""wenwu"", ""t"": ""38"", ""n"": 9}","""atk"":240,""hp"":4200,""hppro"":10","""atk"":150"
38,5,,"""atk"":240,""hp"":7800,""atkpro"":10,""hppro"":10","""hp"":3600,""atkpro"":10"
39,0,"{""a"": ""wenwu"", ""t"": ""39"", ""n"": 1}",,
39,1,"{""a"": ""wenwu"", ""t"": ""39"", ""n"": 3}","""hp"":3000","""hp"":3000"
39,2,"{""a"": ""wenwu"", ""t"": ""39"", ""n"": 5}","""atk"":150,""hp"":3000","""atk"":150"
39,3,"{""a"": ""wenwu"", ""t"": ""39"", ""n"": 7}","""atk"":150,""hp"":7000,""hppro"":15","""hp"":4000,""hppro"":15"
39,4,"{""a"": ""wenwu"", ""t"": ""39"", ""n"": 9}","""atk"":400,""hp"":7000,""hppro"":15","""atk"":250"
39,5,,"""atk"":400,""hp"":13000,""atkpro"":15,""hppro"":15","""hp"":6000,""atkpro"":15"
40,0,"{""a"": ""wenwu"", ""t"": ""40"", ""n"": 1}",,
40,1,"{""a"": ""wenwu"", ""t"": ""40"", ""n"": 3}","""hp"":4800","""hp"":4800"
40,2,"{""a"": ""wenwu"", ""t"": ""40"", ""n"": 5}","""atk"":240,""hp"":4800","""atk"":240"
40,3,"{""a"": ""wenwu"", ""t"": ""40"", ""n"": 7}","""atk"":240,""hp"":11200,""hppro"":20","""hp"":6400,""hppro"":20"
40,4,"{""a"": ""wenwu"", ""t"": ""40"", ""n"": 9}","""atk"":640,""hp"":11200,""hppro"":20","""atk"":400"
40,5,,"""atk"":640,""hp"":20800,""atkpro"":20,""hppro"":20","""hp"":9600,""atkpro"":20"
41,0,"{""a"": ""wenwu"", ""t"": ""41"", ""n"": 1}",,
41,1,"{""a"": ""wenwu"", ""t"": ""41"", ""n"": 3}","""hp"":600","""hp"":600"
41,2,"{""a"": ""wenwu"", ""t"": ""41"", ""n"": 5}","""atk"":30,""hp"":600","""atk"":30"
41,3,"{""a"": ""wenwu"", ""t"": ""41"", ""n"": 7}","""atk"":30,""hp"":1400","""hp"":800"
41,4,"{""a"": ""wenwu"", ""t"": ""41"", ""n"": 9}","""atk"":80,""hp"":1400","""atk"":50"
41,5,,"""atk"":80,""hp"":2600","""hp"":1200"
42,0,"{""a"": ""wenwu"", ""t"": ""42"", ""n"": 1}",,
42,1,"{""a"": ""wenwu"", ""t"": ""42"", ""n"": 3}","""hp"":600","""hp"":600"
42,2,"{""a"": ""wenwu"", ""t"": ""42"", ""n"": 5}","""atk"":30,""hp"":600","""atk"":30"
42,3,"{""a"": ""wenwu"", ""t"": ""42"", ""n"": 7}","""atk"":30,""hp"":1400","""hp"":800"
42,4,"{""a"": ""wenwu"", ""t"": ""42"", ""n"": 9}","""atk"":80,""hp"":1400","""atk"":50"
42,5,,"""atk"":80,""hp"":2600","""hp"":1200"
43,0,"{""a"": ""wenwu"", ""t"": ""43"", ""n"": 1}",,
43,1,"{""a"": ""wenwu"", ""t"": ""43"", ""n"": 3}","""hp"":600","""hp"":600"
43,2,"{""a"": ""wenwu"", ""t"": ""43"", ""n"": 5}","""atk"":30,""hp"":600","""atk"":30"
43,3,"{""a"": ""wenwu"", ""t"": ""43"", ""n"": 7}","""atk"":30,""hp"":1400","""hp"":800"
43,4,"{""a"": ""wenwu"", ""t"": ""43"", ""n"": 9}","""atk"":80,""hp"":1400","""atk"":50"
43,5,,"""atk"":80,""hp"":2600","""hp"":1200"
44,0,"{""a"": ""wenwu"", ""t"": ""44"", ""n"": 1}",,
44,1,"{""a"": ""wenwu"", ""t"": ""44"", ""n"": 3}","""hp"":600","""hp"":600"
44,2,"{""a"": ""wenwu"", ""t"": ""44"", ""n"": 5}","""atk"":30,""hp"":600","""atk"":30"
44,3,"{""a"": ""wenwu"", ""t"": ""44"", ""n"": 7}","""atk"":30,""hp"":1400","""hp"":800"
44,4,"{""a"": ""wenwu"", ""t"": ""44"", ""n"": 9}","""atk"":80,""hp"":1400","""atk"":50"
44,5,,"""atk"":80,""hp"":2600","""hp"":1200"
45,0,"{""a"": ""wenwu"", ""t"": ""45"", ""n"": 1}",,
45,1,"{""a"": ""wenwu"", ""t"": ""45"", ""n"": 3}","""hp"":1200","""hp"":1200"
45,2,"{""a"": ""wenwu"", ""t"": ""45"", ""n"": 5}","""atk"":60,""hp"":1200","""atk"":60"
45,3,"{""a"": ""wenwu"", ""t"": ""45"", ""n"": 7}","""atk"":60,""hp"":2800","""hp"":1600"
45,4,"{""a"": ""wenwu"", ""t"": ""45"", ""n"": 9}","""atk"":160,""hp"":2800","""atk"":100"
45,5,,"""atk"":160,""hp"":5200","""hp"":2400"
46,0,"{""a"": ""wenwu"", ""t"": ""46"", ""n"": 1}",,
46,1,"{""a"": ""wenwu"", ""t"": ""46"", ""n"": 3}","""hp"":1200","""hp"":1200"
46,2,"{""a"": ""wenwu"", ""t"": ""46"", ""n"": 5}","""atk"":60,""hp"":1200","""atk"":60"
46,3,"{""a"": ""wenwu"", ""t"": ""46"", ""n"": 7}","""atk"":60,""hp"":2800","""hp"":1600"
46,4,"{""a"": ""wenwu"", ""t"": ""46"", ""n"": 9}","""atk"":160,""hp"":2800","""atk"":100"
46,5,,"""atk"":160,""hp"":5200","""hp"":2400"
47,0,"{""a"": ""wenwu"", ""t"": ""47"", ""n"": 1}",,
47,1,"{""a"": ""wenwu"", ""t"": ""47"", ""n"": 3}","""hp"":1800","""hp"":1800"
47,2,"{""a"": ""wenwu"", ""t"": ""47"", ""n"": 5}","""atk"":90,""hp"":1800","""atk"":90"
47,3,"{""a"": ""wenwu"", ""t"": ""47"", ""n"": 7}","""atk"":90,""hp"":4200,""hppro"":10","""hp"":2400,""hppro"":10"
47,4,"{""a"": ""wenwu"", ""t"": ""47"", ""n"": 9}","""atk"":240,""hp"":4200,""hppro"":10","""atk"":150"
47,5,,"""atk"":240,""hp"":7800,""atkpro"":10,""hppro"":10","""hp"":3600,""atkpro"":10"
48,0,"{""a"": ""wenwu"", ""t"": ""48"", ""n"": 1}",,
48,1,"{""a"": ""wenwu"", ""t"": ""48"", ""n"": 3}","""hp"":1800","""hp"":1800"
48,2,"{""a"": ""wenwu"", ""t"": ""48"", ""n"": 5}","""atk"":90,""hp"":1800","""atk"":90"
48,3,"{""a"": ""wenwu"", ""t"": ""48"", ""n"": 7}","""atk"":90,""hp"":4200,""hppro"":10","""hp"":2400,""hppro"":10"
48,4,"{""a"": ""wenwu"", ""t"": ""48"", ""n"": 9}","""atk"":240,""hp"":4200,""hppro"":10","""atk"":150"
48,5,,"""atk"":240,""hp"":7800,""atkpro"":10,""hppro"":10","""hp"":3600,""atkpro"":10"
49,0,"{""a"": ""wenwu"", ""t"": ""49"", ""n"": 1}",,
49,1,"{""a"": ""wenwu"", ""t"": ""49"", ""n"": 3}","""hp"":3000","""hp"":3000"
49,2,"{""a"": ""wenwu"", ""t"": ""49"", ""n"": 5}","""atk"":150,""hp"":3000","""atk"":150"
49,3,"{""a"": ""wenwu"", ""t"": ""49"", ""n"": 7}","""atk"":150,""hp"":7000,""hppro"":15","""hp"":4000,""hppro"":15"
49,4,"{""a"": ""wenwu"", ""t"": ""49"", ""n"": 9}","""atk"":400,""hp"":7000,""hppro"":15","""atk"":250"
49,5,,"""atk"":400,""hp"":13000,""atkpro"":15,""hppro"":15","""hp"":6000,""atkpro"":15"
50,0,"{""a"": ""wenwu"", ""t"": ""50"", ""n"": 1}",,
50,1,"{""a"": ""wenwu"", ""t"": ""50"", ""n"": 3}","""hp"":4800","""hp"":4800"
50,2,"{""a"": ""wenwu"", ""t"": ""50"", ""n"": 5}","""atk"":240,""hp"":4800","""atk"":240"
50,3,"{""a"": ""wenwu"", ""t"": ""50"", ""n"": 7}","""atk"":240,""hp"":11200,""hppro"":20","""hp"":6400,""hppro"":20"
50,4,"{""a"": ""wenwu"", ""t"": ""50"", ""n"": 9}","""atk"":640,""hp"":11200,""hppro"":20","""atk"":400"
50,5,,"""atk"":640,""hp"":20800,""atkpro"":20,""hppro"":20","""hp"":9600,""atkpro"":20"
51,0,"{""a"": ""wenwu"", ""t"": ""51"", ""n"": 1}",,
51,1,"{""a"": ""wenwu"", ""t"": ""51"", ""n"": 3}","""hp"":600","""hp"":600"
51,2,"{""a"": ""wenwu"", ""t"": ""51"", ""n"": 5}","""atk"":30,""hp"":600","""atk"":30"
51,3,"{""a"": ""wenwu"", ""t"": ""51"", ""n"": 7}","""atk"":30,""hp"":1400","""hp"":800"
51,4,"{""a"": ""wenwu"", ""t"": ""51"", ""n"": 9}","""atk"":80,""hp"":1400","""atk"":50"
51,5,,"""atk"":80,""hp"":2600","""hp"":1200"
52,0,"{""a"": ""wenwu"", ""t"": ""52"", ""n"": 1}",,
52,1,"{""a"": ""wenwu"", ""t"": ""52"", ""n"": 3}","""hp"":600","""hp"":600"
52,2,"{""a"": ""wenwu"", ""t"": ""52"", ""n"": 5}","""atk"":30,""hp"":600","""atk"":30"
52,3,"{""a"": ""wenwu"", ""t"": ""52"", ""n"": 7}","""atk"":30,""hp"":1400","""hp"":800"
52,4,"{""a"": ""wenwu"", ""t"": ""52"", ""n"": 9}","""atk"":80,""hp"":1400","""atk"":50"
52,5,,"""atk"":80,""hp"":2600","""hp"":1200"
53,0,"{""a"": ""wenwu"", ""t"": ""53"", ""n"": 1}",,
53,1,"{""a"": ""wenwu"", ""t"": ""53"", ""n"": 3}","""hp"":600","""hp"":600"
53,2,"{""a"": ""wenwu"", ""t"": ""53"", ""n"": 5}","""atk"":30,""hp"":600","""atk"":30"
53,3,"{""a"": ""wenwu"", ""t"": ""53"", ""n"": 7}","""atk"":30,""hp"":1400","""hp"":800"
53,4,"{""a"": ""wenwu"", ""t"": ""53"", ""n"": 9}","""atk"":80,""hp"":1400","""atk"":50"
53,5,,"""atk"":80,""hp"":2600","""hp"":1200"
54,0,"{""a"": ""wenwu"", ""t"": ""54"", ""n"": 1}",,
54,1,"{""a"": ""wenwu"", ""t"": ""54"", ""n"": 3}","""hp"":600","""hp"":600"
54,2,"{""a"": ""wenwu"", ""t"": ""54"", ""n"": 5}","""atk"":30,""hp"":600","""atk"":30"
54,3,"{""a"": ""wenwu"", ""t"": ""54"", ""n"": 7}","""atk"":30,""hp"":1400","""hp"":800"
54,4,"{""a"": ""wenwu"", ""t"": ""54"", ""n"": 9}","""atk"":80,""hp"":1400","""atk"":50"
54,5,,"""atk"":80,""hp"":2600","""hp"":1200"
55,0,"{""a"": ""wenwu"", ""t"": ""55"", ""n"": 1}",,
55,1,"{""a"": ""wenwu"", ""t"": ""55"", ""n"": 3}","""hp"":1200","""hp"":1200"
55,2,"{""a"": ""wenwu"", ""t"": ""55"", ""n"": 5}","""atk"":60,""hp"":1200","""atk"":60"
55,3,"{""a"": ""wenwu"", ""t"": ""55"", ""n"": 7}","""atk"":60,""hp"":2800","""hp"":1600"
55,4,"{""a"": ""wenwu"", ""t"": ""55"", ""n"": 9}","""atk"":160,""hp"":2800","""atk"":100"
55,5,,"""atk"":160,""hp"":5200","""hp"":2400"
56,0,"{""a"": ""wenwu"", ""t"": ""56"", ""n"": 1}",,
56,1,"{""a"": ""wenwu"", ""t"": ""56"", ""n"": 3}","""hp"":1200","""hp"":1200"
56,2,"{""a"": ""wenwu"", ""t"": ""56"", ""n"": 5}","""atk"":60,""hp"":1200","""atk"":60"
56,3,"{""a"": ""wenwu"", ""t"": ""56"", ""n"": 7}","""atk"":60,""hp"":2800","""hp"":1600"
56,4,"{""a"": ""wenwu"", ""t"": ""56"", ""n"": 9}","""atk"":160,""hp"":2800","""atk"":100"
56,5,,"""atk"":160,""hp"":5200","""hp"":2400"
57,0,"{""a"": ""wenwu"", ""t"": ""57"", ""n"": 1}",,
57,1,"{""a"": ""wenwu"", ""t"": ""57"", ""n"": 3}","""hp"":1800","""hp"":1800"
57,2,"{""a"": ""wenwu"", ""t"": ""57"", ""n"": 5}","""atk"":90,""hp"":1800","""atk"":90"
57,3,"{""a"": ""wenwu"", ""t"": ""57"", ""n"": 7}","""atk"":90,""hp"":4200,""hppro"":10","""hp"":2400,""hppro"":10"
57,4,"{""a"": ""wenwu"", ""t"": ""57"", ""n"": 9}","""atk"":240,""hp"":4200,""hppro"":10","""atk"":150"
57,5,,"""atk"":240,""hp"":7800,""atkpro"":10,""hppro"":10","""hp"":3600,""atkpro"":10"
58,0,"{""a"": ""wenwu"", ""t"": ""58"", ""n"": 1}",,
58,1,"{""a"": ""wenwu"", ""t"": ""58"", ""n"": 3}","""hp"":1800","""hp"":1800"
58,2,"{""a"": ""wenwu"", ""t"": ""58"", ""n"": 5}","""atk"":90,""hp"":1800","""atk"":90"
58,3,"{""a"": ""wenwu"", ""t"": ""58"", ""n"": 7}","""atk"":90,""hp"":4200,""hppro"":10","""hp"":2400,""hppro"":10"
58,4,"{""a"": ""wenwu"", ""t"": ""58"", ""n"": 9}","""atk"":240,""hp"":4200,""hppro"":10","""atk"":150"
58,5,,"""atk"":240,""hp"":7800,""atkpro"":10,""hppro"":10","""hp"":3600,""atkpro"":10"
59,0,"{""a"": ""wenwu"", ""t"": ""59"", ""n"": 1}",,
59,1,"{""a"": ""wenwu"", ""t"": ""59"", ""n"": 3}","""hp"":3000","""hp"":3000"
59,2,"{""a"": ""wenwu"", ""t"": ""59"", ""n"": 5}","""atk"":150,""hp"":3000","""atk"":150"
59,3,"{""a"": ""wenwu"", ""t"": ""59"", ""n"": 7}","""atk"":150,""hp"":7000,""hppro"":15","""hp"":4000,""hppro"":15"
59,4,"{""a"": ""wenwu"", ""t"": ""59"", ""n"": 9}","""atk"":400,""hp"":7000,""hppro"":15","""atk"":250"
59,5,,"""atk"":400,""hp"":13000,""atkpro"":15,""hppro"":15","""hp"":6000,""atkpro"":15"
60,0,"{""a"": ""wenwu"", ""t"": ""60"", ""n"": 1}",,
60,1,"{""a"": ""wenwu"", ""t"": ""60"", ""n"": 3}","""hp"":4800","""hp"":4800"
60,2,"{""a"": ""wenwu"", ""t"": ""60"", ""n"": 5}","""atk"":240,""hp"":4800","""atk"":240"
60,3,"{""a"": ""wenwu"", ""t"": ""60"", ""n"": 7}","""atk"":240,""hp"":11200,""hppro"":20","""hp"":6400,""hppro"":20"
60,4,"{""a"": ""wenwu"", ""t"": ""60"", ""n"": 9}","""atk"":640,""hp"":11200,""hppro"":20","""atk"":400"
60,5,,"""atk"":640,""hp"":20800,""atkpro"":20,""hppro"":20","""hp"":9600,""atkpro"":20"
61,0,"{""a"": ""wenwu"", ""t"": ""61"", ""n"": 1}",,
61,1,"{""a"": ""wenwu"", ""t"": ""61"", ""n"": 3}","""hp"":600","""hp"":600"
61,2,"{""a"": ""wenwu"", ""t"": ""61"", ""n"": 5}","""atk"":30,""hp"":600","""atk"":30"
61,3,"{""a"": ""wenwu"", ""t"": ""61"", ""n"": 7}","""atk"":30,""hp"":1400","""hp"":800"
61,4,"{""a"": ""wenwu"", ""t"": ""61"", ""n"": 9}","""atk"":80,""hp"":1400","""atk"":50"
61,5,,"""atk"":80,""hp"":2600","""hp"":1200"
62,0,"{""a"": ""wenwu"", ""t"": ""62"", ""n"": 1}",,
62,1,"{""a"": ""wenwu"", ""t"": ""62"", ""n"": 3}","""hp"":600","""hp"":600"
62,2,"{""a"": ""wenwu"", ""t"": ""62"", ""n"": 5}","""atk"":30,""hp"":600","""atk"":30"
62,3,"{""a"": ""wenwu"", ""t"": ""62"", ""n"": 7}","""atk"":30,""hp"":1400","""hp"":800"
62,4,"{""a"": ""wenwu"", ""t"": ""62"", ""n"": 9}","""atk"":80,""hp"":1400","""atk"":50"
62,5,,"""atk"":80,""hp"":2600","""hp"":1200"
63,0,"{""a"": ""wenwu"", ""t"": ""63"", ""n"": 1}",,
63,1,"{""a"": ""wenwu"", ""t"": ""63"", ""n"": 3}","""hp"":600","""hp"":600"
63,2,"{""a"": ""wenwu"", ""t"": ""63"", ""n"": 5}","""atk"":30,""hp"":600","""atk"":30"
63,3,"{""a"": ""wenwu"", ""t"": ""63"", ""n"": 7}","""atk"":30,""hp"":1400","""hp"":800"
63,4,"{""a"": ""wenwu"", ""t"": ""63"", ""n"": 9}","""atk"":80,""hp"":1400","""atk"":50"
63,5,,"""atk"":80,""hp"":2600","""hp"":1200"
64,0,"{""a"": ""wenwu"", ""t"": ""64"", ""n"": 1}",,
64,1,"{""a"": ""wenwu"", ""t"": ""64"", ""n"": 3}","""hp"":600","""hp"":600"
64,2,"{""a"": ""wenwu"", ""t"": ""64"", ""n"": 5}","""atk"":30,""hp"":600","""atk"":30"
64,3,"{""a"": ""wenwu"", ""t"": ""64"", ""n"": 7}","""atk"":30,""hp"":1400","""hp"":800"
64,4,"{""a"": ""wenwu"", ""t"": ""64"", ""n"": 9}","""atk"":80,""hp"":1400","""atk"":50"
64,5,,"""atk"":80,""hp"":2600","""hp"":1200"
65,0,"{""a"": ""wenwu"", ""t"": ""65"", ""n"": 1}",,
65,1,"{""a"": ""wenwu"", ""t"": ""65"", ""n"": 3}","""hp"":1200","""hp"":1200"
65,2,"{""a"": ""wenwu"", ""t"": ""65"", ""n"": 5}","""atk"":60,""hp"":1200","""atk"":60"
65,3,"{""a"": ""wenwu"", ""t"": ""65"", ""n"": 7}","""atk"":60,""hp"":2800","""hp"":1600"
65,4,"{""a"": ""wenwu"", ""t"": ""65"", ""n"": 9}","""atk"":160,""hp"":2800","""atk"":100"
65,5,,"""atk"":160,""hp"":5200","""hp"":2400"
66,0,"{""a"": ""wenwu"", ""t"": ""66"", ""n"": 1}",,
66,1,"{""a"": ""wenwu"", ""t"": ""66"", ""n"": 3}","""hp"":1200","""hp"":1200"
66,2,"{""a"": ""wenwu"", ""t"": ""66"", ""n"": 5}","""atk"":60,""hp"":1200","""atk"":60"
66,3,"{""a"": ""wenwu"", ""t"": ""66"", ""n"": 7}","""atk"":60,""hp"":2800","""hp"":1600"
66,4,"{""a"": ""wenwu"", ""t"": ""66"", ""n"": 9}","""atk"":160,""hp"":2800","""atk"":100"
66,5,,"""atk"":160,""hp"":5200","""hp"":2400"
67,0,"{""a"": ""wenwu"", ""t"": ""67"", ""n"": 1}",,
67,1,"{""a"": ""wenwu"", ""t"": ""67"", ""n"": 3}","""hp"":1800","""hp"":1800"
67,2,"{""a"": ""wenwu"", ""t"": ""67"", ""n"": 5}","""atk"":90,""hp"":1800","""atk"":90"
67,3,"{""a"": ""wenwu"", ""t"": ""67"", ""n"": 7}","""atk"":90,""hp"":4200,""hppro"":10","""hp"":2400,""hppro"":10"
67,4,"{""a"": ""wenwu"", ""t"": ""67"", ""n"": 9}","""atk"":240,""hp"":4200,""hppro"":10","""atk"":150"
67,5,,"""atk"":240,""hp"":7800,""atkpro"":10,""hppro"":10","""hp"":3600,""atkpro"":10"
68,0,"{""a"": ""wenwu"", ""t"": ""68"", ""n"": 1}",,
68,1,"{""a"": ""wenwu"", ""t"": ""68"", ""n"": 3}","""hp"":1800","""hp"":1800"
68,2,"{""a"": ""wenwu"", ""t"": ""68"", ""n"": 5}","""atk"":90,""hp"":1800","""atk"":90"
68,3,"{""a"": ""wenwu"", ""t"": ""68"", ""n"": 7}","""atk"":90,""hp"":4200,""hppro"":10","""hp"":2400,""hppro"":10"
68,4,"{""a"": ""wenwu"", ""t"": ""68"", ""n"": 9}","""atk"":240,""hp"":4200,""hppro"":10","""atk"":150"
68,5,,"""atk"":240,""hp"":7800,""atkpro"":10,""hppro"":10","""hp"":3600,""atkpro"":10"
69,0,"{""a"": ""wenwu"", ""t"": ""69"", ""n"": 1}",,
69,1,"{""a"": ""wenwu"", ""t"": ""69"", ""n"": 3}","""hp"":3000","""hp"":3000"
69,2,"{""a"": ""wenwu"", ""t"": ""69"", ""n"": 5}","""atk"":150,""hp"":3000","""atk"":150"
69,3,"{""a"": ""wenwu"", ""t"": ""69"", ""n"": 7}","""atk"":150,""hp"":7000,""hppro"":15","""hp"":4000,""hppro"":15"
69,4,"{""a"": ""wenwu"", ""t"": ""69"", ""n"": 9}","""atk"":400,""hp"":7000,""hppro"":15","""atk"":250"
69,5,,"""atk"":400,""hp"":13000,""atkpro"":15,""hppro"":15","""hp"":6000,""atkpro"":15"
70,0,"{""a"": ""wenwu"", ""t"": ""70"", ""n"": 1}",,
70,1,"{""a"": ""wenwu"", ""t"": ""70"", ""n"": 3}","""hp"":4800","""hp"":4800"
70,2,"{""a"": ""wenwu"", ""t"": ""70"", ""n"": 5}","""atk"":240,""hp"":4800","""atk"":240"
70,3,"{""a"": ""wenwu"", ""t"": ""70"", ""n"": 7}","""atk"":240,""hp"":11200,""hppro"":20","""hp"":6400,""hppro"":20"
70,4,"{""a"": ""wenwu"", ""t"": ""70"", ""n"": 9}","""atk"":640,""hp"":11200,""hppro"":20","""atk"":400"
70,5,,"""atk"":640,""hp"":20800,""atkpro"":20,""hppro"":20","""hp"":9600,""atkpro"":20"
71,0,"{""a"": ""wenwu"", ""t"": ""71"", ""n"": 1}",,
71,1,"{""a"": ""wenwu"", ""t"": ""71"", ""n"": 3}","""hp"":600","""hp"":600"
71,2,"{""a"": ""wenwu"", ""t"": ""71"", ""n"": 5}","""atk"":30,""hp"":600","""atk"":30"
71,3,"{""a"": ""wenwu"", ""t"": ""71"", ""n"": 7}","""atk"":30,""hp"":1400","""hp"":800"
71,4,"{""a"": ""wenwu"", ""t"": ""71"", ""n"": 9}","""atk"":80,""hp"":1400","""atk"":50"
71,5,,"""atk"":80,""hp"":2600","""hp"":1200"
72,0,"{""a"": ""wenwu"", ""t"": ""72"", ""n"": 1}",,
72,1,"{""a"": ""wenwu"", ""t"": ""72"", ""n"": 3}","""hp"":600","""hp"":600"
72,2,"{""a"": ""wenwu"", ""t"": ""72"", ""n"": 5}","""atk"":30,""hp"":600","""atk"":30"
72,3,"{""a"": ""wenwu"", ""t"": ""72"", ""n"": 7}","""atk"":30,""hp"":1400","""hp"":800"
72,4,"{""a"": ""wenwu"", ""t"": ""72"", ""n"": 9}","""atk"":80,""hp"":1400","""atk"":50"
72,5,,"""atk"":80,""hp"":2600","""hp"":1200"
73,0,"{""a"": ""wenwu"", ""t"": ""73"", ""n"": 1}",,
73,1,"{""a"": ""wenwu"", ""t"": ""73"", ""n"": 3}","""hp"":600","""hp"":600"
73,2,"{""a"": ""wenwu"", ""t"": ""73"", ""n"": 5}","""atk"":30,""hp"":600","""atk"":30"
73,3,"{""a"": ""wenwu"", ""t"": ""73"", ""n"": 7}","""atk"":30,""hp"":1400","""hp"":800"
73,4,"{""a"": ""wenwu"", ""t"": ""73"", ""n"": 9}","""atk"":80,""hp"":1400","""atk"":50"
73,5,,"""atk"":80,""hp"":2600","""hp"":1200"
74,0,"{""a"": ""wenwu"", ""t"": ""74"", ""n"": 1}",,
74,1,"{""a"": ""wenwu"", ""t"": ""74"", ""n"": 3}","""hp"":600","""hp"":600"
74,2,"{""a"": ""wenwu"", ""t"": ""74"", ""n"": 5}","""atk"":30,""hp"":600","""atk"":30"
74,3,"{""a"": ""wenwu"", ""t"": ""74"", ""n"": 7}","""atk"":30,""hp"":1400","""hp"":800"
74,4,"{""a"": ""wenwu"", ""t"": ""74"", ""n"": 9}","""atk"":80,""hp"":1400","""atk"":50"
74,5,,"""atk"":80,""hp"":2600","""hp"":1200"
75,0,"{""a"": ""wenwu"", ""t"": ""75"", ""n"": 1}",,
75,1,"{""a"": ""wenwu"", ""t"": ""75"", ""n"": 3}","""hp"":1200","""hp"":1200"
75,2,"{""a"": ""wenwu"", ""t"": ""75"", ""n"": 5}","""atk"":60,""hp"":1200","""atk"":60"
75,3,"{""a"": ""wenwu"", ""t"": ""75"", ""n"": 7}","""atk"":60,""hp"":2800","""hp"":1600"
75,4,"{""a"": ""wenwu"", ""t"": ""75"", ""n"": 9}","""atk"":160,""hp"":2800","""atk"":100"
75,5,,"""atk"":160,""hp"":5200","""hp"":2400"
76,0,"{""a"": ""wenwu"", ""t"": ""76"", ""n"": 1}",,
76,1,"{""a"": ""wenwu"", ""t"": ""76"", ""n"": 3}","""hp"":1200","""hp"":1200"
76,2,"{""a"": ""wenwu"", ""t"": ""76"", ""n"": 5}","""atk"":60,""hp"":1200","""atk"":60"
76,3,"{""a"": ""wenwu"", ""t"": ""76"", ""n"": 7}","""atk"":60,""hp"":2800","""hp"":1600"
76,4,"{""a"": ""wenwu"", ""t"": ""76"", ""n"": 9}","""atk"":160,""hp"":2800","""atk"":100"
76,5,,"""atk"":160,""hp"":5200","""hp"":2400"
77,0,"{""a"": ""wenwu"", ""t"": ""77"", ""n"": 1}",,
77,1,"{""a"": ""wenwu"", ""t"": ""77"", ""n"": 3}","""hp"":1800","""hp"":1800"
77,2,"{""a"": ""wenwu"", ""t"": ""77"", ""n"": 5}","""atk"":90,""hp"":1800","""atk"":90"
77,3,"{""a"": ""wenwu"", ""t"": ""77"", ""n"": 7}","""atk"":90,""hp"":4200,""hppro"":10","""hp"":2400,""hppro"":10"
77,4,"{""a"": ""wenwu"", ""t"": ""77"", ""n"": 9}","""atk"":240,""hp"":4200,""hppro"":10","""atk"":150"
77,5,,"""atk"":240,""hp"":7800,""atkpro"":10,""hppro"":10","""hp"":3600,""atkpro"":10"
78,0,"{""a"": ""wenwu"", ""t"": ""78"", ""n"": 1}",,
78,1,"{""a"": ""wenwu"", ""t"": ""78"", ""n"": 3}","""hp"":1800","""hp"":1800"
78,2,"{""a"": ""wenwu"", ""t"": ""78"", ""n"": 5}","""atk"":90,""hp"":1800","""atk"":90"
78,3,"{""a"": ""wenwu"", ""t"": ""78"", ""n"": 7}","""atk"":90,""hp"":4200,""hppro"":10","""hp"":2400,""hppro"":10"
78,4,"{""a"": ""wenwu"", ""t"": ""78"", ""n"": 9}","""atk"":240,""hp"":4200,""hppro"":10","""atk"":150"
78,5,,"""atk"":240,""hp"":7800,""atkpro"":10,""hppro"":10","""hp"":3600,""atkpro"":10"
79,0,"{""a"": ""wenwu"", ""t"": ""79"", ""n"": 1}",,
79,1,"{""a"": ""wenwu"", ""t"": ""79"", ""n"": 3}","""hp"":3000","""hp"":3000"
79,2,"{""a"": ""wenwu"", ""t"": ""79"", ""n"": 5}","""atk"":150,""hp"":3000","""atk"":150"
79,3,"{""a"": ""wenwu"", ""t"": ""79"", ""n"": 7}","""atk"":150,""hp"":7000,""hppro"":15","""hp"":4000,""hppro"":15"
79,4,"{""a"": ""wenwu"", ""t"": ""79"", ""n"": 9}","""atk"":400,""hp"":7000,""hppro"":15","""atk"":250"
79,5,,"""atk"":400,""hp"":13000,""atkpro"":15,""hppro"":15","""hp"":6000,""atkpro"":15"
80,0,"{""a"": ""wenwu"", ""t"": ""80"", ""n"": 1}",,
80,1,"{""a"": ""wenwu"", ""t"": ""80"", ""n"": 3}","""hp"":4800","""hp"":4800"
80,2,"{""a"": ""wenwu"", ""t"": ""80"", ""n"": 5}","""atk"":240,""hp"":4800","""atk"":240"
80,3,"{""a"": ""wenwu"", ""t"": ""80"", ""n"": 7}","""atk"":240,""hp"":11200,""hppro"":20","""hp"":6400,""hppro"":20"
80,4,"{""a"": ""wenwu"", ""t"": ""80"", ""n"": 9}","""atk"":640,""hp"":11200,""hppro"":20","""atk"":400"
80,5,,"""atk"":640,""hp"":20800,""atkpro"":20,""hppro"":20","""hp"":9600,""atkpro"":20"
81,0,"{""a"": ""wenwu"", ""t"": ""81"", ""n"": 1}",,
81,1,"{""a"": ""wenwu"", ""t"": ""81"", ""n"": 3}","""hp"":3000","""hp"":3000"
81,2,"{""a"": ""wenwu"", ""t"": ""81"", ""n"": 5}","""atk"":150,""hp"":3000","""atk"":150"
81,3,"{""a"": ""wenwu"", ""t"": ""81"", ""n"": 7}","""atk"":150,""hp"":7000,""hppro"":15","""hp"":4000,""hppro"":15"
81,4,"{""a"": ""wenwu"", ""t"": ""81"", ""n"": 9}","""atk"":400,""hp"":7000,""hppro"":15","""atk"":250"
81,5,,"""atk"":400,""hp"":13000,""atkpro"":15,""hppro"":15","""hp"":6000,""atkpro"":15"
82,0,"{""a"": ""wenwu"", ""t"": ""82"", ""n"": 1}",,
82,1,"{""a"": ""wenwu"", ""t"": ""82"", ""n"": 3}","""hp"":3000","""hp"":3000"
82,2,"{""a"": ""wenwu"", ""t"": ""82"", ""n"": 5}","""atk"":150,""hp"":3000","""atk"":150"
82,3,"{""a"": ""wenwu"", ""t"": ""82"", ""n"": 7}","""atk"":150,""hp"":7000,""hppro"":15","""hp"":4000,""hppro"":15"
82,4,"{""a"": ""wenwu"", ""t"": ""82"", ""n"": 9}","""atk"":400,""hp"":7000,""hppro"":15","""atk"":250"
82,5,,"""atk"":400,""hp"":13000,""atkpro"":15,""hppro"":15","""hp"":6000,""atkpro"":15"
83,0,"{""a"": ""wenwu"", ""t"": ""83"", ""n"": 1}",,
83,1,"{""a"": ""wenwu"", ""t"": ""83"", ""n"": 3}","""hp"":3000","""hp"":3000"
83,2,"{""a"": ""wenwu"", ""t"": ""83"", ""n"": 5}","""atk"":150,""hp"":3000","""atk"":150"
83,3,"{""a"": ""wenwu"", ""t"": ""83"", ""n"": 7}","""atk"":150,""hp"":7000,""hppro"":15","""hp"":4000,""hppro"":15"
83,4,"{""a"": ""wenwu"", ""t"": ""83"", ""n"": 9}","""atk"":400,""hp"":7000,""hppro"":15","""atk"":250"
83,5,,"""atk"":400,""hp"":13000,""atkpro"":15,""hppro"":15","""hp"":6000,""atkpro"":15"
84,0,"{""a"": ""wenwu"", ""t"": ""84"", ""n"": 1}",,
84,1,"{""a"": ""wenwu"", ""t"": ""84"", ""n"": 3}","""hp"":4800","""hp"":4800"
84,2,"{""a"": ""wenwu"", ""t"": ""84"", ""n"": 5}","""atk"":240,""hp"":4800","""atk"":240"
84,3,"{""a"": ""wenwu"", ""t"": ""84"", ""n"": 7}","""atk"":240,""hp"":11200,""hppro"":20","""hp"":6400,""hppro"":20"
84,4,"{""a"": ""wenwu"", ""t"": ""84"", ""n"": 9}","""atk"":640,""hp"":11200,""hppro"":20","""atk"":400"
84,5,,"""atk"":640,""hp"":20800,""atkpro"":20,""hppro"":20","""hp"":9600,""atkpro"":20"
85,0,"{""a"": ""wenwu"", ""t"": ""85"", ""n"": 1}",,
85,1,"{""a"": ""wenwu"", ""t"": ""85"", ""n"": 3}","""hp"":4800","""hp"":4800"
85,2,"{""a"": ""wenwu"", ""t"": ""85"", ""n"": 5}","""atk"":240,""hp"":4800","""atk"":240"
85,3,"{""a"": ""wenwu"", ""t"": ""85"", ""n"": 7}","""atk"":240,""hp"":11200,""hppro"":20","""hp"":6400,""hppro"":20"
85,4,"{""a"": ""wenwu"", ""t"": ""85"", ""n"": 9}","""atk"":640,""hp"":11200,""hppro"":20","""atk"":400"
85,5,,"""atk"":640,""hp"":20800,""atkpro"":20,""hppro"":20","""hp"":9600,""atkpro"":20"
