类型,造型id,造型图标,造型名称,造型描述,条件类型,开启条件,顺序,过期时间,跳转,颜色,激活奖励属性,属性描述,动效
chenghao,1,chenghao_1.png,星辰勇者,激活四个试炼头像框后可获取,1,"""headborder"",[""13"",""14"",""15"",""16""]",1,0,,0,"""hppro"": 20,""atkpro"": 20",生命+2%，攻击+2%,
chenghao,2,chenghao_2.png,最强王者,获得巅峰王者第1后激活,1,,3,0,,0,"""hppro"": 30,""atkpro"": 30",生命+3%，攻击+3%,
chenghao,3,chenghao_3.png,日耀领主,爵位特权礼包或活动获取,1,,2,0,,0,"""hppro"": 15,""atkpro"": 15,""undotdpspro"":20",生命+1.5%，攻击+1.5%，异常伤害减免+2%,
chenghao,4,chenghao_4.png,欧皇,完成对应的进阶历练后获得,1,,4,0,,0,"""hppro"": 10,""atkpro"": 10",生命+1%，攻击+1%,
chenghao,7,chenghao_7.png,大预言家,完成对应的进阶历练后获得,1,,5,0,,0,"""hppro"": 10,""atkpro"": 10",生命+1%，攻击+1%,
chenghao,10,chenghao_10.png,幸运选手,完成对应的进阶历练后获得,1,,6,0,,0,"""hppro"": 10,""atkpro"": 10",生命+1%，攻击+1%,
chenghao,11,chenghao_11.png,悬赏大师,完成对应的进阶历练后获得,1,,7,0,,0,"""hppro"": 10,""atkpro"": 10",生命+1%，攻击+1%,
chenghao,16,chenghao_16.png,外域霸者,完成对应的进阶历练后获得,1,,8,0,,0,"""hppro"": 10,""atkpro"": 10",生命+1%，攻击+1%,
chenghao,18,chenghao_18.png,绝对王者,完成对应的进阶历练后获得,1,,9,0,,0,"""hppro"": 30,""atkpro"": 30",生命+3%，攻击+3%,
chenghao,20,chenghao_20.png,假面舞会,完成对应的进阶历练后获得,1,,10,0,,0,"""hppro"": 10,""atkpro"": 10",生命+1%，攻击+1%,
chenghao,23,chenghao_23.png,非酋之书,完成对应的进阶历练后获得,1,,11,0,,0,"""hppro"": 10,""atkpro"": 10",生命+1%，攻击+1%,
chenghao,24,chenghao_24.png,贴吧大神,参加贴吧活动有机会获得,1,,12,0,,0,"""hppro"": 10,""atkpro"": 10",生命+1%，攻击+1%,
chenghao,25,chenghao_25.png,超级VIP,成为高级VIP用户有机会获得,1,,13,0,,0,"""hppro"": 10,""atkpro"": 10",生命+1%，攻击+1%,
chenghao,26,chenghao_26.png,至尊VIP,成为高级VIP用户有机会获得,1,,14,0,,0,"""hppro"": 20,""atkpro"": 20",生命+2%，攻击+2%,
chenghao,27,chenghao_27.png,永恒领主,提升爵位可获得,1,,15,0,,0,"""hppro"": 15,""atkpro"": 15,""undotdpspro"":20",生命+1.5%，攻击+1.5%，异常伤害减免+2%,
chenghao,28,chenghao_28.png,战神,五军之战连击榜第1名可获得,1,,16,0,,0,"""hppro"": 50,""atkpro"": 50,""miankongpro"":50",生命+5%，攻击+5%，免控率+5%,
chenghao,29,chenghao_29.png,五军统领,五军之战连击榜第2至3名可获得,1,,17,0,,0,"""hppro"": 30,""atkpro"": 30,""miankongpro"":30",生命+3%，攻击+3%，免控率+3%,
chenghao,30,chenghao_30.png,五军将领,五军之战连击榜第4至10名可获得,1,,18,0,,0,"""hppro"": 20,""atkpro"": 20,""miankongpro"":20",生命+2%，攻击+2%，免控率+2%,
chenghao,tianming1,chenghao_tianming1.png,天命之子,统御达到对应等级获得,1,"""hero"",""tianming1""",19,0,,0,"""hppro"": 20,""atkpro"": 20,""baojipro"":20",生命+2%，攻击+2%，暴击率+2%,
chenghao,31,chenghao_31.png,决斗王者,决斗盛典排行榜第1名可获得,1,,20,2592000,,0,"""hppro"": 15,""atkpro"": 15,""undotdpspro"":30",生命+1.5%，攻击+1.5%，异常伤害减免+3%,
chenghao,32,chenghao_32.png,决斗大师,决斗盛典排行榜第2至3名可获得,1,,21,2592000,,0,"""hppro"": 15,""atkpro"": 15,""undotdpspro"":20",生命+1.5%，攻击+1.5%，异常伤害减免+2%,
chenghao,33,chenghao_33.png,决斗高手,决斗盛典排行榜第4至10名可获得,1,,22,2592000,,0,"""hppro"": 10,""atkpro"": 10,""undotdpspro"":10",生命+1%，攻击+1%，异常伤害减免+1%,
chenghao,34,chenghao_34.png,雄才大略,雄才大略，参加攻略活动有机会获得,1,,23,0,,0,"""hppro"": 10,""atkpro"": 10,""jingzhunpro"":30",生命+1%，攻击+1%，命中+3%,
chenghao,35,chenghao_35.png,应援团长,参加人气总选活动有机会获得,1,,24,0,,0,"""hppro"": 20,""atkpro"": 20,""undpspro"":30",生命+2%，攻击+2%，伤害减免+3%,
chenghao,36,chenghao_36.png,塔防大神,参加无尽塔防有机会获得,1,,25,604800,,0,"""hppro"": 30,""atkpro"": 30,""miankongpro"":50",生命+3%，攻击+3%，免控率+5%,
chenghao,37,chenghao_37.png,鹊桥相会,参加鹊桥相会活动有机会获得,1,,26,0,,0,"""hppro"": 20,""atkpro"": 20,""baojipro"":20",生命+2%，攻击+2%，暴击率+2%,
chenghao,38,chenghao_38.png,与您同行,参加3周年庆典活动有机会获得,1,,27,0,,0,"""hppro"": 20,""atkpro"": 20,""baoshangpro"":20",生命+2%，攻击+2%，暴击伤害+2%,
chenghao,39,chenghao_39.png,光明传说,获得传说英雄正义使者后获得,1,,28,0,,0,"""hppro"": 30,""atkpro"": 30,""baojipro"":30",生命+3%，攻击+3%，暴击率+3%,
chatborder,1,chat_01.png,基础聊天框,进入游戏后默认获取,1,"""lv"",1",1,0,,0,,,
chatborder,2,chat_02.png,贵族11聊天框,贵族等级达到11时可获取,1,"""vip"",11",2,0,,0,,,
chatborder,3,chat_03.png,荣耀王者聊天框,参加巅峰王者8强获取,1,100,3,604800,,0,,,
chatborder,4,chat_04.png,巅峰王者聊天框,参加巅峰王者第1获取,1,100,4,604800,,0,,,
chatborder,5,chat_05.png,终身贵族聊天框,购买终身卡可获得,1,,5,0,,0,,,
headborder,1,head_01.png,基础头像框,进入游戏后默认获取,1,"""lv"",1",1,0,,0,,,
headborder,2,head_02.png,贵族12头像框,贵族等级达到12时可获取,1,"""vip"",12",2,0,,0,,,
headborder,3,head_03.png,公会王者头像框,公会争锋前3公会可获取,1,100,3,604800,,0,,,
headborder,4,head_04.png,堕天大圣头像框,活动期间限时获得,1,,4,0,,0,,,
headborder,5,head_05.png,战旗先锋头像框,进阶部落战旗可获得,1,,5,5184000,,0,,,
headborder,6,head_06.png,时空守卫头像框,活动期间限时获得,1,,6,0,,0,,,
headborder,7,head_07.png,邪龙霸主头像框,活动期间限时获得,1,,7,0,,0,,,
headborder,8,head_08.png,死亡之主头像框,活动期间限时获得,1,,8,0,,0,,,
headborder,9,head_09.png,一周年头像框,活动期间限时获得,1,,9,0,,0,,,
headborder,10,head_010.png,虚空女王头像框,活动期间限时获得,1,,10,0,,0,,,
headborder,11,head_011.png,不忘初心头像框,活动期间限时获得,1,,11,0,,0,,,
headborder,12,head_012.png,至尊情圣头像框,活动期间限时获得,1,,12,0,,0,,,
headborder,13,head_013.png,英雄之巅头像框,活动期间限时获得,1,,13,0,,0,,,
headborder,14,head_014.png,融魂之巅头像框,活动期间限时获得,1,,14,0,,0,,,
headborder,15,head_015.png,神器之巅头像框,活动期间限时获得,1,,15,0,,0,,,
headborder,16,head_016.png,爵位之巅头像框,活动期间限时获得,1,,16,0,,0,,,
headborder,17,head_017.png,黄金王者头像框,活动期间限时获得,1,,17,0,,0,,,
headborder,18,head_018.png,森之圣女头像框,活动期间限时获得,1,,18,0,,0,,,
headborder,19,head_019.png,嗜血剑圣头像框,活动期间限时获得,1,,19,0,,0,,,
headborder,20,head_020.png,电音女王头像框,活动期间限时获得,1,,20,0,,0,,,
headborder,21,head_021.png,怒火修罗头像框,活动期间限时获得,1,,21,0,,0,,,
headborder,22,head_022.png,终结杀手头像框,活动期间限时获得,1,,22,0,,0,,,
headborder,23,head_023.png,先古守卫头像框,活动期间限时获得,1,,23,0,,0,,,
headborder,24,head_024.png,虚空剑圣头像框,活动期间限时获得,1,,24,0,,0,,,
headborder,25,head_025.png,无畏勇士头像框,活动期间限时获得,1,,25,0,,0,,,
headborder,26,head_026.png,秘密兵器头像框,活动期间限时获得,1,,26,0,,0,,,
headborder,27,head_027.png,堕落天使头像框,活动期间限时获得,1,,27,0,,0,,,
headborder,28,head_028.png,讨魔勇者头像框,进阶征讨令可获得,1,,28,0,,0,,,
headborder,29,head_029.png,白袍法师头像框,活动期间限时获得,1,,29,0,,0,,,
headborder,30,head_030.png,尖峰王者头像框,王者天梯获得第一可使用,1,,30,0,,0,,,
headborder,31,head_031.png,暗夜轮舞头像框,活动期间限时获得,1,,31,0,,0,,,
headborder,32,head_032.png,野性王者头像框,活动期间限时获得,1,,32,0,,0,,,
headborder,33,head_033.png,光耀国王头像框,活动期间限时获得,1,,33,0,,0,,,
headborder,34,head_034.png,无尽暗夜头像框,活动期间限时获得,1,,34,0,,0,,,
headborder,35,head_035.png,圣洁护教头像框,活动期间限时获得,1,,35,0,,0,,,
headborder,36,head_036.png,两周年头像框,活动期间限时获得,1,,36,0,,0,,,
headborder,37,head_037.png,剧毒杀手头像框,活动期间限时获得,1,,37,0,,0,,,
headborder,38,head_038.png,暗夜魔女头像框,活动期间限时获得,1,,38,0,,0,,,
headborder,39,head_039.png,死兆之翼头像框,活动期间限时获得,1,,39,0,,0,,,
headborder,40,head_040.png,决斗先锋头像框,活动期间限时获得,1,,40,2592000,,0,,,ani_touxiangkuang_jjc
headborder,41,head_041.png,魔猴降临头像框,活动期间限时获得,1,,41,0,,0,,,ani_touxiangkuang_houzi
headborder,42,head_042.png,应援团员头像框,活动期间限时获得,1,,42,0,,0,,,ani_touxiangkuang_yytx
headborder,43,head_043.png,绿林侠盗头像框,活动期间限时获得,1,,43,0,,0,,,ani_touxiangkuang_yfly
headborder,44,head_044.png,黑暗剑圣头像框,活动期间限时获得,1,,44,0,,0,,,ani_touxiangkuang_hjs
headborder,45,head_045.png,无畏之牛头像框,活动期间限时获得,1,,45,0,,0,,,ani_touxiangkuang_niutou
headborder,46,head_046.png,暗影魂牧头像框,活动期间限时获得,1,,46,0,,0,,,ani_touxiangkuang_anmu
headborder,47,head_047.png,植树造林头像框,活动期间限时获得,1,,47,0,,0,,,ani_touxiangkuang_zsj
headborder,48,head_048.png,至高圣女头像框,活动期间限时获得,1,,48,0,,0,,,ani_touxiangkuang_shengnv
headborder,49,head_049.png,摇滚歌手头像框,活动期间限时获得,1,,49,0,,0,,,ani_touxiangkuang_shengnv
headborder,50,head_050.png,仿生狂鸦头像框,活动期间限时获得,1,,50,0,,0,,,touxiangkuang_cl
headborder,51,head_051.png,断罪战魂头像框,活动期间限时获得,1,,51,0,,0,,,
headborder,52,head_052.png,怒海狂鲨头像框,活动期间限时获得,1,,52,0,,0,,,
headborder,53,head_053.png,圣堂隐侍头像框,活动期间限时获得,1,,53,0,,0,,,
headborder,54,head_054.png,赛博战警头像框,活动期间限时获得,1,,54,0,,0,,,
headborder,55,head_055.png,3周年庆典头像框,活动期间限时获得,1,,55,0,,0,,,ani_touxiangkuang_znq3
headborder,56,head_056.png,甜品大师头像框,活动期间限时获得,1,,56,0,,0,,,
headborder,57,head_057.png,烈焰蔷薇头像框,活动期间限时获得,1,,57,0,,0,,,
headborder,58,head_058.png,英雄荣耀头像框,活动期间限时获得,1,,58,0,,0,,,
headborder,59,head_059.png,圣诞头像框,活动期间限时获得,1,,59,0,,0,,,
headborder,60,head_060.png,机械战警头像框,活动期间限时获得,1,,60,0,,0,,,
headborder,61,head_061.png,正义荣耀头像框,活动期间限时获得,1,,61,0,,0,,,
headborder,62,head_062.png,恭贺新春头像框,活动期间限时获得,1,,62,0,,0,,,
headborder,63,head_063.png,未来传奇头像框,活动期间限时获得,1,,63,0,,0,,,
headborder,64,head_064.png,游园伊人头像框,活动期间限时获得,1,,64,0,,0,,,
head,1000,shenhao.png,神豪头像,VIP激活,1,"""hero"",""shenhao""",100,0,,5,,,
head,11011,11011.png,软泥怪,软泥怪,1,"""hero"",11011",101,0,,1,,,
head,11023,11023.png,石像鬼,石像鬼,1,"""hero"",11023",102,0,,1,,,
head,11033,11033.png,獠牙猎手,獠牙猎手,1,"""hero"",11033",103,0,,2,,,
head,11044,11044.png,巨镰马洛萨,巨镰马洛萨,1,"""hero"",11044",104,0,,3,,,
head,11045,11045.png,巨镰马洛萨,巨镰马洛萨,1,"""hero"",11045",105,0,,4,,,
head,11054,11054.png,骷髅王扎卡,骷髅王扎卡,1,"""hero"",11054",106,0,,3,,,
head,11055,11055.png,骷髅王扎卡,骷髅王扎卡,1,"""hero"",11055",107,0,,4,,,
head,11064,11064.png,缝合收割者,缝合收割者,1,"""hero"",11064",108,0,,3,,,
head,11065,11065.png,缝合收割者,缝合收割者,1,"""hero"",11065",109,0,,4,,,
head,11075,11075.png,冰霜骨龙,冰霜骨龙,1,"""hero"",11075",110,0,,4,,,
head,11076,11076.png,冰霜骨龙,冰霜骨龙,1,"""hero"",11076",111,0,,5,,,
head,11085,11085.png,亡灵领主,亡灵领主,1,"""hero"",11085",112,0,,4,,,
head,11086,11086.png,亡灵领主,亡灵领主,1,"""hero"",11086",113,0,,5,,,
head,11095,11095.png,冷血督军,冷血督军,1,"""hero"",11095",114,0,,4,,,
head,11096,11096.png,冷血督军,冷血督军,1,"""hero"",11096",115,0,,5,,,
head,11105,11105.png,复仇战鬼,复仇战鬼,1,"""hero"",11105",116,0,,4,,,
head,11106,11106.png,复仇战鬼,复仇战鬼,1,"""hero"",11106",117,0,,5,,,
head,12013,12013.png,噩梦女妖,噩梦女妖,1,"""hero"",12013",118,0,,2,,,
head,12024,12024.png,骸骨法师,骸骨法师,1,"""hero"",12024",119,0,,3,,,
head,12025,12025.png,骸骨法师,骸骨法师,1,"""hero"",12025",120,0,,4,,,
head,12026,12026.png,骸骨法师,骸骨法师,1,"""hero"",12026",121,0,,5,,,
head,12035,12035.png,血衣骨法,血衣骨法,1,"""hero"",12035",122,0,,4,,,
head,12036,12036.png,血衣骨法,血衣骨法,1,"""hero"",12036",123,0,,5,,,
head,12045,12045.png,凯尔文,凯尔文,1,"""hero"",12045",124,0,,4,,,
head,12046,12046.png,凯尔文,凯尔文,1,"""hero"",12046",125,0,,5,,,
head,13012,13012.png,亡灵侍卫,亡灵侍卫,1,"""hero"",13012",126,0,,1,,,
head,13023,13023.png,黑暗牧师,黑暗牧师,1,"""hero"",13023",127,0,,2,,,
head,13034,13034.png,凋零法师,凋零法师,1,"""hero"",13034",128,0,,3,,,
head,13035,13035.png,凋零法师,凋零法师,1,"""hero"",13035",129,0,,4,,,
head,13036,13036.png,凋零法师,凋零法师,1,"""hero"",13036",130,0,,5,,,
head,13045,13045.png,亡魂医者,亡魂医者,1,"""hero"",13045",131,0,,4,,,
head,13046,13046.png,亡魂医者,亡魂医者,1,"""hero"",13046",132,0,,5,,,
head,13055,13055.png,萨基尔,萨基尔,1,"""hero"",13055",133,0,,4,,,
head,13056,13056.png,萨基尔,萨基尔,1,"""hero"",13056",134,0,,5,,,
head,14013,14013.png,食尸鬼,食尸鬼,1,"""hero"",14013",135,0,,2,,,
head,14024,14024.png,暗影收割者,暗影收割者,1,"""hero"",14024",136,0,,3,,,
head,14025,14025.png,暗影收割者,暗影收割者,1,"""hero"",14025",137,0,,4,,,
head,14026,14026.png,暗影收割者,暗影收割者,1,"""hero"",14026",138,0,,5,,,
head,14035,14035.png,死亡刺客,死亡刺客,1,"""hero"",14035",139,0,,4,,,
head,14036,14036.png,死亡刺客,死亡刺客,1,"""hero"",14036",140,0,,5,,,
head,14045,14045.png,幽冥狼王,幽冥狼王,1,"""hero"",14045",141,0,,4,,,
head,14046,14046.png,幽冥狼王,幽冥狼王,1,"""hero"",14046",142,0,,5,,,
head,14055,14055.png,地狱拳师,地狱拳师,1,"""hero"",14055",143,0,,4,,,
head,14056,14056.png,地狱拳师,地狱拳师,1,"""hero"",14056",144,0,,5,,,
head,15014,15014.png,鲜血女王,鲜血女王,1,"""hero"",15014",145,0,,3,,,
head,15015,15015.png,鲜血女王,鲜血女王,1,"""hero"",15015",146,0,,4,,,
head,15024,15024.png,地穴领主,地穴领主,1,"""hero"",15024",147,0,,3,,,
head,15025,15025.png,地穴领主,地穴领主,1,"""hero"",15025",148,0,,4,,,
head,15035,15035.png,暗影猎手,暗影猎手,1,"""hero"",15035",149,0,,4,,,
head,15036,15036.png,暗影猎手,暗影猎手,1,"""hero"",15036",150,0,,5,,,
head,15045,15045.png,艾莲娜,艾莲娜,1,"""hero"",15045",151,0,,4,,,
head,15046,15046.png,艾莲娜,艾莲娜,1,"""hero"",15046",152,0,,5,,,
head,21014,21014.png,山丘领主,山丘领主,1,"""hero"",21014",153,0,,3,,,
head,21015,21015.png,山丘领主,山丘领主,1,"""hero"",21015",154,0,,4,,,
head,21024,21024.png,山岩巨人,山岩巨人,1,"""hero"",21024",155,0,,3,,,
head,21025,21025.png,山岩巨人,山岩巨人,1,"""hero"",21025",156,0,,4,,,
head,21034,21034.png,奥丁战神,奥丁战神,1,"""hero"",21034",157,0,,3,,,
head,21035,21035.png,奥丁战神,奥丁战神,1,"""hero"",21035",158,0,,4,,,
head,21036,21036.png,奥丁战神,奥丁战神,1,"""hero"",21036",159,0,,5,,,
head,21045,21045.png,暴风领主,暴风领主,1,"""hero"",21045",160,0,,4,,,
head,21046,21046.png,暴风领主,暴风领主,1,"""hero"",21046",161,0,,5,,,
head,21055,21055.png,巨岩神使,巨岩神使,1,"""hero"",21055",162,0,,4,,,
head,21056,21056.png,巨岩神使,巨岩神使,1,"""hero"",21056",163,0,,5,,,
head,21065,21065.png,凯尔瑞恩,凯尔瑞恩,1,"""hero"",21065",164,0,,4,,,
head,21066,21066.png,凯尔瑞恩,凯尔瑞恩,1,"""hero"",21066",165,0,,5,,,
head,22012,22012.png,虚灵飞龙,虚灵飞龙,1,"""hero"",22012",166,0,,1,,,
head,22024,22024.png,火焰凤凰,火焰凤凰,1,"""hero"",22024",167,0,,3,,,
head,22025,22025.png,火焰凤凰,火焰凤凰,1,"""hero"",22025",168,0,,4,,,
head,22034,22034.png,寒冰法师,寒冰法师,1,"""hero"",22034",169,0,,3,,,
head,22035,22035.png,寒冰法师,寒冰法师,1,"""hero"",22035",170,0,,4,,,
head,22036,22036.png,寒冰法师,寒冰法师,1,"""hero"",22036",171,0,,5,,,
head,22045,22045.png,守望法师,守望法师,1,"""hero"",22045",172,0,,4,,,
head,22046,22046.png,守望法师,守望法师,1,"""hero"",22046",173,0,,5,,,
head,22055,22055.png,冰蓝巨龙,冰蓝巨龙,1,"""hero"",22055",174,0,,4,,,
head,22056,22056.png,冰蓝巨龙,冰蓝巨龙,1,"""hero"",22056",175,0,,5,,,
head,22065,22065.png,火焰魔导士,火焰魔导士,1,"""hero"",22065",176,0,,4,,,
head,22066,22066.png,火焰魔导士,火焰魔导士,1,"""hero"",22066",177,0,,5,,,
head,22075,22075.png,狂雷囚徒,狂雷囚徒,1,"""hero"",22075",178,0,,4,,,
head,22076,22076.png,狂雷囚徒,狂雷囚徒,1,"""hero"",22076",179,0,,5,,,
head,22085,22085.png,秘法大师,秘法大师,1,"""hero"",22085",180,0,,4,,,
head,22086,22086.png,秘法大师,秘法大师,1,"""hero"",22086",181,0,,5,,,
head,23013,23013.png,木精灵,木精灵,1,"""hero"",23013",182,0,,2,,,
head,23023,23023.png,灵魂祭祀,灵魂祭祀,1,"""hero"",23023",183,0,,2,,,
head,23035,23035.png,奥赛隆,奥赛隆,1,"""hero"",23035",184,0,,4,,,
head,23036,23036.png,奥赛隆,奥赛隆,1,"""hero"",23036",185,0,,5,,,
head,24013,24013.png,虚灵贤者,虚灵贤者,1,"""hero"",24013",186,0,,2,,,
head,24024,24024.png,虚空刺客,虚空刺客,1,"""hero"",24024",187,0,,3,,,
head,24025,24025.png,虚空刺客,虚空刺客,1,"""hero"",24025",188,0,,4,,,
head,24026,24026.png,虚空刺客,虚空刺客,1,"""hero"",24026",189,0,,5,,,
head,24035,24035.png,虚灵杀手蟹,虚灵杀手蟹,1,"""hero"",24035",190,0,,4,,,
head,24036,24036.png,虚灵杀手蟹,虚灵杀手蟹,1,"""hero"",24036",191,0,,5,,,
head,24045,24045.png,幻影利刃,幻影利刃,1,"""hero"",24045",192,0,,4,,,
head,24046,24046.png,幻影利刃,幻影利刃,1,"""hero"",24046",193,0,,5,,,
head,25011,25011.png,皇家狮鹫,皇家狮鹫,1,"""hero"",25011",194,0,,0,,,
head,25023,25023.png,火焰元素,火焰元素,1,"""hero"",25023",195,0,,2,,,
head,25033,25033.png,水滴元素,水滴元素,1,"""hero"",25033",196,0,,2,,,
head,25044,25044.png,探险家,探险家,1,"""hero"",25044",197,0,,3,,,
head,25045,25045.png,探险家,探险家,1,"""hero"",25045",198,0,,4,,,
head,25054,25054.png,虚灵狼,虚灵狼,1,"""hero"",25054",199,0,,3,,,
head,25055,25055.png,虚灵狼,虚灵狼,1,"""hero"",25055",200,0,,4,,,
head,25065,25065.png,风领主,风领主,1,"""hero"",25065",201,0,,4,,,
head,25066,25066.png,风领主,风领主,1,"""hero"",25066",202,0,,5,,,
head,25075,25075.png,奥秘管理员,奥秘管理员,1,"""hero"",25075",203,0,,4,,,
head,25076,25076.png,奥秘管理员,奥秘管理员,1,"""hero"",25076",204,0,,5,,,
head,25085,25085.png,侏儒大师,侏儒大师,1,"""hero"",25085",205,0,,4,,,
head,25086,25086.png,侏儒大师,侏儒大师,1,"""hero"",25086",206,0,,5,,,
head,31012,31012.png,暗影行者,暗影行者,1,"""hero"",31012",207,0,,1,,,
head,31023,31023.png,邪能石魔,邪能石魔,1,"""hero"",31023",208,0,,2,,,
head,31033,31033.png,双头地狱犬,双头地狱犬,1,"""hero"",31033",209,0,,2,,,
head,31044,31044.png,魔王格莱斯顿,魔王格莱斯顿,1,"""hero"",31044",210,0,,3,,,
head,31045,31045.png,魔王格莱斯顿,魔王格莱斯顿,1,"""hero"",31045",211,0,,4,,,
head,31054,31054.png,深渊机甲,深渊机甲,1,"""hero"",31054",212,0,,3,,,
head,31055,31055.png,深渊机甲,深渊机甲,1,"""hero"",31055",213,0,,4,,,
head,31064,31064.png,颤栗魔王,颤栗魔王,1,"""hero"",31064",214,0,,3,,,
head,31065,31065.png,颤栗魔王,颤栗魔王,1,"""hero"",31065",215,0,,4,,,
head,31075,31075.png,理查兹领主,理查兹领主,1,"""hero"",31075",216,0,,4,,,
head,31076,31076.png,理查兹领主,理查兹领主,1,"""hero"",31076",217,0,,5,,,
head,31085,31085.png,毁灭巨龙,毁灭巨龙,1,"""hero"",31085",218,0,,4,,,
head,31086,31086.png,毁灭巨龙,毁灭巨龙,1,"""hero"",31086",219,0,,5,,,
head,31095,31095.png,黑锋骑士,黑锋骑士,1,"""hero"",31095",220,0,,4,,,
head,31096,31096.png,黑锋骑士,黑锋骑士,1,"""hero"",31096",221,0,,5,,,
head,31105,31105.png,腥红女爵,腥红女爵,1,"""hero"",31105",222,0,,4,,,
head,31106,31106.png,腥红女爵,腥红女爵,1,"""hero"",31106",223,0,,5,,,
head,31115,31115.png,嗜血剑圣,嗜血剑圣,1,"""hero"",31115",224,0,,4,,,
head,31116,31116.png,嗜血剑圣,嗜血剑圣,1,"""hero"",31116",225,0,,5,,,
head,32011,32011.png,火焰小鬼,火焰小鬼,1,"""hero"",32011",226,0,,0,,,
head,32023,32023.png,地狱守卫者,地狱守卫者,1,"""hero"",32023",227,0,,2,,,
head,32034,32034.png,逐日法师,逐日法师,1,"""hero"",32034",228,0,,3,,,
head,32035,32035.png,逐日法师,逐日法师,1,"""hero"",32035",229,0,,4,,,
head,32036,32036.png,逐日法师,逐日法师,1,"""hero"",32036",230,0,,5,,,
head,32044,32044.png,毁灭之主,毁灭之主,1,"""hero"",32044",231,0,,3,,,
head,32045,32045.png,毁灭之主,毁灭之主,1,"""hero"",32045",232,0,,4,,,
head,32046,32046.png,毁灭之主,毁灭之主,1,"""hero"",32046",233,0,,5,,,
head,32055,32055.png,火焰魔王,火焰魔王,1,"""hero"",32055",234,0,,4,,,
head,32056,32056.png,火焰魔王,火焰魔王,1,"""hero"",32056",235,0,,5,,,
head,32065,32065.png,巨魔领袖,巨魔领袖,1,"""hero"",32065",236,0,,4,,,
head,32066,32066.png,巨魔领袖,巨魔领袖,1,"""hero"",32066",237,0,,5,,,
head,32075,32075.png,荆棘女王,荆棘女王,1,"""hero"",32075",238,0,,4,,,
head,32076,32076.png,荆棘女王,荆棘女王,1,"""hero"",32076",239,0,,5,,,
head,33014,33014.png,魅影女妖,魅影女妖,1,"""hero"",33014",240,0,,3,,,
head,33015,33015.png,魅影女妖,魅影女妖,1,"""hero"",33015",241,0,,4,,,
head,33024,33024.png,邪灵术士,邪灵术士,1,"""hero"",33024",242,0,,3,,,
head,33025,33025.png,邪灵术士,邪灵术士,1,"""hero"",33025",243,0,,4,,,
head,33026,33026.png,邪灵术士,邪灵术士,1,"""hero"",33026",244,0,,5,,,
head,33035,33035.png,王牌地精,王牌地精,1,"""hero"",33035",245,0,,4,,,
head,33036,33036.png,王牌地精,王牌地精,1,"""hero"",33036",246,0,,5,,,
head,33045,33045.png,龙血魔人,龙血魔人,1,"""hero"",""33045""",247,0,,4,,,
head,33046,33046.png,龙血魔人,龙血魔人,1,"""hero"",""33046""",248,0,,5,,,
head,34014,34014.png,莎拉夫人,莎拉夫人,1,"""hero"",34014",249,0,,3,,,
head,34015,34015.png,莎拉夫人,莎拉夫人,1,"""hero"",34015",250,0,,4,,,
head,34025,34025.png,恶魔刺客,恶魔刺客,1,"""hero"",34025",251,0,,4,,,
head,34026,34026.png,恶魔刺客,恶魔刺客,1,"""hero"",34026",252,0,,5,,,
head,34035,34035.png,刃拳卡维尔,刃拳卡维尔,1,"""hero"",34035",253,0,,4,,,
head,34036,34036.png,刃拳卡维尔,刃拳卡维尔,1,"""hero"",34036",254,0,,5,,,
head,35013,35013.png,独眼魔,独眼魔,1,"""hero"",35013",255,0,,2,,,
head,35023,35023.png,火焰守卫,火焰守卫,1,"""hero"",35023",256,0,,2,,,
head,35035,35035.png,深渊猎手,深渊猎手,1,"""hero"",35035",257,0,,4,,,
head,35036,35036.png,深渊猎手,深渊猎手,1,"""hero"",35036",258,0,,5,,,
head,35045,35045.png,黑暗阿西卡,黑暗阿西卡,1,"""hero"",35045",259,0,,4,,,
head,35046,35046.png,黑暗阿西卡,黑暗阿西卡,1,"""hero"",35046",260,0,,5,,,
head,35055,35055.png,伊芙丽亚,伊芙丽亚,1,"""hero"",35055",261,0,,4,,,
head,35056,35056.png,伊芙丽亚,伊芙丽亚,1,"""hero"",35056",262,0,,5,,,
head,41013,41013.png,豺狼人战士,豺狼人战士,1,"""hero"",41013",263,0,,2,,,
head,41023,41023.png,半人马护卫,半人马护卫,1,"""hero"",41023",264,0,,2,,,
head,41034,41034.png,武僧,武僧,1,"""hero"",41034",265,0,,3,,,
head,41035,41035.png,武僧,武僧,1,"""hero"",41035",266,0,,4,,,
head,41044,41044.png,岩石祖母,岩石祖母,1,"""hero"",41044",267,0,,3,,,
head,41045,41045.png,岩石祖母,岩石祖母,1,"""hero"",41045",268,0,,4,,,
head,41055,41055.png,火焰女王,火焰女王,1,"""hero"",41055",269,0,,4,,,
head,41056,41056.png,火焰女王,火焰女王,1,"""hero"",41056",270,0,,5,,,
head,41065,41065.png,牛头人酋长,牛头人酋长,1,"""hero"",41065",271,0,,4,,,
head,41066,41066.png,牛头人酋长,牛头人酋长,1,"""hero"",41066",272,0,,5,,,
head,41075,41075.png,潮汐行者,潮汐行者,1,"""hero"",41075",273,0,,4,,,
head,41076,41076.png,潮汐行者,潮汐行者,1,"""hero"",41076",274,0,,5,,,
head,42015,42015.png,元素萨满,元素萨满,1,"""hero"",42015",275,0,,4,,,
head,42016,42016.png,元素萨满,元素萨满,1,"""hero"",42016",276,0,,5,,,
head,42025,42025.png,塞西亚,塞西亚,1,"""hero"",42025",277,0,,4,,,
head,42026,42026.png,塞西亚,塞西亚,1,"""hero"",42026",278,0,,5,,,
head,43012,43012.png,鱼人先知,鱼人先知,1,"""hero"",43012",279,0,,1,,,
head,43023,43023.png,深林贤者,深林贤者,1,"""hero"",43023",280,0,,2,,,
head,43034,43034.png,自然贤者,自然贤者,1,"""hero"",43034",281,0,,3,,,
head,43035,43035.png,自然贤者,自然贤者,1,"""hero"",43035",282,0,,4,,,
head,43044,43044.png,月之女神,月之女神,1,"""hero"",43044",283,0,,3,,,
head,43045,43045.png,月之女神,月之女神,1,"""hero"",43045",284,0,,4,,,
head,43046,43046.png,月之女神,月之女神,1,"""hero"",43046",285,0,,5,,,
head,43054,43054.png,深林之神,深林之神,1,"""hero"",43054",286,0,,3,,,
head,43055,43055.png,深林之神,深林之神,1,"""hero"",43055",287,0,,4,,,
head,43056,43056.png,深林之神,深林之神,1,"""hero"",43056",288,0,,5,,,
head,43065,43065.png,卡琳娜,卡琳娜,1,"""hero"",43065",289,0,,4,,,
head,43066,43066.png,卡琳娜,卡琳娜,1,"""hero"",43066",290,0,,5,,,
head,43075,43075.png,艾琳,艾琳,1,"""hero"",43075",291,0,,4,,,
head,43076,43076.png,艾琳,艾琳,1,"""hero"",43076",292,0,,5,,,
head,43085,43085.png,星月精灵,星月精灵,1,"""hero"",43085",293,0,,4,,,
head,43086,43086.png,星月精灵,星月精灵,1,"""hero"",43086",294,0,,5,,,
head,44011,44011.png,海妖战士,海妖战士,1,"""hero"",44011",295,0,,0,,,
head,44024,44024.png,豹骑士凯伦,豹骑士凯伦,1,"""hero"",44024",296,0,,3,,,
head,44025,44025.png,豹骑士凯伦,豹骑士凯伦,1,"""hero"",44025",297,0,,4,,,
head,44034,44034.png,影袭刺客,影袭刺客,1,"""hero"",44034",298,0,,3,,,
head,44035,44035.png,影袭刺客,影袭刺客,1,"""hero"",44035",299,0,,4,,,
head,44036,44036.png,影袭刺客,影袭刺客,1,"""hero"",44036",300,0,,5,,,
head,44045,44045.png,僧侣,僧侣,1,"""hero"",44045",301,0,,4,,,
head,44046,44046.png,僧侣,僧侣,1,"""hero"",44046",302,0,,5,,,
head,44055,44055.png,展翅之鹰,展翅之鹰,1,"""hero"",44055",303,0,,4,,,
head,44056,44056.png,展翅之鹰,展翅之鹰,1,"""hero"",44056",304,0,,5,,,
head,44065,44065.png,森海幼崽,森海幼崽,1,"""hero"",44065",305,0,,4,,,
head,44066,44066.png,森海幼崽,森海幼崽,1,"""hero"",44066",306,0,,5,,,
head,45013,45013.png,咕咕鸟,咕咕鸟,1,"""hero"",45013",307,0,,2,,,
head,45023,45023.png,皇家狮鹫,皇家狮鹫,1,"""hero"",45023",308,0,,2,,,
head,45034,45034.png,维拉妮卡,维拉妮卡,1,"""hero"",45034",309,0,,3,,,
head,45035,45035.png,维拉妮卡,维拉妮卡,1,"""hero"",45035",310,0,,4,,,
head,45045,45045.png,森林猎手,森林猎手,1,"""hero"",45045",311,0,,4,,,
head,45046,45046.png,森林猎手,森林猎手,1,"""hero"",45046",312,0,,5,,,
head,45055,45055.png,风语者,风语者,1,"""hero"",45055",313,0,,4,,,
head,45056,45056.png,风语者,风语者,1,"""hero"",45056",314,0,,5,,,
head,45065,45065.png,伊赫拉,伊赫拉,1,"""hero"",45065",315,0,,4,,,
head,45066,45066.png,伊赫拉,伊赫拉,1,"""hero"",45066",316,0,,5,,,
head,51015,51015.png,食人魔领袖,食人魔领袖,1,"""hero"",51015",317,0,,4,,,
head,51016,51016.png,食人魔领袖,食人魔领袖,1,"""hero"",51016",318,0,,5,,,
head,51025,51025.png,颤栗之翼,颤栗之翼,1,"""hero"",51025",319,0,,4,,,
head,51026,51026.png,颤栗之翼,颤栗之翼,1,"""hero"",51026",320,0,,5,,,
head,52013,52013.png,暗影渡鸦,暗影渡鸦,1,"""hero"",52013",321,0,,2,,,
head,52024,52024.png,美杜莎女王,美杜莎女王,1,"""hero"",52024",322,0,,3,,,
head,52025,52025.png,美杜莎女王,美杜莎女王,1,"""hero"",52025",323,0,,4,,,
head,52034,52034.png,黑暗主教,黑暗主教,1,"""hero"",52034",324,0,,3,,,
head,52035,52035.png,黑暗主教,黑暗主教,1,"""hero"",52035",325,0,,4,,,
head,52045,52045.png,帕米尔隆,帕米尔隆,1,"""hero"",52045",326,0,,4,,,
head,52046,52046.png,帕米尔隆,帕米尔隆,1,"""hero"",52046",327,0,,5,,,
head,52055,52055.png,黑鸦,黑鸦,1,"""hero"",52055",328,0,,4,,,
head,52056,52056.png,黑鸦,黑鸦,1,"""hero"",52056",329,0,,5,,,
head,53014,53014.png,暗影巫医,暗影巫医,1,"""hero"",53014",330,0,,3,,,
head,53015,53015.png,暗影巫医,暗影巫医,1,"""hero"",53015",331,0,,4,,,
head,53016,53016.png,暗影巫医,暗影巫医,1,"""hero"",53016",332,0,,5,,,
head,53025,53025.png,暗影魂牧,暗影魂牧,1,"""hero"",53025",333,0,,4,,,
head,53026,53026.png,暗影魂牧,暗影魂牧,1,"""hero"",53026",334,0,,5,,,
head,55015,55015.png,黑暗主宰,黑暗主宰,1,"""hero"",55015",335,0,,4,,,
head,55016,55016.png,黑暗主宰,黑暗主宰,1,"""hero"",55016",336,0,,5,,,
head,55025,55025.png,黑暗主宰,黑暗主宰,1,"""hero"",55025",337,0,,4,,,
head,55026,55026.png,黑暗主宰,黑暗主宰,1,"""hero"",55026",338,0,,5,,,
head,14065,14065.png,暗龙使者,暗龙使者,1,"""hero"",14065",339,0,,4,,,
head,14066,14066.png,暗龙使者,暗龙使者,1,"""hero"",14066",340,0,,5,,,
head,61014,61014.png,守卫阿帕尔,守卫阿帕尔,1,"""hero"",61014",341,0,,3,,,
head,61015,61015.png,守卫阿帕尔,守卫阿帕尔,1,"""hero"",61015",342,0,,4,,,
head,61025,61025.png,光之大领主,光之大领主,1,"""hero"",61025",343,0,,4,,,
head,61026,61026.png,光之大领主,光之大领主,1,"""hero"",61026",344,0,,5,,,
head,62014,62014.png,血色圣使,血色圣使,1,"""hero"",62014",345,0,,3,,,
head,62015,62015.png,血色圣使,血色圣使,1,"""hero"",62015",346,0,,4,,,
head,62016,62016.png,血色圣使,血色圣使,1,"""hero"",62016",347,0,,5,,,
head,62025,62025.png,圣洁护教,圣洁护教,1,"""hero"",62025",348,0,,4,,,
head,62026,62026.png,圣洁护教,圣洁护教,1,"""hero"",62026",349,0,,5,,,
head,63014,63014.png,神圣之灵,神圣之灵,1,"""hero"",63014",350,0,,3,,,
head,63015,63015.png,神圣之灵,神圣之灵,1,"""hero"",63015",351,0,,4,,,
head,63025,63025.png,圣光先知,圣光先知,1,"""hero"",63025",352,0,,4,,,
head,63026,63026.png,圣光先知,圣光先知,1,"""hero"",63026",353,0,,5,,,
head,63035,63035.png,安德鲁斯,安德鲁斯,1,"""hero"",63035",354,0,,4,,,
head,63036,63036.png,安德鲁斯,安德鲁斯,1,"""hero"",63036",355,0,,5,,,
head,64013,64013.png,光之元素,光之元素,1,"""hero"",64013",356,0,,2,,,
head,64025,64025.png,时空守卫,时空守卫,1,"""hero"",64025",357,0,,4,,,
head,64026,64026.png,时空守卫,时空守卫,1,"""hero"",64026",358,0,,5,,,
head,65015,65015.png,审判之刃,审判之刃,1,"""hero"",65015",359,0,,4,,,
head,65016,65016.png,审判之刃,审判之刃,1,"""hero"",65016",360,0,,5,,,
head,55035,55035.png,梦魇双子,梦魇双子,1,"""hero"",55035",361,0,,4,,,
head,55036,55036.png,梦魇双子,梦魇双子,1,"""hero"",55036",362,0,,5,,,
head,61035,61035.png,光之审判者,光之审判者,1,"""hero"",61035",363,0,,4,,,
head,61036,61036.png,光之审判者,光之审判者,1,"""hero"",61036",364,0,,5,,,
head,71015,71015.png,正义使者,正义使者,1,"""hero"",71015",365,0,,5,,,
head,71016,71016.png,正义使者,正义使者,1,"""hero"",71016",366,0,,5,,,
head,tongyu1,tongyu1.png,统御功能专属,统御功能专属,1,"""hero"",""tongyu1""",367,0,,0,,,
head,tongyu2,tongyu2.png,统御功能专属,统御功能专属,1,"""hero"",""tongyu2""",368,0,,1,,,
head,tongyu3,tongyu3.png,统御功能专属,统御功能专属,1,"""hero"",""tongyu3""",369,0,,2,,,
head,tongyu4,tongyu4.png,统御功能专属,统御功能专属,1,"""hero"",""tongyu4""",370,0,,3,,,
head,tongyu5,tongyu5.png,统御功能专属,统御功能专属,1,"""hero"",""tongyu5""",371,0,,4,,,
head,tongyu6,tongyu6.png,统御功能专属,统御功能专属,1,"""hero"",""tongyu6""",372,0,,5,,,
head,1108001,1108001.png,死亡裁决,死亡裁决,1,"""hero"",""1108001""",373,0,,5,,,
head,3110001,3110001.png,海滩丽影,海滩丽影,1,"""hero"",""3110001""",374,0,,5,,,
head,3109001,3109001.png,邪龙霸主,邪龙霸主,1,"""hero"",""3109001""",375,0,,5,,,
head,5501001,5501001.png,死亡之主,死亡之主,1,"""hero"",""5501001""",376,0,,5,,,
head,4106001,4106001.png,欢乐奶牛,欢乐奶牛,1,"""hero"",""4106001""",377,0,,5,,,
head,5204001,5204001.png,虚空女王,虚空女王,1,"""hero"",""5204001""",378,0,,5,,,
head,5502001,5502001.png,至尊情圣,至尊情圣,1,"""hero"",""5502001""",379,0,,5,,,
head,6102001,6102001.png,黄金王者,黄金王者,1,"""hero"",""6102001""",380,0,,5,,,
head,4307001,4307001.png,森林圣女,森林圣女,1,"""hero"",""4307001""",381,0,,5,,,
head,6501001,6501001.png,电音女王,电音女王,1,"""hero"",""6501001""",382,0,,5,,,
head,1405001,1405001.png,终结杀手,终结杀手,1,"""hero"",""1405001""",383,0,,5,,,
head,5101001,5101001.png,怒火修罗,怒火修罗,1,"""hero"",""5101001""",384,0,,5,,,
head,6402001,6402001.png,先古守卫,先古守卫,1,"""hero"",""6402001""",385,0,,5,,,
head,4106002,4106002.png,无畏勇士,无畏勇士,1,"""hero"",""4106002""",386,0,,5,,,
head,3111001,3111001.png,虚空剑圣,虚空剑圣,1,"""hero"",""3111001""",387,0,,5,,,
head,3303001,3303001.png,秘密兵器,秘密兵器,1,"""hero"",""3303001""",388,0,,5,,,
head,6501002,6501002.png,堕落天使,堕落天使,1,"""hero"",""6501002""",389,0,,5,,,
head,6302001,6302001.png,白袍法师,白袍法师,1,"""hero"",""6302001""",390,0,,5,,,
head,1404001,1404001.png,暗夜轮舞,暗夜轮舞,1,"""hero"",""1404001""",391,0,,5,,,
head,4504001,4504001.png,野性王者,野性王者,1,"""hero"",""4504001""",392,0,,5,,,
head,6303001,6303001.png,光耀国王,光耀国王,1,"""hero"",""6303001""",393,0,,5,,,
head,5205001,5205001.png,鸦神降临,鸦神降临,1,"""hero"",""5205001""",394,0,,5,,,
head,4306001,4306001.png,华丽梦蝶,华丽梦蝶,1,"""hero"",""4306001""",395,0,,5,,,
head,5501002,5501002.png,剧毒杀手,剧毒杀手,1,"""hero"",""5501002""",396,0,,5,,,
head,1109001,1109001.png,暗夜魔女,暗夜魔女,1,"""hero"",""1109001""",397,0,,5,,,
head,5102001,5102001.png,死兆之翼,死兆之翼,1,"""hero"",""5102001""",398,0,,5,,,
head,5502002,5502002.png,魔猴降临,魔猴降临,1,"""hero"",""5502002""",399,0,,5,,,
head,3505001,3505001.png,绿林侠盗,绿林侠盗,1,"""hero"",""3505001""",400,0,,5,,,
head,3111002,3111002.png,黑暗剑圣,黑暗剑圣,1,"""hero"",""3111002""",401,0,,5,,,
head,2508001,2508001.png,无畏之牛,无畏之牛,1,"""hero"",""2508001""",402,0,,5,,,
head,6202001,6202001.png,至高圣女,至高圣女,1,"""hero"",""6202001""",403,0,,5,,,
head,3111003,3111003.png,摇滚歌手,摇滚歌手,1,"""hero"",""3111003""",404,0,,5,,,
head,5302001,5302001.png,仿生狂鸦,仿生狂鸦,1,"""hero"",""5302001""",405,0,,5,,,
head,1110001,1110001.png,断罪战魂,断罪战魂,1,"""hero"",""1110001""",406,0,,5,,,
head,4107001,4107001.png,怒海狂鲨,怒海狂鲨,1,"""hero"",""4107001""",407,0,,5,,,
head,6402002,6402002.png,圣堂隐侍,圣堂隐侍,1,"""hero"",""6402002""",408,0,,5,,,
head,2106001,2106001.png,赛博战警,赛博战警,1,"""hero"",""2106001""",409,0,,5,,,
head,2508002,2508002.png,甜品大师,甜品大师,1,"""hero"",""2508002""",410,0,,5,,,
head,3207001,3207001.png,烈焰蔷薇,烈焰蔷薇,1,"""hero"",""3207001""",411,0,,5,,,
head,6103001,6103001.png,机械战警,机械战警,1,"""hero"",""6103001""",412,0,,5,,,
head,3505002,3505002.png,游园伊人,游园伊人,1,"""hero"",""3505002""",413,0,,5,,,
head,5102002,5102002.png,未来传奇,未来传奇,1,"""hero"",""5102002""",414,0,,5,,,
