道具组,物品类型,物品编号,物品数量,物品权重,购买限制,购买费用,折扣,中奖纪录,购买vip限制,稀有度
101,attr,jinbi,10000,55,-1,"{""a"":""attr"",""t"":""jinbi"",""n"":1}",10,0,0,0
101,attr,jinbi,20000,40,-1,"{""a"":""attr"",""t"":""jinbi"",""n"":1}",10,0,0,0
101,attr,jinbi,30000,5,-1,"{""a"":""attr"",""t"":""jinbi"",""n"":1}",10,0,0,0
102,attr,useexp,4000,55,-1,"{""a"":""attr"",""t"":""jinbi"",""n"":1}",10,0,0,0
102,attr,useexp,8000,40,-1,"{""a"":""attr"",""t"":""jinbi"",""n"":1}",10,0,0,0
102,attr,useexp,24000,5,-1,"{""a"":""attr"",""t"":""jinbi"",""n"":1}",10,0,0,0
103,item,2005,20,55,-1,"{""a"":""attr"",""t"":""jinbi"",""n"":1}",10,0,0,0
103,item,2005,30,40,-1,"{""a"":""attr"",""t"":""jinbi"",""n"":1}",10,0,0,0
103,item,2005,40,5,-1,"{""a"":""attr"",""t"":""jinbi"",""n"":1}",10,0,0,0
104,item,2004,15,1,-1,"{""a"":""attr"",""t"":""jinbi"",""n"":1}",10,0,0,0
105,equip,1032,1,1,1,"{""a"":""attr"",""t"":""jinbi"",""n"":1}",10,0,0,0
105,equip,2032,1,1,1,"{""a"":""attr"",""t"":""jinbi"",""n"":1}",10,0,0,0
105,equip,3032,1,1,1,"{""a"":""attr"",""t"":""jinbi"",""n"":1}",10,0,0,0
105,equip,4032,1,1,1,"{""a"":""attr"",""t"":""jinbi"",""n"":1}",10,0,0,0
106,equip,1041,1,1,1,"{""a"":""attr"",""t"":""jinbi"",""n"":1}",10,1,0,0
106,equip,2041,1,1,1,"{""a"":""attr"",""t"":""jinbi"",""n"":1}",10,1,0,0
106,equip,3041,1,1,1,"{""a"":""attr"",""t"":""jinbi"",""n"":1}",10,1,0,0
106,equip,4041,1,1,1,"{""a"":""attr"",""t"":""jinbi"",""n"":1}",10,1,0,0
107,item,4002,30,1,1,"{""a"":""attr"",""t"":""jinbi"",""n"":1}",10,1,0,0
108,item,52034,30,1,1,"{""a"":""attr"",""t"":""jinbi"",""n"":1}",10,1,0,0
108,item,61014,30,1,1,"{""a"":""attr"",""t"":""jinbi"",""n"":1}",10,1,0,0
201,attr,jinbi,30000,55,-1,"{""a"":""attr"",""t"":""jinbi"",""n"":1}",10,0,0,0
201,attr,jinbi,60000,40,-1,"{""a"":""attr"",""t"":""jinbi"",""n"":1}",10,0,0,0
201,attr,jinbi,90000,5,-1,"{""a"":""attr"",""t"":""jinbi"",""n"":1}",10,0,0,0
202,attr,useexp,10000,55,-1,"{""a"":""attr"",""t"":""jinbi"",""n"":1}",10,0,0,0
202,attr,useexp,20000,40,-1,"{""a"":""attr"",""t"":""jinbi"",""n"":1}",10,0,0,0
202,attr,useexp,60000,5,-1,"{""a"":""attr"",""t"":""jinbi"",""n"":1}",10,0,0,0
203,item,2005,20,55,-1,"{""a"":""attr"",""t"":""jinbi"",""n"":1}",10,0,0,0
203,item,2005,30,40,-1,"{""a"":""attr"",""t"":""jinbi"",""n"":1}",10,0,0,0
203,item,2005,40,5,-1,"{""a"":""attr"",""t"":""jinbi"",""n"":1}",10,0,0,0
204,item,2004,30,1,-1,"{""a"":""attr"",""t"":""jinbi"",""n"":1}",10,0,0,0
205,equip,1032,1,1,1,"{""a"":""attr"",""t"":""jinbi"",""n"":1}",10,0,0,0
205,equip,2032,1,1,1,"{""a"":""attr"",""t"":""jinbi"",""n"":1}",10,0,0,0
205,equip,3032,1,1,1,"{""a"":""attr"",""t"":""jinbi"",""n"":1}",10,0,0,0
205,equip,4032,1,1,1,"{""a"":""attr"",""t"":""jinbi"",""n"":1}",10,0,0,0
206,equip,1041,1,1,1,"{""a"":""attr"",""t"":""jinbi"",""n"":1}",10,1,0,0
206,equip,2041,1,1,1,"{""a"":""attr"",""t"":""jinbi"",""n"":1}",10,1,0,0
206,equip,3041,1,1,1,"{""a"":""attr"",""t"":""jinbi"",""n"":1}",10,1,0,0
206,equip,4041,1,1,1,"{""a"":""attr"",""t"":""jinbi"",""n"":1}",10,1,0,0
207,item,4002,35,1,1,"{""a"":""attr"",""t"":""jinbi"",""n"":1}",10,1,0,0
208,item,24035,50,1,1,"{""a"":""attr"",""t"":""jinbi"",""n"":1}",10,1,0,0
208,item,35045,50,1,1,"{""a"":""attr"",""t"":""jinbi"",""n"":1}",10,1,0,0
208,item,14035,50,1,1,"{""a"":""attr"",""t"":""jinbi"",""n"":1}",10,1,0,0
208,item,41055,50,1,1,"{""a"":""attr"",""t"":""jinbi"",""n"":1}",10,1,0,0
301,attr,jinbi,80000,55,-1,"{""a"":""attr"",""t"":""jinbi"",""n"":1}",10,0,0,0
301,attr,jinbi,160000,40,-1,"{""a"":""attr"",""t"":""jinbi"",""n"":1}",10,0,0,0
301,attr,jinbi,240000,5,-1,"{""a"":""attr"",""t"":""jinbi"",""n"":1}",10,0,0,0
302,attr,useexp,30000,55,-1,"{""a"":""attr"",""t"":""jinbi"",""n"":1}",10,0,0,0
302,attr,useexp,60000,40,-1,"{""a"":""attr"",""t"":""jinbi"",""n"":1}",10,0,0,0
302,attr,useexp,90000,5,-1,"{""a"":""attr"",""t"":""jinbi"",""n"":1}",10,0,0,0
303,item,2005,20,55,-1,"{""a"":""attr"",""t"":""jinbi"",""n"":1}",10,0,0,0
303,item,2005,30,40,-1,"{""a"":""attr"",""t"":""jinbi"",""n"":1}",10,0,0,0
303,item,2005,40,5,-1,"{""a"":""attr"",""t"":""jinbi"",""n"":1}",10,0,0,0
304,shipin,1011,1,1,-1,"{""a"":""attr"",""t"":""jinbi"",""n"":1}",10,0,0,0
304,shipin,1021,1,1,-1,"{""a"":""attr"",""t"":""jinbi"",""n"":1}",10,0,0,0
304,shipin,1031,1,1,-1,"{""a"":""attr"",""t"":""jinbi"",""n"":1}",10,0,0,0
304,shipin,1041,1,1,-1,"{""a"":""attr"",""t"":""jinbi"",""n"":1}",10,0,0,0
304,shipin,1051,1,1,-1,"{""a"":""attr"",""t"":""jinbi"",""n"":1}",10,0,0,0
304,shipin,1061,1,1,-1,"{""a"":""attr"",""t"":""jinbi"",""n"":1}",10,0,0,0
304,shipin,1071,1,1,-1,"{""a"":""attr"",""t"":""jinbi"",""n"":1}",10,0,0,0
304,shipin,1081,1,1,-1,"{""a"":""attr"",""t"":""jinbi"",""n"":1}",10,0,0,0
304,shipin,1091,1,1,-1,"{""a"":""attr"",""t"":""jinbi"",""n"":1}",10,0,0,0
304,shipin,1101,1,1,-1,"{""a"":""attr"",""t"":""jinbi"",""n"":1}",10,0,0,0
305,equip,1041,1,1,1,"{""a"":""attr"",""t"":""jinbi"",""n"":1}",10,0,0,0
305,equip,2041,1,1,1,"{""a"":""attr"",""t"":""jinbi"",""n"":1}",10,0,0,0
305,equip,3041,1,1,1,"{""a"":""attr"",""t"":""jinbi"",""n"":1}",10,0,0,0
305,equip,4041,1,1,1,"{""a"":""attr"",""t"":""jinbi"",""n"":1}",10,0,0,0
306,equip,1042,1,1,1,"{""a"":""attr"",""t"":""jinbi"",""n"":1}",10,1,0,0
306,equip,2042,1,1,1,"{""a"":""attr"",""t"":""jinbi"",""n"":1}",10,1,0,0
306,equip,3042,1,1,1,"{""a"":""attr"",""t"":""jinbi"",""n"":1}",10,1,0,0
306,equip,4042,1,1,1,"{""a"":""attr"",""t"":""jinbi"",""n"":1}",10,1,0,0
307,item,4002,40,1,1,"{""a"":""attr"",""t"":""jinbi"",""n"":1}",10,1,0,0
308,item,24035,50,1,1,"{""a"":""attr"",""t"":""jinbi"",""n"":1}",10,1,0,0
308,item,35045,50,1,1,"{""a"":""attr"",""t"":""jinbi"",""n"":1}",10,1,0,0
308,item,14035,50,1,1,"{""a"":""attr"",""t"":""jinbi"",""n"":1}",10,1,0,0
308,item,41055,50,1,1,"{""a"":""attr"",""t"":""jinbi"",""n"":1}",10,1,0,0
401,attr,jinbi,100000,55,-1,"{""a"":""attr"",""t"":""jinbi"",""n"":1}",10,0,0,0
401,attr,jinbi,200000,40,-1,"{""a"":""attr"",""t"":""jinbi"",""n"":1}",10,0,0,0
401,attr,jinbi,300000,5,-1,"{""a"":""attr"",""t"":""jinbi"",""n"":1}",10,0,0,0
402,attr,useexp,50000,55,-1,"{""a"":""attr"",""t"":""jinbi"",""n"":1}",10,0,0,0
402,attr,useexp,100000,40,-1,"{""a"":""attr"",""t"":""jinbi"",""n"":1}",10,0,0,0
402,attr,useexp,150000,5,-1,"{""a"":""attr"",""t"":""jinbi"",""n"":1}",10,0,0,0
403,item,2005,40,55,-1,"{""a"":""attr"",""t"":""jinbi"",""n"":1}",10,0,0,0
403,item,2005,60,40,-1,"{""a"":""attr"",""t"":""jinbi"",""n"":1}",10,0,0,0
403,item,2005,80,5,-1,"{""a"":""attr"",""t"":""jinbi"",""n"":1}",10,0,0,0
404,shipin,2011,1,1,-1,"{""a"":""attr"",""t"":""jinbi"",""n"":1}",10,0,0,0
404,shipin,2021,1,1,-1,"{""a"":""attr"",""t"":""jinbi"",""n"":1}",10,0,0,0
404,shipin,2031,1,1,-1,"{""a"":""attr"",""t"":""jinbi"",""n"":1}",10,0,0,0
404,shipin,2041,1,1,-1,"{""a"":""attr"",""t"":""jinbi"",""n"":1}",10,0,0,0
404,shipin,2051,1,1,-1,"{""a"":""attr"",""t"":""jinbi"",""n"":1}",10,0,0,0
404,shipin,2061,1,1,-1,"{""a"":""attr"",""t"":""jinbi"",""n"":1}",10,0,0,0
404,shipin,2071,1,1,-1,"{""a"":""attr"",""t"":""jinbi"",""n"":1}",10,0,0,0
404,shipin,2081,1,1,-1,"{""a"":""attr"",""t"":""jinbi"",""n"":1}",10,0,0,0
404,shipin,2091,1,1,-1,"{""a"":""attr"",""t"":""jinbi"",""n"":1}",10,0,0,0
404,shipin,2101,1,1,-1,"{""a"":""attr"",""t"":""jinbi"",""n"":1}",10,0,0,0
405,equip,1042,1,1,1,"{""a"":""attr"",""t"":""jinbi"",""n"":1}",10,0,0,0
405,equip,2042,1,1,1,"{""a"":""attr"",""t"":""jinbi"",""n"":1}",10,0,0,0
405,equip,3042,1,1,1,"{""a"":""attr"",""t"":""jinbi"",""n"":1}",10,0,0,0
405,equip,4042,1,1,1,"{""a"":""attr"",""t"":""jinbi"",""n"":1}",10,0,0,0
406,equip,1043,1,1,1,"{""a"":""attr"",""t"":""jinbi"",""n"":1}",10,1,0,0
406,equip,2043,1,1,1,"{""a"":""attr"",""t"":""jinbi"",""n"":1}",10,1,0,0
406,equip,3043,1,1,1,"{""a"":""attr"",""t"":""jinbi"",""n"":1}",10,1,0,0
406,equip,4043,1,1,1,"{""a"":""attr"",""t"":""jinbi"",""n"":1}",10,1,0,0
407,item,4002,45,1,1,"{""a"":""attr"",""t"":""jinbi"",""n"":1}",10,1,0,0
408,item,24035,50,1,1,"{""a"":""attr"",""t"":""jinbi"",""n"":1}",10,1,0,0
408,item,35045,50,1,1,"{""a"":""attr"",""t"":""jinbi"",""n"":1}",10,1,0,0
408,item,14035,50,1,1,"{""a"":""attr"",""t"":""jinbi"",""n"":1}",10,1,0,0
408,item,41055,50,1,1,"{""a"":""attr"",""t"":""jinbi"",""n"":1}",10,1,0,0
501,attr,jinbi,125000,55,-1,"{""a"":""attr"",""t"":""jinbi"",""n"":1}",10,0,0,0
501,attr,jinbi,250000,40,-1,"{""a"":""attr"",""t"":""jinbi"",""n"":1}",10,0,0,0
501,attr,jinbi,375000,5,-1,"{""a"":""attr"",""t"":""jinbi"",""n"":1}",10,0,0,0
502,attr,useexp,50000,55,-1,"{""a"":""attr"",""t"":""jinbi"",""n"":1}",10,0,0,0
502,attr,useexp,100000,40,-1,"{""a"":""attr"",""t"":""jinbi"",""n"":1}",10,0,0,0
502,attr,useexp,150000,5,-1,"{""a"":""attr"",""t"":""jinbi"",""n"":1}",10,0,0,0
503,item,2005,40,55,-1,"{""a"":""attr"",""t"":""jinbi"",""n"":1}",10,0,0,0
503,item,2005,60,40,-1,"{""a"":""attr"",""t"":""jinbi"",""n"":1}",10,0,0,0
503,item,2005,80,5,-1,"{""a"":""attr"",""t"":""jinbi"",""n"":1}",10,0,0,0
504,shipin,3011,1,1,-1,"{""a"":""attr"",""t"":""jinbi"",""n"":1}",10,0,0,0
504,shipin,3021,1,1,-1,"{""a"":""attr"",""t"":""jinbi"",""n"":1}",10,0,0,0
504,shipin,3031,1,1,-1,"{""a"":""attr"",""t"":""jinbi"",""n"":1}",10,0,0,0
504,shipin,3041,1,1,-1,"{""a"":""attr"",""t"":""jinbi"",""n"":1}",10,0,0,0
504,shipin,3051,1,1,-1,"{""a"":""attr"",""t"":""jinbi"",""n"":1}",10,0,0,0
504,shipin,3061,1,1,-1,"{""a"":""attr"",""t"":""jinbi"",""n"":1}",10,0,0,0
504,shipin,3071,1,1,-1,"{""a"":""attr"",""t"":""jinbi"",""n"":1}",10,0,0,0
504,shipin,3081,1,1,-1,"{""a"":""attr"",""t"":""jinbi"",""n"":1}",10,0,0,0
504,shipin,3091,1,1,-1,"{""a"":""attr"",""t"":""jinbi"",""n"":1}",10,0,0,0
504,shipin,3101,1,1,-1,"{""a"":""attr"",""t"":""jinbi"",""n"":1}",10,0,0,0
505,equip,1043,1,1,1,"{""a"":""attr"",""t"":""jinbi"",""n"":1}",10,0,0,0
505,equip,2043,1,1,1,"{""a"":""attr"",""t"":""jinbi"",""n"":1}",10,0,0,0
505,equip,3043,1,1,1,"{""a"":""attr"",""t"":""jinbi"",""n"":1}",10,0,0,0
505,equip,4043,1,1,1,"{""a"":""attr"",""t"":""jinbi"",""n"":1}",10,0,0,0
506,equip,1044,1,1,1,"{""a"":""attr"",""t"":""jinbi"",""n"":1}",10,1,0,0
506,equip,2044,1,1,1,"{""a"":""attr"",""t"":""jinbi"",""n"":1}",10,1,0,0
506,equip,3044,1,1,1,"{""a"":""attr"",""t"":""jinbi"",""n"":1}",10,1,0,0
506,equip,4044,1,1,1,"{""a"":""attr"",""t"":""jinbi"",""n"":1}",10,1,0,0
507,item,4002,60,1,1,"{""a"":""attr"",""t"":""jinbi"",""n"":1}",10,1,0,0
508,item,24035,50,1,1,"{""a"":""attr"",""t"":""jinbi"",""n"":1}",10,1,0,0
508,item,35045,50,1,1,"{""a"":""attr"",""t"":""jinbi"",""n"":1}",10,1,0,0
508,item,14035,50,1,1,"{""a"":""attr"",""t"":""jinbi"",""n"":1}",10,1,0,0
508,item,41055,50,1,1,"{""a"":""attr"",""t"":""jinbi"",""n"":1}",10,1,0,0
601,item,2010,1,1,-1,"{""a"":""attr"",""t"":""jinbi"",""n"":1}",10,0,0,0
602,item,3004,20,1,1,"{""a"":""attr"",""t"":""jinbi"",""n"":1}",10,1,0,0
603,item,2011,1,1,-1,"{""a"":""attr"",""t"":""jinbi"",""n"":1}",10,0,0,0
604,item,4007,30,1,-1,"{""a"":""attr"",""t"":""jinbi"",""n"":1}",10,0,0,0
604,item,4008,30,1,-1,"{""a"":""attr"",""t"":""jinbi"",""n"":1}",10,0,0,0
605,item,3005,10,1,-1,"{""a"":""attr"",""t"":""jinbi"",""n"":1}",10,1,0,0
606,attr,jinbi,1200000,40,-1,"{""a"":""attr"",""t"":""jinbi"",""n"":1}",10,0,0,0
606,attr,jinbi,1500000,30,-1,"{""a"":""attr"",""t"":""jinbi"",""n"":1}",10,0,0,0
606,attr,jinbi,1800000,20,-1,"{""a"":""attr"",""t"":""jinbi"",""n"":1}",10,0,0,0
606,attr,jinbi,2100000,10,-1,"{""a"":""attr"",""t"":""jinbi"",""n"":1}",10,0,0,0
607,item,2005,750,1,-1,"{""a"":""attr"",""t"":""jinbi"",""n"":1}",10,0,0,0
608,item,11075,50,1,1,"{""a"":""attr"",""t"":""jinbi"",""n"":1}",10,1,0,0
608,item,11085,50,1,1,"{""a"":""attr"",""t"":""jinbi"",""n"":1}",10,1,0,0
608,item,12035,50,1,1,"{""a"":""attr"",""t"":""jinbi"",""n"":1}",10,1,0,0
608,item,13045,50,1,1,"{""a"":""attr"",""t"":""jinbi"",""n"":1}",10,1,0,0
608,item,14035,50,1,1,"{""a"":""attr"",""t"":""jinbi"",""n"":1}",10,1,0,0
608,item,15035,50,1,1,"{""a"":""attr"",""t"":""jinbi"",""n"":1}",10,1,0,0
608,item,21045,50,1,1,"{""a"":""attr"",""t"":""jinbi"",""n"":1}",10,1,0,0
608,item,22045,50,1,1,"{""a"":""attr"",""t"":""jinbi"",""n"":1}",10,1,0,0
608,item,22055,50,1,1,"{""a"":""attr"",""t"":""jinbi"",""n"":1}",10,1,0,0
608,item,23035,50,1,1,"{""a"":""attr"",""t"":""jinbi"",""n"":1}",10,1,0,0
608,item,24035,50,1,1,"{""a"":""attr"",""t"":""jinbi"",""n"":1}",10,1,0,0
608,item,25065,50,1,1,"{""a"":""attr"",""t"":""jinbi"",""n"":1}",10,1,0,0
608,item,25075,50,1,1,"{""a"":""attr"",""t"":""jinbi"",""n"":1}",10,1,0,0
608,item,31075,50,1,1,"{""a"":""attr"",""t"":""jinbi"",""n"":1}",10,1,0,0
608,item,31085,50,1,1,"{""a"":""attr"",""t"":""jinbi"",""n"":1}",10,1,0,0
608,item,32055,50,1,1,"{""a"":""attr"",""t"":""jinbi"",""n"":1}",10,1,0,0
608,item,34025,50,1,1,"{""a"":""attr"",""t"":""jinbi"",""n"":1}",10,1,0,0
608,item,35035,50,1,1,"{""a"":""attr"",""t"":""jinbi"",""n"":1}",10,1,0,0
608,item,35045,50,1,1,"{""a"":""attr"",""t"":""jinbi"",""n"":1}",10,1,0,0
608,item,41055,50,1,1,"{""a"":""attr"",""t"":""jinbi"",""n"":1}",10,1,0,0
608,item,41065,50,1,1,"{""a"":""attr"",""t"":""jinbi"",""n"":1}",10,1,0,0
608,item,42015,50,1,1,"{""a"":""attr"",""t"":""jinbi"",""n"":1}",10,1,0,0
608,item,44045,50,1,1,"{""a"":""attr"",""t"":""jinbi"",""n"":1}",10,1,0,0
608,item,45045,50,1,1,"{""a"":""attr"",""t"":""jinbi"",""n"":1}",10,1,0,0
608,item,45055,50,1,1,"{""a"":""attr"",""t"":""jinbi"",""n"":1}",10,1,0,0
700,item,63025,50,1,2,"{""a"":""item"",""t"":""2019"",""n"":75000}",10,0,0,0
701,item,52045,50,1,2,"{""a"":""item"",""t"":""2019"",""n"":65000}",10,0,0,0
702,item,41055,50,1,2,"{""a"":""item"",""t"":""2019"",""n"":50000}",10,0,0,0
703,item,25065,50,1,2,"{""a"":""item"",""t"":""2019"",""n"":46000}",10,0,0,0
704,item,14035,50,1,2,"{""a"":""item"",""t"":""2019"",""n"":42000}",10,0,0,0
705,item,34025,50,1,2,"{""a"":""item"",""t"":""2019"",""n"":48000}",10,0,0,0
706,equip,1051,1,1,4,"{""a"":""item"",""t"":""2019"",""n"":20000}",10,0,0,0
707,equip,2051,1,1,4,"{""a"":""item"",""t"":""2019"",""n"":20000}",10,0,0,0
708,equip,3051,1,1,4,"{""a"":""item"",""t"":""2019"",""n"":20000}",10,0,0,0
709,equip,4051,1,1,4,"{""a"":""item"",""t"":""2019"",""n"":20000}",10,0,0,0
710,equip,1041,1,1,-1,"{""a"":""item"",""t"":""2019"",""n"":2000}",10,0,0,0
711,equip,2041,1,1,-1,"{""a"":""item"",""t"":""2019"",""n"":2000}",10,0,0,0
712,equip,3041,1,1,-1,"{""a"":""item"",""t"":""2019"",""n"":2000}",10,0,0,0
713,equip,4041,1,1,-1,"{""a"":""item"",""t"":""2019"",""n"":2000}",10,0,0,0
714,item,3003,1,1,100,"{""a"":""item"",""t"":""2019"",""n"":500}",10,0,0,0
2000,item,2004,1000,300,1,"{""a"":""attr"",""t"":""rmbmoney"",""n"":600}",8,0,0,1
2000,item,2004,500,600,1,"{""a"":""attr"",""t"":""rmbmoney"",""n"":300}",8,0,0,1
2000,attr,useexp,500000,200,1,"{""a"":""attr"",""t"":""jinbi"",""n"":1000000}",8,0,0,1
2000,attr,useexp,250000,400,1,"{""a"":""attr"",""t"":""jinbi"",""n"":500000}",8,0,0,1
2000,item,2010,1,700,1,"{""a"":""attr"",""t"":""rmbmoney"",""n"":250}",7,0,0,1
2000,item,2010,5,250,1,"{""a"":""attr"",""t"":""rmbmoney"",""n"":1250}",6,0,0,2
2000,item,2010,10,50,1,"{""a"":""attr"",""t"":""rmbmoney"",""n"":2500}",5,0,0,3
2000,item,2007,5,450,1,"{""a"":""attr"",""t"":""rmbmoney"",""n"":250}",7,0,0,1
2000,item,2007,5,150,1,"{""a"":""attr"",""t"":""jinbi"",""n"":1000000}",7,0,0,1
2000,item,2007,10,350,1,"{""a"":""attr"",""t"":""rmbmoney"",""n"":500}",6,0,0,2
2000,item,2007,10,100,1,"{""a"":""attr"",""t"":""jinbi"",""n"":2000000}",8,0,0,2
2000,item,2007,20,350,1,"{""a"":""attr"",""t"":""rmbmoney"",""n"":1000}",5,0,0,3
2000,item,2007,20,100,1,"{""a"":""attr"",""t"":""jinbi"",""n"":4000000}",6,0,0,3
2000,item,2006,5,450,1,"{""a"":""attr"",""t"":""rmbmoney"",""n"":100}",7,0,0,1
2000,item,2006,5,150,1,"{""a"":""attr"",""t"":""jinbi"",""n"":500000}",6,0,0,1
2000,item,2006,10,350,1,"{""a"":""attr"",""t"":""rmbmoney"",""n"":200}",6,0,0,2
2000,item,2006,10,100,1,"{""a"":""attr"",""t"":""jinbi"",""n"":1000000}",6,0,0,2
2000,item,2006,20,350,1,"{""a"":""attr"",""t"":""rmbmoney"",""n"":400}",5,0,0,3
2000,item,2006,20,100,1,"{""a"":""attr"",""t"":""jinbi"",""n"":2000000}",6,0,0,3
2000,item,2011,1,700,1,"{""a"":""attr"",""t"":""rmbmoney"",""n"":2500}",4,0,0,2
2000,item,2011,5,300,1,"{""a"":""attr"",""t"":""rmbmoney"",""n"":12500}",3,0,0,3
2000,item,4002,30,500,1,"{""a"":""attr"",""t"":""rmbmoney"",""n"":625}",7,0,0,2
2000,item,4009,50,100,1,"{""a"":""attr"",""t"":""rmbmoney"",""n"":5000}",5,0,0,3
2000,item,4010,50,100,1,"{""a"":""attr"",""t"":""rmbmoney"",""n"":6000}",5,0,0,3
2000,item,4011,50,100,1,"{""a"":""attr"",""t"":""rmbmoney"",""n"":6000}",5,0,0,3
2000,item,4012,50,100,1,"{""a"":""attr"",""t"":""rmbmoney"",""n"":6000}",5,0,0,3
2000,item,4013,50,100,1,"{""a"":""attr"",""t"":""rmbmoney"",""n"":6000}",5,0,0,3
2000,item,2022,200,600,1,"{""a"":""attr"",""t"":""rmbmoney"",""n"":600}",8,0,0,1
2000,item,2021,50,600,1,"{""a"":""attr"",""t"":""rmbmoney"",""n"":600}",8,0,0,1
2000,item,2022,500,450,1,"{""a"":""attr"",""t"":""rmbmoney"",""n"":1500}",7,0,0,2
2000,item,2021,125,450,1,"{""a"":""attr"",""t"":""rmbmoney"",""n"":1500}",7,0,0,2
2000,item,2022,1000,450,1,"{""a"":""attr"",""t"":""rmbmoney"",""n"":3000}",6,0,0,3
2000,item,2021,250,450,1,"{""a"":""attr"",""t"":""rmbmoney"",""n"":3000}",6,0,0,3
2001,item,2010,5,250,1,"{""a"":""attr"",""t"":""rmbmoney"",""n"":1250}",6,0,0,2
2001,item,2010,10,50,1,"{""a"":""attr"",""t"":""rmbmoney"",""n"":2500}",5,0,0,3
2001,item,2007,10,350,1,"{""a"":""attr"",""t"":""rmbmoney"",""n"":500}",6,0,0,2
2001,item,2007,10,100,1,"{""a"":""attr"",""t"":""jinbi"",""n"":2000000}",8,0,0,2
2001,item,2007,20,350,1,"{""a"":""attr"",""t"":""rmbmoney"",""n"":1000}",5,0,0,3
2001,item,2007,20,100,1,"{""a"":""attr"",""t"":""jinbi"",""n"":4000000}",6,0,0,3
2001,item,2006,10,350,1,"{""a"":""attr"",""t"":""rmbmoney"",""n"":200}",6,0,0,2
2001,item,2006,10,100,1,"{""a"":""attr"",""t"":""jinbi"",""n"":1000000}",6,0,0,2
2001,item,2006,20,350,1,"{""a"":""attr"",""t"":""rmbmoney"",""n"":400}",5,0,0,3
2001,item,2006,20,100,1,"{""a"":""attr"",""t"":""jinbi"",""n"":2000000}",6,0,0,3
2001,item,2011,1,700,1,"{""a"":""attr"",""t"":""rmbmoney"",""n"":2500}",4,0,0,2
2001,item,2011,5,300,1,"{""a"":""attr"",""t"":""rmbmoney"",""n"":12500}",3,0,0,3
2001,item,4002,30,500,1,"{""a"":""attr"",""t"":""rmbmoney"",""n"":625}",7,0,0,2
2001,item,4009,50,100,1,"{""a"":""attr"",""t"":""rmbmoney"",""n"":5000}",5,0,0,3
2001,item,4010,50,100,1,"{""a"":""attr"",""t"":""rmbmoney"",""n"":6000}",5,0,0,3
2001,item,4011,50,100,1,"{""a"":""attr"",""t"":""rmbmoney"",""n"":6000}",5,0,0,3
2001,item,4012,50,100,1,"{""a"":""attr"",""t"":""rmbmoney"",""n"":6000}",5,0,0,3
2001,item,4013,50,100,1,"{""a"":""attr"",""t"":""rmbmoney"",""n"":6000}",5,0,0,3
2001,item,2022,500,450,1,"{""a"":""attr"",""t"":""rmbmoney"",""n"":1500}",7,0,0,2
2001,item,2021,125,450,1,"{""a"":""attr"",""t"":""rmbmoney"",""n"":1500}",7,0,0,2
2001,item,2022,1000,450,1,"{""a"":""attr"",""t"":""rmbmoney"",""n"":3000}",6,0,0,3
2001,item,2021,250,450,1,"{""a"":""attr"",""t"":""rmbmoney"",""n"":3000}",6,0,0,3
10001,item,63025,50,1,1,"{""a"":""item"",""t"":""2001"",""n"":4968}",10,0,0,0
10002,item,52045,50,1,1,"{""a"":""item"",""t"":""2001"",""n"":4968}",10,0,0,0
10003,item,41055,50,1,1,"{""a"":""item"",""t"":""2001"",""n"":3999}",10,0,0,0
10004,item,25065,50,1,1,"{""a"":""item"",""t"":""2001"",""n"":3975}",10,0,0,0
10005,item,34025,50,1,1,"{""a"":""item"",""t"":""2001"",""n"":3988}",10,0,0,0
10006,item,45045,50,1,1,"{""a"":""item"",""t"":""2001"",""n"":3925}",10,0,0,0
10007,item,45055,50,1,1,"{""a"":""item"",""t"":""2001"",""n"":2988}",10,0,0,0
10008,item,32055,50,1,1,"{""a"":""item"",""t"":""2001"",""n"":2988}",10,0,0,0
10009,item,22055,50,1,1,"{""a"":""item"",""t"":""2001"",""n"":2968}",10,0,0,0
10010,item,15035,50,1,1,"{""a"":""item"",""t"":""2001"",""n"":2968}",10,0,0,0
10011,item,31085,50,1,1,"{""a"":""item"",""t"":""2001"",""n"":2000}",10,0,0,0
10012,item,22045,50,1,1,"{""a"":""item"",""t"":""2001"",""n"":1928}",10,0,0,0
10013,item,11075,50,1,1,"{""a"":""item"",""t"":""2001"",""n"":1975}",10,0,0,0
10014,item,44045,50,1,1,"{""a"":""item"",""t"":""2001"",""n"":1950}",10,0,0,0
10015,item,61014,30,1,1,"{""a"":""item"",""t"":""2001"",""n"":398}",10,0,0,0
10016,item,52034,30,1,1,"{""a"":""item"",""t"":""2001"",""n"":398}",10,0,0,0
10017,item,31054,30,1,2,"{""a"":""item"",""t"":""2001"",""n"":288}",10,0,0,0
10018,item,22024,30,1,2,"{""a"":""item"",""t"":""2001"",""n"":195}",10,0,0,0
10019,item,15014,30,1,2,"{""a"":""item"",""t"":""2001"",""n"":195}",10,0,0,0
10020,item,44024,30,1,2,"{""a"":""item"",""t"":""2001"",""n"":190}",10,0,0,0
10021,item,2021,500,1,5,"{""a"":""item"",""t"":""2001"",""n"":1388}",10,0,0,0
10022,item,2022,1000,1,5,"{""a"":""item"",""t"":""2001"",""n"":688}",10,0,0,0
20000,equip,1033,1,1,1,"{""a"":""item"",""t"":""2015"",""n"":500}",10,0,0,0
20000,equip,2033,1,1,1,"{""a"":""item"",""t"":""2015"",""n"":500}",10,0,0,0
20000,equip,3033,1,1,1,"{""a"":""item"",""t"":""2015"",""n"":500}",10,0,0,0
20000,equip,4033,1,1,1,"{""a"":""item"",""t"":""2015"",""n"":500}",10,0,0,0
20000,equip,1041,1,1,1,"{""a"":""item"",""t"":""2015"",""n"":1200}",10,0,0,0
20000,equip,2041,1,1,1,"{""a"":""item"",""t"":""2015"",""n"":1200}",10,0,0,0
20000,equip,3041,1,1,1,"{""a"":""item"",""t"":""2015"",""n"":1200}",10,0,0,0
20000,equip,4041,1,1,1,"{""a"":""item"",""t"":""2015"",""n"":1200}",10,0,0,0
20000,equip,1042,1,1,1,"{""a"":""item"",""t"":""2015"",""n"":3000}",10,0,0,0
20000,equip,2042,1,1,1,"{""a"":""item"",""t"":""2015"",""n"":3000}",10,0,0,0
20000,equip,3042,1,1,1,"{""a"":""item"",""t"":""2015"",""n"":3000}",10,0,0,0
20000,equip,4042,1,1,1,"{""a"":""item"",""t"":""2015"",""n"":3000}",10,0,0,0
20000,equip,1043,1,1,1,"{""a"":""item"",""t"":""2015"",""n"":6800}",10,0,0,0
20000,equip,2043,1,1,1,"{""a"":""item"",""t"":""2015"",""n"":6800}",10,0,0,0
20000,equip,3043,1,1,1,"{""a"":""item"",""t"":""2015"",""n"":6800}",10,0,0,0
20000,equip,4043,1,1,1,"{""a"":""item"",""t"":""2015"",""n"":6800}",10,0,0,0
20000,item,14035,50,1,1,"{""a"":""item"",""t"":""2015"",""n"":8000}",10,0,0,0
20000,item,24035,50,1,1,"{""a"":""item"",""t"":""2015"",""n"":8000}",10,0,0,0
20000,item,35045,50,1,1,"{""a"":""item"",""t"":""2015"",""n"":8000}",10,0,0,0
20000,item,41055,50,1,1,"{""a"":""item"",""t"":""2015"",""n"":8000}",10,0,0,0
20000,item,22055,50,1,1,"{""a"":""item"",""t"":""2015"",""n"":10000}",10,0,0,0
20000,item,31075,50,1,1,"{""a"":""item"",""t"":""2015"",""n"":10000}",10,0,0,0
20000,item,13045,50,1,1,"{""a"":""item"",""t"":""2015"",""n"":10000}",10,0,0,0
20000,item,45055,50,1,1,"{""a"":""item"",""t"":""2015"",""n"":12000}",10,0,0,0
30001,item,2005,50,1,-1,"{""a"":""item"",""t"":""2002"",""n"":100}",10,0,0,0
30002,item,2005,500,1,-1,"{""a"":""item"",""t"":""2002"",""n"":1000}",10,0,0,0
30003,item,4002,10,1,-1,"{""a"":""item"",""t"":""2002"",""n"":800}",10,0,0,0
30004,item,4009,10,1,-1,"{""a"":""item"",""t"":""2002"",""n"":6000}",10,0,0,0
30005,item,4003,10,1,-1,"{""a"":""item"",""t"":""2002"",""n"":1000}",10,0,0,0
30006,item,4004,10,1,-1,"{""a"":""item"",""t"":""2002"",""n"":1000}",10,0,0,0
30007,item,4005,10,1,-1,"{""a"":""item"",""t"":""2002"",""n"":1000}",10,0,0,0
30008,item,4006,10,1,-1,"{""a"":""item"",""t"":""2002"",""n"":1000}",10,0,0,0
30009,item,22045,50,1,-1,"{""a"":""item"",""t"":""2002"",""n"":40000}",10,0,0,0
30010,item,42015,50,1,-1,"{""a"":""item"",""t"":""2002"",""n"":40000}",10,0,0,0
30011,item,34025,50,1,-1,"{""a"":""item"",""t"":""2002"",""n"":45000}",10,0,0,0
30012,item,63025,50,1,-1,"{""a"":""item"",""t"":""2002"",""n"":55000}",10,0,0,0
30013,item,2017,500,1,-1,"{""a"":""item"",""t"":""2002"",""n"":1500}",10,0,0,0
30014,item,2018,100,1,-1,"{""a"":""item"",""t"":""2002"",""n"":2400}",10,0,0,0
40001,item,4007,10,1,-1,"{""a"":""item"",""t"":""2000"",""n"":160}",10,0,0,0
40002,item,4008,10,1,-1,"{""a"":""item"",""t"":""2000"",""n"":160}",10,0,0,0
40003,item,4010,10,1,-1,"{""a"":""item"",""t"":""2000"",""n"":360}",10,0,0,0
40004,item,4011,10,1,-1,"{""a"":""item"",""t"":""2000"",""n"":360}",10,0,0,0
40005,item,4012,10,1,-1,"{""a"":""item"",""t"":""2000"",""n"":360}",10,0,0,0
40006,item,4013,10,1,-1,"{""a"":""item"",""t"":""2000"",""n"":360}",10,0,0,0
40007,item,4009,10,1,-1,"{""a"":""item"",""t"":""2000"",""n"":350}",10,0,0,0
40008,item,2011,1,1,-1,"{""a"":""item"",""t"":""2000"",""n"":200}",10,0,0,0
40009,item,2012,10,1,-1,"{""a"":""item"",""t"":""2000"",""n"":20}",10,0,0,0
40010,item,52045,10,1,-1,"{""a"":""item"",""t"":""2000"",""n"":1000}",10,0,0,0
40011,item,63025,10,1,-1,"{""a"":""item"",""t"":""2000"",""n"":1000}",10,0,0,0
50001,item,41044,30,1,2,"{""a"":""item"",""t"":""2003"",""n"":1000}",10,0,0,0
50002,item,14024,30,1,2,"{""a"":""item"",""t"":""2003"",""n"":1000}",10,0,0,0
50003,item,22034,30,1,2,"{""a"":""item"",""t"":""2003"",""n"":1000}",10,0,0,0
50004,item,32044,30,1,2,"{""a"":""item"",""t"":""2003"",""n"":1000}",10,0,0,0
50005,item,42015,50,1,1,"{""a"":""item"",""t"":""2003"",""n"":10000}",10,0,0,0
50006,item,44045,50,1,1,"{""a"":""item"",""t"":""2003"",""n"":10000}",10,0,0,0
50007,item,11075,50,1,1,"{""a"":""item"",""t"":""2003"",""n"":10000}",10,0,0,0
50008,item,11085,50,1,1,"{""a"":""item"",""t"":""2003"",""n"":10000}",10,0,0,0
50009,item,62014,30,1,5,"{""a"":""item"",""t"":""2003"",""n"":2000}",10,0,0,0
50010,item,53014,30,1,5,"{""a"":""item"",""t"":""2003"",""n"":2000}",10,0,0,0
50011,item,21045,50,1,1,"{""a"":""item"",""t"":""2003"",""n"":10000}",10,0,0,0
50012,item,23035,50,1,1,"{""a"":""item"",""t"":""2003"",""n"":14000}",10,0,0,0
50013,item,31085,50,1,1,"{""a"":""item"",""t"":""2003"",""n"":10000}",10,0,0,0
50014,item,35035,50,1,1,"{""a"":""item"",""t"":""2003"",""n"":14000}",10,0,0,0
50015,item,4009,10,1,8,"{""a"":""item"",""t"":""2003"",""n"":4000}",10,0,0,0
50016,equip,1053,1,1,1,"{""a"":""item"",""t"":""2003"",""n"":20000}",10,0,0,0
50017,equip,2053,1,1,1,"{""a"":""item"",""t"":""2003"",""n"":20000}",10,0,0,0
50018,equip,3053,1,1,1,"{""a"":""item"",""t"":""2003"",""n"":20000}",10,0,0,0
50019,equip,4053,1,1,1,"{""a"":""item"",""t"":""2003"",""n"":20000}",10,0,0,0
50020,item,3002,10,1,8,"{""a"":""item"",""t"":""2003"",""n"":1000}",10,0,0,0
50021,item,3003,10,1,8,"{""a"":""item"",""t"":""2003"",""n"":3000}",10,0,0,0
50022,item,3005,10,1,8,"{""a"":""item"",""t"":""2003"",""n"":6000}",10,0,0,0
60001,item,2007,1,1,1,"{""a"":""attr"",""t"":""rmbmoney"",""n"":50}",0,0,0,0
60002,item,2006,1,1,6,"{""a"":""attr"",""t"":""rmbmoney"",""n"":20}",7,0,0,0
60003,item,2007,1,1,4,"{""a"":""attr"",""t"":""rmbmoney"",""n"":50}",7,0,0,0
60004,item,1001,1,1,1,"{""a"":""attr"",""t"":""rmbmoney"",""n"":500}",2,0,0,0
60005,item,2012,20,1,5,"{""a"":""attr"",""t"":""rmbmoney"",""n"":200}",7,0,1,0
60006,item,4009,1,1,5,"{""a"":""attr"",""t"":""rmbmoney"",""n"":100}",6,0,2,0
60007,item,2012,100,1,1,"{""a"":""attr"",""t"":""rmbmoney"",""n"":1000}",8,0,3,0
60008,item,2010,1,1,1,"{""a"":""attr"",""t"":""rmbmoney"",""n"":250}",1,0,4,0
60009,item,2008,1,1,2,"{""a"":""attr"",""t"":""rmbmoney"",""n"":1000}",6,0,0,0
60010,item,2011,1,1,2,"{""a"":""attr"",""t"":""rmbmoney"",""n"":2500}",4,0,0,0
60011,item,2005,1000,1,3,"{""a"":""attr"",""t"":""rmbmoney"",""n"":500}",9,0,0,0
60012,item,3003,5,1,1,"{""a"":""attr"",""t"":""rmbmoney"",""n"":750}",8,0,0,0
60013,item,3004,5,1,1,"{""a"":""attr"",""t"":""rmbmoney"",""n"":1500}",8,0,0,0
80001,item,11045,50,1,-1,"{""a"":""item"",""t"":""2020"",""n"":20}",10,0,0,0
80002,item,11055,50,1,-1,"{""a"":""item"",""t"":""2020"",""n"":20}",10,0,0,0
80003,item,11065,50,1,-1,"{""a"":""item"",""t"":""2020"",""n"":20}",10,0,0,0
80004,item,11075,50,1,-1,"{""a"":""item"",""t"":""2020"",""n"":35}",10,0,0,0
80005,item,11085,50,1,-1,"{""a"":""item"",""t"":""2020"",""n"":35}",10,0,0,0
80006,item,12025,50,1,-1,"{""a"":""item"",""t"":""2020"",""n"":20}",10,0,0,0
80007,item,12035,50,1,-1,"{""a"":""item"",""t"":""2020"",""n"":35}",10,0,0,0
80008,item,13035,50,1,-1,"{""a"":""item"",""t"":""2020"",""n"":20}",10,0,0,0
80009,item,13045,50,1,-1,"{""a"":""item"",""t"":""2020"",""n"":35}",10,0,0,0
80010,item,14025,50,1,-1,"{""a"":""item"",""t"":""2020"",""n"":20}",10,0,0,0
80011,item,14035,50,1,-1,"{""a"":""item"",""t"":""2020"",""n"":35}",10,0,0,0
80012,item,15015,50,1,-1,"{""a"":""item"",""t"":""2020"",""n"":20}",10,0,0,0
80013,item,15025,50,1,-1,"{""a"":""item"",""t"":""2020"",""n"":20}",10,0,0,0
80014,item,15035,50,1,-1,"{""a"":""item"",""t"":""2020"",""n"":35}",10,0,0,0
80015,item,21015,50,1,-1,"{""a"":""item"",""t"":""2020"",""n"":20}",10,0,0,0
80016,item,21025,50,1,-1,"{""a"":""item"",""t"":""2020"",""n"":20}",10,0,0,0
80017,item,21035,50,1,-1,"{""a"":""item"",""t"":""2020"",""n"":20}",10,0,0,0
80018,item,21045,50,1,-1,"{""a"":""item"",""t"":""2020"",""n"":35}",10,0,0,0
80019,item,22025,50,1,-1,"{""a"":""item"",""t"":""2020"",""n"":20}",10,0,0,0
80020,item,22035,50,1,-1,"{""a"":""item"",""t"":""2020"",""n"":20}",10,0,0,0
80021,item,22045,50,1,-1,"{""a"":""item"",""t"":""2020"",""n"":35}",10,0,0,0
80022,item,22055,50,1,-1,"{""a"":""item"",""t"":""2020"",""n"":35}",10,0,0,0
80023,item,23035,50,1,-1,"{""a"":""item"",""t"":""2020"",""n"":35}",10,0,0,0
80024,item,24025,50,1,-1,"{""a"":""item"",""t"":""2020"",""n"":20}",10,0,0,0
80025,item,24035,50,1,-1,"{""a"":""item"",""t"":""2020"",""n"":35}",10,0,0,0
80026,item,25045,50,1,-1,"{""a"":""item"",""t"":""2020"",""n"":20}",10,0,0,0
80027,item,25055,50,1,-1,"{""a"":""item"",""t"":""2020"",""n"":20}",10,0,0,0
80028,item,25065,50,1,-1,"{""a"":""item"",""t"":""2020"",""n"":35}",10,0,0,0
80029,item,25075,50,1,-1,"{""a"":""item"",""t"":""2020"",""n"":35}",10,0,0,0
80030,item,31045,50,1,-1,"{""a"":""item"",""t"":""2020"",""n"":20}",10,0,0,0
80031,item,31055,50,1,-1,"{""a"":""item"",""t"":""2020"",""n"":20}",10,0,0,0
80032,item,31065,50,1,-1,"{""a"":""item"",""t"":""2020"",""n"":20}",10,0,0,0
80033,item,31075,50,1,-1,"{""a"":""item"",""t"":""2020"",""n"":35}",10,0,0,0
80034,item,31085,50,1,-1,"{""a"":""item"",""t"":""2020"",""n"":35}",10,0,0,0
80035,item,32035,50,1,-1,"{""a"":""item"",""t"":""2020"",""n"":20}",10,0,0,0
80036,item,32045,50,1,-1,"{""a"":""item"",""t"":""2020"",""n"":20}",10,0,0,0
80037,item,32055,50,1,-1,"{""a"":""item"",""t"":""2020"",""n"":35}",10,0,0,0
80038,item,33015,50,1,-1,"{""a"":""item"",""t"":""2020"",""n"":20}",10,0,0,0
80039,item,33025,50,1,-1,"{""a"":""item"",""t"":""2020"",""n"":20}",10,0,0,0
80040,item,34015,50,1,-1,"{""a"":""item"",""t"":""2020"",""n"":20}",10,0,0,0
80041,item,34025,50,1,-1,"{""a"":""item"",""t"":""2020"",""n"":35}",10,0,0,0
80042,item,35035,50,1,-1,"{""a"":""item"",""t"":""2020"",""n"":35}",10,0,0,0
80043,item,35045,50,1,-1,"{""a"":""item"",""t"":""2020"",""n"":35}",10,0,0,0
80044,item,41035,50,1,-1,"{""a"":""item"",""t"":""2020"",""n"":20}",10,0,0,0
80045,item,41045,50,1,-1,"{""a"":""item"",""t"":""2020"",""n"":20}",10,0,0,0
80046,item,41055,50,1,-1,"{""a"":""item"",""t"":""2020"",""n"":35}",10,0,0,0
80047,item,41065,50,1,-1,"{""a"":""item"",""t"":""2020"",""n"":35}",10,0,0,0
80048,item,42015,50,1,-1,"{""a"":""item"",""t"":""2020"",""n"":35}",10,0,0,0
80049,item,43035,50,1,-1,"{""a"":""item"",""t"":""2020"",""n"":20}",10,0,0,0
80050,item,43045,50,1,-1,"{""a"":""item"",""t"":""2020"",""n"":20}",10,0,0,0
80051,item,43055,50,1,-1,"{""a"":""item"",""t"":""2020"",""n"":20}",10,0,0,0
80052,item,44025,50,1,-1,"{""a"":""item"",""t"":""2020"",""n"":20}",10,0,0,0
80053,item,44035,50,1,-1,"{""a"":""item"",""t"":""2020"",""n"":20}",10,0,0,0
80054,item,44045,50,1,-1,"{""a"":""item"",""t"":""2020"",""n"":35}",10,0,0,0
80055,item,45035,50,1,-1,"{""a"":""item"",""t"":""2020"",""n"":20}",10,0,0,0
80056,item,45045,50,1,-1,"{""a"":""item"",""t"":""2020"",""n"":35}",10,0,0,0
80057,item,45055,50,1,-1,"{""a"":""item"",""t"":""2020"",""n"":35}",10,0,0,0
80058,item,51015,50,1,-1,"{""a"":""item"",""t"":""2020"",""n"":45}",10,0,0,0
80059,item,52025,50,1,-1,"{""a"":""item"",""t"":""2020"",""n"":25}",10,0,0,0
80060,item,52035,50,1,-1,"{""a"":""item"",""t"":""2020"",""n"":25}",10,0,0,0
80061,item,52045,50,1,-1,"{""a"":""item"",""t"":""2020"",""n"":45}",10,0,0,0
80062,item,53015,50,1,-1,"{""a"":""item"",""t"":""2020"",""n"":25}",10,0,0,0
80063,item,61015,50,1,-1,"{""a"":""item"",""t"":""2020"",""n"":25}",10,0,0,0
80064,item,61025,50,1,-1,"{""a"":""item"",""t"":""2020"",""n"":45}",10,0,0,0
80065,item,62015,50,1,-1,"{""a"":""item"",""t"":""2020"",""n"":25}",10,0,0,0
80066,item,63015,50,1,-1,"{""a"":""item"",""t"":""2020"",""n"":25}",10,0,0,0
80067,item,63025,50,1,-1,"{""a"":""item"",""t"":""2020"",""n"":45}",10,0,0,0
80068,item,14045,50,1,-1,"{""a"":""item"",""t"":""2020"",""n"":45}",10,0,0,0
551,attr,jinbi,1000000,3,-1,"{""a"":""attr"",""t"":""jinbi"",""n"":1}",10,0,0,0
552,attr,useexp,500000,3,-1,"{""a"":""attr"",""t"":""jinbi"",""n"":1}",10,0,0,0
553,attr,jinbi,3000000,35,-1,"{""a"":""attr"",""t"":""jinbi"",""n"":1}",10,0,0,0
554,attr,useexp,1500000,35,-1,"{""a"":""attr"",""t"":""jinbi"",""n"":1}",10,0,0,0
555,attr,jinbi,5000000,10,-1,"{""a"":""attr"",""t"":""jinbi"",""n"":1}",10,0,0,0
556,attr,useexp,2500000,10,-1,"{""a"":""attr"",""t"":""jinbi"",""n"":1}",10,0,0,0
557,attr,jinbi,10000000,2,-1,"{""a"":""attr"",""t"":""jinbi"",""n"":1}",10,1,0,0
558,attr,useexp,5000000,2,-1,"{""a"":""attr"",""t"":""jinbi"",""n"":1}",10,1,0,0
651,item,12025,50,1,-1,"{""a"":""attr"",""t"":""jinbi"",""n"":1}",10,0,0,0
651,item,13035,50,1,-1,"{""a"":""attr"",""t"":""jinbi"",""n"":1}",10,0,0,0
651,item,14025,50,1,-1,"{""a"":""attr"",""t"":""jinbi"",""n"":1}",10,0,0,0
653,item,21035,50,1,-1,"{""a"":""attr"",""t"":""jinbi"",""n"":1}",10,0,0,0
653,item,22035,50,1,-1,"{""a"":""attr"",""t"":""jinbi"",""n"":1}",10,0,0,0
653,item,24025,50,1,-1,"{""a"":""attr"",""t"":""jinbi"",""n"":1}",10,0,0,0
655,item,32035,50,1,-1,"{""a"":""attr"",""t"":""jinbi"",""n"":1}",10,0,0,0
655,item,32045,50,1,-1,"{""a"":""attr"",""t"":""jinbi"",""n"":1}",10,0,0,0
655,item,33025,50,1,-1,"{""a"":""attr"",""t"":""jinbi"",""n"":1}",10,0,0,0
657,item,43045,50,1,-1,"{""a"":""attr"",""t"":""jinbi"",""n"":1}",10,0,0,0
657,item,43055,50,1,-1,"{""a"":""attr"",""t"":""jinbi"",""n"":1}",10,0,0,0
657,item,44035,50,1,-1,"{""a"":""attr"",""t"":""jinbi"",""n"":1}",10,0,0,0
652,item,11075,50,1,-1,"{""a"":""attr"",""t"":""jinbi"",""n"":1}",10,1,0,0
652,item,11085,50,1,-1,"{""a"":""attr"",""t"":""jinbi"",""n"":1}",10,1,0,0
652,item,12035,50,1,-1,"{""a"":""attr"",""t"":""jinbi"",""n"":1}",10,1,0,0
652,item,13045,50,1,-1,"{""a"":""attr"",""t"":""jinbi"",""n"":1}",10,1,0,0
652,item,14035,50,1,-1,"{""a"":""attr"",""t"":""jinbi"",""n"":1}",10,1,0,0
652,item,15035,50,1,-1,"{""a"":""attr"",""t"":""jinbi"",""n"":1}",10,1,0,0
654,item,21045,50,1,-1,"{""a"":""attr"",""t"":""jinbi"",""n"":1}",10,1,0,0
654,item,22045,50,1,-1,"{""a"":""attr"",""t"":""jinbi"",""n"":1}",10,1,0,0
654,item,22055,50,1,-1,"{""a"":""attr"",""t"":""jinbi"",""n"":1}",10,1,0,0
654,item,23035,50,1,-1,"{""a"":""attr"",""t"":""jinbi"",""n"":1}",10,1,0,0
654,item,24035,50,1,-1,"{""a"":""attr"",""t"":""jinbi"",""n"":1}",10,1,0,0
654,item,25065,50,1,-1,"{""a"":""attr"",""t"":""jinbi"",""n"":1}",10,1,0,0
654,item,25075,50,1,-1,"{""a"":""attr"",""t"":""jinbi"",""n"":1}",10,1,0,0
656,item,31075,50,1,-1,"{""a"":""attr"",""t"":""jinbi"",""n"":1}",10,1,0,0
656,item,31085,50,1,-1,"{""a"":""attr"",""t"":""jinbi"",""n"":1}",10,1,0,0
656,item,32055,50,1,-1,"{""a"":""attr"",""t"":""jinbi"",""n"":1}",10,1,0,0
656,item,34025,50,1,-1,"{""a"":""attr"",""t"":""jinbi"",""n"":1}",10,1,0,0
656,item,35035,50,1,-1,"{""a"":""attr"",""t"":""jinbi"",""n"":1}",10,1,0,0
656,item,35045,50,1,-1,"{""a"":""attr"",""t"":""jinbi"",""n"":1}",10,1,0,0
658,item,41055,50,1,-1,"{""a"":""attr"",""t"":""jinbi"",""n"":1}",10,1,0,0
658,item,41065,50,1,-1,"{""a"":""attr"",""t"":""jinbi"",""n"":1}",10,1,0,0
658,item,42015,50,1,-1,"{""a"":""attr"",""t"":""jinbi"",""n"":1}",10,1,0,0
658,item,44045,50,1,-1,"{""a"":""attr"",""t"":""jinbi"",""n"":1}",10,1,0,0
658,item,45045,50,1,-1,"{""a"":""attr"",""t"":""jinbi"",""n"":1}",10,1,0,0
658,item,45055,50,1,-1,"{""a"":""attr"",""t"":""jinbi"",""n"":1}",10,1,0,0
