技能id,技能类型,伤害系数,真实伤害,选敌类型,是否存活,位置,排序条件,选敌数量,描述,攻击后技能,其他条件
1,2,1000,0,1,1,0,"pos,asc",1,对单个敌人造成100%伤害,,
2,2,1000,0,1,1,0,"pos,asc",1,对单个敌人造成100%伤害,,
3,2,1000,0,1,1,0,"pos,asc",1,对单个敌人造成100%伤害,,
4,2,1000,0,1,1,0,"pos,asc",1,对单个敌人造成100%伤害,,
5,2,1000,0,1,1,0,"pos,asc",1,对单个敌人造成100%伤害,,
6,2,1000,0,1,1,0,"pos,asc",1,对单个敌人造成100%伤害,,
7,2,1000,0,1,1,0,"pos,asc",1,对单个敌人造成100%伤害,,
8,2,1000,0,1,1,0,"pos,asc",1,对单个敌人造成100%伤害,,
9,2,1000,0,1,1,0,"pos,asc",1,对单个敌人造成100%伤害,,
10,2,1000,0,1,1,0,rand,3,对3个随机目标造成100%伤害,,
11,2,1000,0,1,1,0,"pos,asc",1,对单个敌人造成100%伤害,,
12,2,1000,0,1,1,0,"pos,asc",1,对单个敌人造成100%伤害,,
13,2,1000,0,1,1,0,rand,2,对2个随机目标造成100%伤害,,
11075012,2,800,0,1,1,2,,,主动技能：对后排敌人造成80%攻击伤害并使自身恢复80%攻击等量生命。,"""11075013""",
11076012,2,950,0,1,1,2,,,主动技能：对后排敌人造成95%攻击伤害并使自身恢复95%攻击等量生命。,"""11076013""",
11085012,2,1800,0,1,1,0,"hp,asc",1,主动技能：对血量最少的敌人造成180%攻击伤害并降低其27%攻击2回合。,"""11085013""",
11086012,2,2070,0,1,1,0,"hp,asc",1,主动技能：对血量最少的敌人造成207%攻击伤害并降低其27%攻击2回合。,"""11086013""",
12024012,2,1440,0,1,1,0,rand,2,主动技能：对随机2名敌人造成144%攻击伤害，每回合额外造成13%攻击伤害，直至敌方英雄死亡。,"""12024013""",
12025012,2,1200,0,1,1,0,rand,3,主动技能：对随机3名敌人造成120%攻击伤害，每回合额外造成18%攻击伤害，直至敌方英雄死亡。,"""12025013""",
12026012,2,1000,0,1,1,0,rand,4,主动技能：对随机4名敌人造成100%攻击伤害，每回合额外造成30%攻击伤害，直至敌方英雄死亡。,"""12026013""",
12035012,2,750,0,1,1,0,,,主动技能：对所有敌人造成75%攻击伤害并有75%几率使战士目标禁魔2回合。,"""12035013""",
12036012,2,920,0,1,1,0,,,主动技能：对所有敌人造成84%攻击伤害并有75%几率使战士目标禁魔2回合。,"""12036013""",
13034012,2,1260,0,1,1,1,,,主动技能：对前排敌人造成126%攻击伤害并有30%的几率冰冻2回合，使血量最少的友军恢复90%攻击等量生命。,"""13034013"",""13034023""",
13035012,2,1400,0,1,1,1,,,主动技能：对前排敌人造成140%攻击伤害并有35%的几率冰冻2回合，使血量最少的友军恢复135%攻击等量生命。,"""13035013"",""13035023""",
13036012,2,1470,0,1,1,1,,,主动技能：对前排敌人造成147%攻击伤害并有40%的几率冰冻2回合，使血量最少的友军恢复180%攻击等量生命。,"""13036013"",""13036023""",
13045012,2,1160,0,1,1,2,,,主动技能：对后排敌人造成116%攻击伤害并有25%几率使目标石化2回合。,"""13045013""",
13045112,2,850,0,1,1,1,,,被动技能（普攻转换）：普通攻击变为攻击前排敌人，效果为85%，并减少目标10%格挡3回合。,"""13045115""",
13046012,2,1360,0,1,1,2,,,主动技能：对后排敌人造成136%攻击伤害并有30%几率使目标石化2回合。,"""13046013""",
13046112,2,950,0,1,1,1,,,被动技能（普攻转换）：普通攻击变为攻击前排敌人，效果为95%，并减少目标15%格挡3回合。,"""13046115""",
14024012,2,2000,0,1,1,2,rand,1,主动技能：主动技能：对随机1名后排敌人造成200%攻击伤害并增加自身15%破甲2回合。,"""14024013""",
14025012,2,1600,0,1,1,2,rand,2,主动技能：对随机2名后排敌人造成160%攻击伤害并增加自身25%破甲2回合。,"""14025013""",
14026012,2,1920,0,1,1,2,rand,2,主动技能：对随机2名后排敌人造成192%攻击伤害并增加自身25%破甲2回合。,"""14026013""",
14035012,2,1200,0,1,1,0,rand,3,主动技能：对随机3名敌人造成120%攻击伤害，对法师类目标有80%几率眩晕2回合。,"""14035013""",
14035212,2,1050,0,1,1,0,"hp,asc",1,被动技能（普攻转换）：普通攻击变成攻击敌方生命最少的英雄，效果为105%，并减少目标10%护甲,"""14035215""",
14036012,2,1400,0,1,1,0,rand,4,主动技能：对随机4名敌人造成140%攻击伤害，对法师类目标有80%几率眩晕2回合。,"""14036013""",
14036212,2,1100,0,1,1,0,"hp,asc",1,被动技能（普攻转换）：普通攻击变成攻击敌方生命最少的英雄，效果为110%，并减少目标15%护甲,"""14036215""",
14045012,2,1810,0,1,1,2,rand,1,主动技能：对随机1名后排敌人造成181%攻击伤害，每回合额外造成43.5%中毒伤害，持续6回合，并有32.5%概率眩晕目标2回合。,"""14045013"",""14045023""",
14046012,2,1920,0,1,1,2,rand,2,主动技能：对随机2名后排敌人造成192%攻击伤害，每回合额外造成55%中毒伤害，持续6回合，并有42.5%概率眩晕目标2回合。,"""14046013"",""14046023""",
1404a012,2,2210,0,1,1,2,rand,2,主动技能：对随机2名后排敌人造成221%攻击伤害，每回合额外造成64%中毒伤害，持续6回合，并有47.5%概率眩晕目标2回合，增加自己45%免伤持续2回合。,"""1404a013"",""1404a023"",""1404a033""",
15035012,2,1000,0,1,1,0,rand,3,主动技能：对随机3名敌人造成100%攻击伤害并有60%几率使刺客类目标眩晕2回合。,"""15035013""",
15036012,2,980,0,1,1,0,rand,4,主动技能：对随机4名敌人造成98%攻击伤害并有80%几率使刺客类目标眩晕2回合。,"""15036013""",
21034012,2,1800,0,1,1,0,"hp,asc",1,主动技能：对血量最少的敌人造成180%攻击伤害并对刺客类目标造成50%额外伤害。,"""21034013""",
21035012,2,1980,0,1,1,0,"hp,asc",1,主动技能：对血量最少的敌人造成198%攻击伤害并对刺客类目标造成80%额外伤害。,"""21035013""",
21036012,2,2160,0,1,1,0,"hp,asc",1,主动技能：对血量最少的敌人造成216%攻击伤害并对刺客类目标造成100%额外伤害。,"""21036013""",
21045012,2,750,0,1,1,2,,,主动技能：对后排敌人造成75%攻击伤害并有20%几率使目标眩晕2回合。,"""21045013""",
21046012,2,900,0,1,1,2,,,主动技能：对后排敌人造成90%攻击伤害并有25%几率使目标眩晕2回合。,"""21046013""",
22025212,2,750,0,1,1,0,rand,2,被动技能（普攻转换）：普通攻击变为随机攻击2个目标，效果为75%.,,
22034012,2,510,0,1,1,0,,,主动技能：对所有敌人造成51%攻击伤害并有15%几率使目标冰冻2回合。,"""22034013""",
22035012,2,570,0,1,1,0,,,主动技能：对所有敌人造成57%攻击伤害并有15%几率使目标冰冻2回合。,"""22035013""",
22036012,2,690,0,1,1,0,,,主动技能：对所有敌人造成69%攻击伤害并有20%几率使目标冰冻2回合。,"""22036013""",
22045012,2,1230,0,1,1,0,rand,3,主动技能：对随机3名敌人造成123%攻击伤害并有25%几率使目标眩晕2回合。,"""22045013""",
22046012,2,1200,0,1,1,0,rand,4,主动技能：对随机4名敌人造成120%攻击伤害并有25%几率使目标眩晕2回合。,"""22046013""",
22055012,2,960,0,1,1,0,,,主动技能：对所有敌人造成96%攻击伤害并有75%几率使辅助类目标禁魔3回合。,"""22055013""",
22056012,2,1150,0,1,1,0,,,主动技能：对所有敌人造成115%攻击伤害并有75%几率使辅助类目标禁魔3回合。,"""22056013""",
23035012,2,1100,0,1,1,2,rand,1,主动技能：对随机1名后排敌人造成110%攻击伤害并持续恢复全体友军攻击效果65%生命3回合。,"""23035013""",
23036012,2,880,0,1,1,2,rand,2,主动技能：对随机2名后排敌人造成88%攻击伤害并持续恢复全体友军攻击效果80%生命3回合。,"""23036013""",
24024012,2,900,0,1,1,2,,,主动技能：对后排敌人造成90%攻击伤害并降低其15%护甲2回合。,"""24024013""",
24025012,2,1000,0,1,1,2,,,主动技能：对后排敌人造成100%攻击伤害并降低其18%护甲2回合。,"""24025013""",
24026012,2,1100,0,1,1,2,,,主动技能：对后排敌人造成110%攻击伤害并降低其24%护甲2回合。,"""24026013""",
24035012,2,1000,0,1,1,2,rand,2,主动技能：对随机2名后排敌人造成100%攻击伤害，每回合额外造成60%攻击伤害，持续2回合。,"""24035013""",
24036012,2,1520,0,1,1,2,rand,2,主动技能：对随机2名后排敌人造成152%攻击伤害，每回合额外造成86%攻击伤害，持续2回合。,"""24036013""",
24036312,2,1000,0,1,1,0,"hp,asc",1,被动技能（普攻转换）：普通攻击变成攻击敌方生命最少的英雄，并偷取目标10%攻击3回合,"""24036315"",""24036325""",
25065012,2,950,0,1,1,2,,,主动技能：对后排敌人造成95%攻击伤害并有25%几率使目标冰冻2回合。,"""25065013""",
25066012,2,1200,0,1,1,0,,,主动技能：对所有敌人造成120%攻击伤害并有25%几率使目标冰冻2回合。,"""25066013""",
25075012,2,1450,0,1,1,1,,,主动技能：对前排敌人造成145%攻击伤害并增加自身25%攻击2回合。,"""25075013""",
25075312,2,1000,0,1,1,0,rand,1,被动技能（普攻转换）：普通攻击变为攻击随机1名敌人，同时减少目标10%精准2回合,"""25075315""",
25076012,2,2200,0,1,1,1,,,主动技能：对前排敌人造成220%攻击伤害并增加自身40%攻击2回合。,"""25076013""",
25076312,2,850,0,1,1,1,,,被动技能（普攻转换）：普通攻击变为攻击前排敌人，效果为85%，同时减少目标15%精准2回合,"""25076315""",
31075012,2,2500,0,1,1,0,"pos,asc",1,主动技能：对单个敌人造成250%攻击伤害并使血量最少的友军回复180%攻击等量生命,"""31075013""",
31076012,2,2800,0,1,1,0,"pos,asc",1,主动技能：对单个敌人造成280%攻击伤害并使血量最少的友军回复250%攻击等量生命,"""31076013""",
31085012,2,750,0,1,1,2,,,主动技能：对后排敌人造成75%攻击伤害并有24%几率使目标眩晕2回合。,"""31085013""",
31086012,2,900,0,1,1,2,,,主动技能：对后排敌人造成90%攻击伤害并有28%几率使目标眩晕2回合。,"""31086013""",
32034012,2,690,0,1,1,0,,,主动技能：对所有敌人造成69%攻击伤害。,,
32035012,2,750,0,1,1,0,,,主动技能：对所有敌人造成75%攻击伤害。,,
32036012,2,840,0,1,1,0,,,主动技能：对所有敌人造成84%攻击伤害。,,
32044012,2,1840,0,1,1,0,rand,2,主动技能：对随机2名敌人造成184%攻击伤害并对刺客类目标造成60%额外伤害。,"""32044013""",
32045012,2,1670,0,1,1,0,rand,3,主动技能：对随机3名敌人造成167%攻击伤害并对刺客类目标造成60%额外伤害。,"""32045013""",
32046012,2,1400,0,1,1,0,rand,4,主动技能：对随机4名敌人造成140%攻击伤害并对刺客类目标造成60%额外伤害。,"""32046013""",
32055012,2,500,0,1,1,0,rand,4,主动技能：对随机4名敌人造成50%攻击伤害，每回合额外造成55%攻击伤害，持续3回合。,"""32055013""",
32056012,2,420,0,1,1,0,,,主动技能：对所有敌人造成42%攻击伤害，每回合额外造成60%攻击伤害，持续3回合。,"""32056013""",
33024012,2,1440,0,1,1,0,"hp,asc",1,主动技能：对血量最少的敌人造成144%攻击伤害并回复血量最少的友军攻击180%生命。,"""33024013""",
33025012,2,1530,0,1,1,0,"hp,asc",1,主动技能：对血量最少的敌人造成153%攻击伤害并回复血量最少的友军攻击280%生命。,"""33025013""",
33026012,2,1710,0,1,1,0,"hp,asc",1,主动技能：对血量最少的敌人造成171%攻击伤害并回复血量最少的友军400%攻击等量生命。,"""33026013""",
34025012,2,2000,0,1,1,0,"hp,asc",1,主动技能：对血量最少的敌人造成200%攻击伤害并吸取其20%攻击2回合。,"""34025013"",""34025023""",
34026012,2,1760,0,1,1,2,rand,2,主动技能：对随机2名后排敌人造成176%攻击伤害并吸取其22%攻击2回合。,"""34026013"",""34026023""",
34026312,2,1100,0,1,1,0,"hp,asc",1,被动技能（普攻转换）：普通攻击变成攻击敌方生命最少的英雄，效果为110%.,,
35035012,2,900,0,1,1,0,,,主动技能：对所有敌人造成90%攻击伤害并降低目标17%暴击，持续3回合。,"""35035013""",
35036012,2,1020,0,1,1,0,,,主动技能：对所有敌人造成102%攻击伤害并降低其24%暴击，持续3回合。,"""35036013""",
35045012,2,1400,0,1,1,1,,,主动技能：对前排敌人造成140%攻击伤害，每回合额外造成40%攻击伤害，持续2回合。,"""35045013""",
35046012,2,1530,0,1,1,0,rand,3,主动技能：对随机3名敌人造成153%攻击伤害，每回合额外造成42%攻击伤害，持续2回合。,"""35046013""",
41055012,2,710,0,1,1,0,,,主动技能：对所有敌人造成71%攻击伤害，每回合额外造成25%攻击伤害，持续3回合。,"""41055013""",
41056012,2,870,0,1,1,0,,,主动技能：对所有敌人造成87%攻击伤害，每回合额外造成40%攻击伤害，持续3回合。,"""41056013""",
41065012,2,1160,0,1,1,1,,,主动技能：对前排敌人造成116%攻击伤害并吸取目标21%护甲2回合。,"""41065013"",""41065023""",
41066012,2,1450,0,1,1,1,,,主动技能：对前排敌人造成145%攻击伤害并吸取目标28%护甲2回合。,"""41066013"",""41066023""",
42015012,2,1250,0,1,1,2,,,主动技能：对后排敌人造成125%攻击伤害并有40%几率使战士类目标眩晕2回合。,"""42015013""",
42015112,2,800,0,1,1,0,rand,2,被动技能（普攻转换）：普攻攻击变为对随机2名敌人造成80%攻击伤害，并有10%概率眩晕目标2回合。,"""42015115""",
42016012,2,1200,0,1,1,2,,,主动技能：对后排敌人造成120%攻击伤害并有60%几率使战士类目标眩晕2回合。,"""42016013""",
42016112,2,950,0,1,1,0,rand,2,被动技能（普攻转换）：普攻攻击变为对随机2名敌人造成95%攻击伤害，并有12%概率眩晕目标2回合。,"""42016115""",
43044012,2,700,0,1,1,1,,,主动技能：对前排敌人造成70%攻击伤害并使我方英雄恢复42%攻击等量生命，持续3回合。,"""43044013""",
43045012,2,450,0,1,1,0,,,主动技能：对所有敌人造成45%攻击伤害并使我方英雄恢复55%攻击等量生命，持续3回合。,"""43045013""",
43046012,2,540,0,1,1,0,,,主动技能：对所有敌人造成54%攻击伤害并使我方英雄恢复62%攻击等量生命，持续3回合。,"""43046013""",
43054012,2,1320,0,1,1,2,rand,2,主动技能：对随机2名后排敌人造成132%攻击伤害并回复随机2名后排友军攻击160%生命。,"""43054013""",
43055012,2,700,0,1,1,2,,,主动技能：对后排敌人造成70%攻击伤害并回复后排友军攻击170%生命。,"""43055013""",
43056012,2,740,0,1,1,0,,,主动技能：对所有敌人造成74%攻击伤害并使我方英雄恢复185%攻击等量生命。,"""43056013""",
44024212,2,1000,0,1,1,0,"hp,asc",1,被动技能（普攻转换）：普通攻击会选择敌方生命最少的英雄作为目标。,,
44025212,2,1000,0,1,1,0,"hp,asc",1,被动技能（普攻转换）：普通攻击变成攻击敌方生命最少的英雄。,,
44034012,2,1800,0,1,1,0,"hp,asc",1,主动技能：对血量最少的敌人造成180%攻击伤害，如果是法师，每回合额外造成46%攻击伤害，持续2回合。,"""44034013""",
44034212,2,1000,0,1,1,2,rand,1,被动技能（普攻转换）：普通攻击变为攻击随机1名后排敌人。,,
44035012,2,1980,0,1,1,0,"hp,asc",1,主动技能：对血量最少的敌人造成198%攻击伤害，如果是法师，每回合额外造成62%攻击伤害，持续2回合。,"""44035013""",
44035212,2,1000,0,1,1,2,rand,1,被动技能（普攻转换）：普通攻击变为攻击随机1名后排敌人。,,
44036012,2,2160,0,1,1,0,"hp,asc",1,主动技能：对血量最少的敌人造成216%攻击伤害并对法师类目标造成83%额外伤害，持续2回合。,"""44036013""",
44036212,2,1100,0,1,1,2,rand,1,被动技能（普攻转换）：普通攻击变为攻击随机1名后排敌人，伤害为110%.,,
44045012,2,2000,0,1,1,2,rand,2,主动技能：对随机1名后排敌人造成200%攻击伤害，如果是法师，每回合额外造成30%攻击伤害，持续2回合。,"""44045013""",
44045212,2,1000,0,1,1,0,"hp,asc",1,被动技能（普攻转换）：普通攻击会选择敌方生命最少的英雄作为目标，并降低目标10%攻击3回合,"""44045215""",
44046012,2,2000,0,1,1,2,rand,3,主动技能：对随机2名后排敌人造成200%攻击伤害，如果是法师，每回合额外造成40%攻击伤害，持续2回合。,"""44046013""",
44046212,2,1050,0,1,1,0,"hp,asc",1,被动技能（普攻转换）：普通攻击变成攻击敌方生命最少的英雄，效果为105%，并降低目标15%攻击3回合,"""44046215""",
45045012,2,700,0,1,1,0,,,主动技能：对所有敌人造成70%攻击伤害并有15%几率使目标禁魔2回合。,"""45045013""",
45046012,2,850,0,1,1,0,,,主动技能：对所有敌人造成85%攻击伤害并有50%几率使目标禁魔2回合。,"""45046013""",
45055012,2,1150,0,1,1,0,rand,3,主动技能：对随机3名敌人造成115%攻击伤害，每回合额外造成20%攻击伤害，持续2回合。,"""45055013""",
45056012,2,800,0,1,1,0,rand,4,主动技能：对随机4名敌人造成80%攻击伤害，每回合额外造成30%攻击伤害，持续2回合。,"""45056013""",
51015012,2,800,0,1,1,2,,,主动技能：对后排敌人造成80%攻击伤害并有100%几率附加回合印记，回合印记1回合后触发造成180%的攻击伤害，并提升自身5%免伤3回合,"""51015013"",""51015023""",
51016012,2,900,0,1,1,2,,,主动技能：对后排敌人造成90%攻击伤害并有100%几率附加回合印记，回合印记1回合后触发造成250%的攻击伤害，并提升自身10%免伤3回合,"""51016013"",""51016023""",
52045012,2,750,0,1,1,0,rand,4,主动技能：对随机4名敌人造成75%攻击伤害并有20%几率使目标石化2回合。,"""52045013""",
52046012,2,540,0,1,1,0,,,主动技能：对所有敌人造成54%攻击伤害并有20%几率使目标石化2回合。,"""52046013""",
53014012,2,1440,0,1,1,0,rand,2,主动技能：对随机2名敌人造成144%攻击伤害并降低目标怒气20点。,"""53014013""",
53015012,2,1270,0,1,1,0,rand,3,主动技能：对随机3名敌人造成127%攻击伤害并降低目标怒气30点。,"""53015013""",
53016012,2,1050,0,1,1,0,rand,4,主动技能：对随机4名敌人造成105%攻击伤害并降低目标怒气35点。,"""53016013""",
61025012,2,750,0,1,1,0,,,主动技能：对所有敌人造成75%攻击伤害并有100%几率附加暴击印记，暴击印记暴击后触发造成100%的攻击伤害。,"""61025013""",
61026012,2,840,0,1,1,0,,,主动技能：对所有敌人造成84%攻击伤害并有100%几率附加暴击印记，暴击印记暴击后触发造成120%的攻击伤害。,"""61026013""",
62014012,2,1600,0,1,1,0,rand,2,主动技能：对随机2名敌人造成160%攻击伤害并有20%几率使目标眩晕2回合。,"""62014013""",
62015012,2,1470,0,1,1,0,rand,3,主动技能：对随机3名敌人造成147%攻击伤害并有25%几率使目标眩晕2回合。,"""62015013""",
62016012,2,1210,0,1,1,0,rand,4,主动技能：对随机4名敌人造成121%攻击伤害并有30%几率使目标眩晕2回合。,"""62016013""",
63025012,2,800,0,1,1,0,rand,4,主动技能：对随机4名敌人造成80%攻击伤害并回复随机3名友军75%攻击等量生命,"""63025013""",
63026012,2,1080,0,1,1,0,rand,4,主动技能：对随机4名敌人造成108%攻击伤害并回复随机3名友军105%攻击等量生命,"""63026013""",
1107a012,2,2140,0,1,1,2,,,主动技能：对后排敌人造成214%攻击伤害并有38%几率冰冻2回合，恢复自己600%攻击等量生命,"""1107a013"",""1107a023""",
1108a012,2,260,0,1,1,0,"hp,asc",1,主动技能：对血量最少的敌人造成260%攻击伤害，降低其30%攻击2回合并有75%的几率造成520%攻击额外伤害,"""1108a013"",""1108a023""",
1203a012,2,1250,0,1,1,0,,,主动技能：对所有敌人造成110%攻击伤害并有100%几率使战士类目标禁魔2回合，增加自己30%攻击3回合,"""1203a013"",""1203a023""",
1304a012,2,1560,0,1,1,2,,,主动技能：对后排敌人造成156%攻击伤害并有35%几率使目标石化2回合，增加队友30%精准3回合,"""1304a013"",""1304a023""",
1304a112,2,1050,0,1,1,1,,,被动技能（普攻转换）：普通攻击变为攻击前排敌人，效果为105%，并减少目标20%格挡,"""1304a115""",
1403a012,2,1800,0,1,1,0,rand,4,主动技能：对随机4名敌人造成180%攻击伤害，对法师类目标有100%几率眩晕2回合，并造成180%攻击的额外伤害,"""1403a013"",""1403a023""",
1403a212,2,1300,0,1,1,0,"hp,asc",1,被动技能（普攻转换）：普通攻击变成攻击敌方生命最少的英雄，效果为130%，并减少目标20%护甲,"""1403a215""",
1503a012,2,1590,0,1,1,0,rand,4,主动技能：对随机4名敌人造成159%攻击伤害，有100%几率使刺客类目标眩晕2回合，并中毒每回合额外造成65%攻击伤害，持续3回合,"""1503a013"",""1503a023""",
2104a012,2,1360,0,1,1,2,,,主动技能：对后排敌人造成136%攻击伤害并有30%几率使目标眩晕2回合，增加自己30%免伤3回合,"""2104a013"",""2104a023""",
2204a012,2,1160,0,1,1,0,,,主动技能：对所有敌人造成116%攻击伤害并有25%几率使目标眩晕2回合,"""2204a013""",
2205a012,2,1460,0,1,1,0,,,主动技能：对所有敌人造成146%攻击伤害，有100%几率使辅助类目标眩晕2回合并额外造成160%攻击伤害,"""2205a013"",""2205a023""",
2303a012,2,1250,0,1,1,2,rand,2,主动技能：对随机2名后排敌人造成125%攻击伤害并持续恢复全体友军攻击效果200%生命3回合，并有30%的几率额外恢复340%攻击等量生命,"""2303a013"",""2303a023""",
2403a012,2,2200,0,1,1,2,rand,2,主动技能：对随机2名后排敌人造成220%攻击伤害，每回合额外造成102%攻击伤害，持续4回合,"""2403a013""",
2403a312,2,1200,0,1,1,0,"hp,asc",1,被动技能（普攻转换）：普通攻击变成攻击敌方生命最少的英雄，效果为120%，并偷取目标15%攻击3回合,"""2403a315"",""2403a325""",
2506a012,2,1480,0,1,1,0,,,主动技能：对所有敌人造成148%攻击伤害并有30%几率使目标冰冻2回合，并额外获得30点怒气,"""2506a013"",""2506a023""",
2507a012,2,3020,0,1,1,0,rand,4,主动技能：对随机4名敌人造成302%攻击伤害，增加自身40%攻击3回合,"""2507a013""",
2507a312,2,950,0,1,1,1,,,被动技能（普攻转换）：普通攻击变为攻击前排敌人，效果为95%，同时减少目标20%精准2回合,"""2507a315""",
3107a012,2,3200,0,1,1,0,"pos,asc",1,主动技能：对单个敌人造成320%攻击伤害并使血量最少的友军回复560%攻击等量生命，增加60%的攻击2回合,"""3107a013"",""3107a023""",
3108a012,2,1190,0,1,1,2,,,主动技能：对后排敌人造成119%攻击伤害，有32%几率使目标眩晕2回合并有20%的几率给目标附加一个250%攻击伤害的回合印记，回合印记1回合后触发伤害,"""3108a013"",""3108a023""",
3205a012,2,720,0,1,1,0,,,主动技能：对所有敌人造成72%攻击伤害并中毒，每回合额外造成102%攻击伤害，持续3回合,"""3205a013""",
3402a012,2,1900,0,1,1,2,rand,2,主动技能：对后排随机2名敌人造成190%攻击伤害，恢复35%攻击生命，并吸取目标30%攻击3回合，增加自己40%的暴击伤害3回合,"""3402a013"",""3402a023"",""3402a033"",""3402a043""",
3402a312,2,1300,0,1,1,0,"hp,asc",1,被动技能（普攻转换）：普通攻击变成攻击敌方生命最少的英雄，效果为130%，恢复攻击45%生命,"""3402a315""",
3503a012,2,1320,0,1,1,0,,,主动技能：对所有敌人造成132%攻击伤害并流血，每回合额外造成75%攻击伤害，持续3回合，降低目标25%暴击和30%的暴击伤害3回合,"""3503a013"",""3503a023"",""3503a033""",
3504a012,2,1820,0,1,1,0,rand,3,主动技能：对随机3名敌人造成182%攻击伤害并燃烧，每回合燃烧的伤害为116%，持续3回合,"""3504a013""",
4105a012,2,1170,0,1,1,0,,,主动技能：对所有敌人造成117%攻击伤害并燃烧，每回合额外造成50%攻击伤害，持续3回合，增加自己20%攻击和20%暴击，持续3回合,"""4105a013"",""4105a023"",""4105a033""",
4106a012,2,1850,0,1,1,1,,,主动技能：对前排敌人造成185%攻击伤害并吸取目标35%护甲2回合，持续恢复自己160%攻击生命6回合,"""4106a013"",""4106a023"",""4106a033""",
4201a012,2,1480,0,1,1,2,,,主动技能：对后排敌人造成148%攻击伤害并有35%几率使游侠类目标眩晕2回合，50%几率使法师沉默2回合,"""4201a013"",""4201a023""",
4201a112,2,1100,0,1,1,0,rand,2,被动技能（普攻转换）：普攻攻击变为对随机2名敌人造成110%攻击伤害，并有15%概率眩晕目标2回合。,"""4201a115""",
4403a212,2,1200,0,1,1,2,rand,1,被动技能（普攻转换）：普通攻击变为攻击随机1名后排敌人，伤害为120%.,,
4404a012,2,2100,0,1,1,2,,,主动技能：对后排随机2名敌人造成210%攻击伤害，如果是法师，每回合额外造成50%攻击流血伤害，持续3回合,"""4404a013""",
4404a212,2,1200,0,1,1,0,"hp,asc",1,被动技能（普攻转换）：普通攻击变成攻击敌方生命最少的英雄，效果为120%，并降低目标20%攻击3回合,"""4404a215""",
4504a012,2,1050,0,1,1,0,,,主动技能：对所有敌人造成105%攻击伤害并有50%几率使目标禁魔2回合，并免疫控制2回合,"""4504a013"",""4504a023""",
4505a012,2,1250,0,1,1,0,rand,4,主动技能：对随机4名敌人造成125%攻击伤害，减少其5%速度并中毒，每回合额外造成55%攻击伤害，持续3回合,"""4505a013"",""4505a023""",
5101a012,2,1240,0,1,1,0,,,主动技能：对所有敌人造成124%攻击伤害并附加回合印记，回合印记1回合触发造成280%的攻击伤害，并有45%的几率额外附加一个210%攻击伤害的回合印记，并提升自身15%免伤3回合,"""5101a013"",""5101a023"",""5101a033""",
5204a012,2,980,0,1,1,0,,,主动技能：对所有敌人造成98%攻击伤害并有30%几率使目标石化2回合，有30%的几率降低目标30点怒气，30%几率恢复自己30点怒气,"""5204a013"",""5204a023"",""5204a033""",
6102a012,2,1350,0,1,1,0,,,主动技能：对所有敌人造成135%攻击伤害并附加暴击印记，暴击印记暴击后触发造成220%的攻击伤害，并有50%的几率额外附加一个140%攻击伤害的暴击印记,"""6102a013"",""6102a023""",
6302a012,2,1580,0,1,1,0,,,主动技能：对随机4名敌人造成158%攻击伤害并回复随机3名友军165%攻击等量生命，并使随机3名友军增加25%的伤增率,"""6302a013"",""6302a023""",
10002,2,0,300,1,1,1,,,对前排敌人造成300点真实伤害并流血，每回合造成133点流血伤害，持续3回合,"""10003""",
10102,2,0,1916,1,1,1,,,对前排敌人造成1916点真实伤害并流血，每回合造成1072点流血伤害，持续3回合,"""10103""",
10202,2,0,3031,1,1,1,,,对前排敌人造成3031点真实伤害并流血，每回合造成1842点流血伤害，持续3回合,"""10203""",
10302,2,0,4146,1,1,1,,,对前排敌人造成4146点真实伤害并流血，每回合造成2612点流血伤害，持续3回合,"""10303""",
10402,2,0,5261,1,1,1,,,对前排敌人造成5261点真实伤害并流血，每回合造成3382点流血伤害，持续3回合,"""10403""",
10502,2,0,6376,1,1,1,,,对前排敌人造成6376点真实伤害并流血，每回合造成4152点流血伤害，持续3回合,"""10503""",
10602,2,0,7491,1,1,1,,,对前排敌人造成7491点真实伤害并流血，每回合造成4922点流血伤害，持续3回合,"""10603""",
10702,2,0,11611,1,1,0,rand,3,对随机3名敌人造成11611点真实伤害并流血，每回合造成7842点流血伤害，持续3回合,"""10703""",
10802,2,0,15731,1,1,0,rand,3,对随机3名敌人造成15731点真实伤害并流血，每回合造成10762点流血伤害，持续3回合,"""10803""",
10902,2,0,19851,1,1,0,rand,3,对随机3名敌人造成19851点真实伤害并流血，每回合造成13682点流血伤害，持续3回合,"""10903""",
11002,2,0,23971,1,1,0,rand,3,对随机3名敌人造成23971点真实伤害并流血，每回合造成16602点流血伤害，持续3回合,"""11003""",
11102,2,0,28091,1,1,0,rand,3,对随机3名敌人造成28091点真实伤害并流血，每回合造成19522点流血伤害，持续3回合,"""11103""",
11202,2,0,32211,1,1,0,rand,3,对随机3名敌人造成32211点真实伤害并流血，每回合造成22442点流血伤害，持续3回合,"""11203""",
11302,2,0,50981,1,1,0,rand,4,对随机4名敌人造成50981点真实伤害并流血，每回合造成35862点流血伤害，持续3回合，同时增加己方随机4名英雄对流血目标10%伤害加成2回合,"""11303"",""11313""",
11402,2,0,69751,1,1,0,rand,4,对随机4名敌人造成69751点真实伤害并流血，每回合造成49282点流血伤害，持续3回合，同时增加己方随机4名英雄对流血目标15%伤害加成2回合,"""11403"",""11413""",
11502,2,0,88521,1,1,0,rand,4,对随机4名敌人造成88521点真实伤害并流血，每回合造成62702点流血伤害，持续3回合，同时增加己方随机4名英雄对流血目标20%伤害加成2回合,"""11503"",""11513""",
11602,2,0,107291,1,1,0,rand,4,对随机4名敌人造成107291点真实伤害并流血，每回合造成76122点流血伤害，持续3回合，同时增加己方随机4名英雄对流血目标25%伤害加成2回合,"""11603"",""11613""",
11702,2,0,126061,1,1,0,rand,4,对随机4名敌人造成126061点真实伤害并流血，每回合造成89542点流血伤害，持续3回合，同时增加己方随机4名英雄对流血目标30%伤害加成2回合,"""11703"",""11713""",
11802,2,0,144831,1,1,0,rand,4,对随机4名敌人造成144831点真实伤害并流血，每回合造成102962点流血伤害，持续3回合，同时增加己方随机4名英雄对流血目标35%伤害加成2回合,"""11803"",""11813""",
11902,2,0,164951,1,1,0,rand,4,对随机4名敌人造成164951点真实伤害并流血，每回合造成126882点流血伤害，持续3回合，同时增加己方随机4名英雄对流血目标40%伤害加成2回合,"""11903"",""11913""",
12002,2,0,185071,1,1,0,rand,4,对随机4名敌人造成185071点真实伤害并流血，每回合造成150802点流血伤害，持续3回合，同时增加己方随机4名英雄对流血目标45%伤害加成2回合,"""12003"",""12013""",
12102,2,0,205191,1,1,0,rand,4,对随机4名敌人造成205191点真实伤害并流血，每回合造成174722点流血伤害，持续3回合，同时增加己方随机4名英雄对流血目标50%伤害加成2回合,"""12103"",""12113""",
12202,2,0,225311,1,1,0,rand,4,对随机4名敌人造成225311点真实伤害并流血，每回合造成198642点流血伤害，持续3回合，同时增加己方随机4名英雄对流血目标55%伤害加成2回合,"""12203"",""12213""",
12302,2,0,245431,1,1,0,rand,4,对随机4名敌人造成245431点真实伤害并流血，每回合造成222562点流血伤害，持续3回合，同时增加己方随机4名英雄对流血目标60%伤害加成2回合,"""12303"",""12313""",
12402,2,0,265600,1,1,0,rand,4,对随机4名敌人造成265551点真实伤害并流血，每回合造成246482点流血伤害，持续3回合，同时增加己方随机4名英雄对流血目标65%伤害加成2回合,"""12403"",""12413""",
20002,2,0,850,1,1,1,,,对前排敌人造成850点真实伤害,,
20102,2,0,3288,1,1,1,,,对前排敌人造成3288点真实伤害,,
20202,2,0,5493,1,1,1,,,对前排敌人造成5493点真实伤害,,
20302,2,0,7698,1,1,1,,,对前排敌人造成7698点真实伤害,,
20402,2,0,9903,1,1,1,,,对前排敌人造成9903点真实伤害,,
20502,2,0,12108,1,1,1,,,对前排敌人造成12108点真实伤害,,
20602,2,0,14313,1,1,1,,,对前排敌人造成14313点真实伤害,,
20702,2,0,20918,1,1,0,rand,3,对随机3名敌人造成20918点真实伤害，并降低目标2%护甲，持续3回合,"""20703""",
20802,2,0,27523,1,1,0,rand,3,对随机3名敌人造成27523点真实伤害，并降低目标4%护甲，持续3回合,"""20803""",
20902,2,0,34128,1,1,0,rand,3,对随机3名敌人造成34128点真实伤害，并降低目标5%护甲，持续3回合,"""20903""",
21002,2,0,40733,1,1,0,rand,3,对随机3名敌人造成40733点真实伤害，并降低目标7%护甲，持续3回合,"""21003""",
21102,2,0,47338,1,1,0,rand,3,对随机3名敌人造成47338点真实伤害，并降低目标9%护甲，持续3回合,"""21103""",
21202,2,0,53943,1,1,0,rand,3,对随机3名敌人造成53943点真实伤害，并降低目标10%护甲，持续3回合,"""21203""",
21302,2,0,67848,1,1,0,rand,4,对随机4名敌人造成67848点真实伤害，并降低目标12%护甲，持续3回合，同时增加己方随机4名英雄7%攻击2回合,"""21303"",""21313""",
21402,2,0,81753,1,1,0,rand,4,对随机4名敌人造成81753点真实伤害，并降低目标14%护甲，持续3回合，同时增加己方随机4名英雄9%攻击2回合,"""21403"",""21413""",
21502,2,0,95658,1,1,0,rand,4,对随机4名敌人造成95658点真实伤害，并降低目标15%护甲，持续3回合，同时增加己方随机4名英雄10%攻击2回合,"""21503"",""21513""",
21602,2,0,109563,1,1,0,rand,4,对随机4名敌人造成109563点真实伤害，并降低目标17%护甲，持续3回合，同时增加己方随机4名英雄12%攻击2回合,"""21603"",""21613""",
21702,2,0,123468,1,1,0,rand,4,对随机4名敌人造成123468点真实伤害，并降低目标19%护甲，持续3回合，同时增加己方随机4名英雄14%攻击2回合,"""21703"",""21713""",
21802,2,0,137373,1,1,0,rand,4,对随机4名敌人造成137373点真实伤害，并降低目标20%护甲，持续3回合，同时增加己方随机4名英雄15%攻击2回合,"""21803"",""21813""",
21902,2,0,161278,1,1,0,rand,4,对随机4名敌人造成161278点真实伤害，并降低目标22%护甲和10点速度，持续3回合，同时增加己方随机4名英雄17%攻击2回合,"""21903"",""21913"",""21923""",
22002,2,0,185183,1,1,0,rand,4,对随机4名敌人造成185183点真实伤害，并降低目标24%护甲和14点速度，持续3回合，同时增加己方随机4名英雄19%攻击2回合,"""22003"",""22013"",""22023""",
22102,2,0,209088,1,1,0,rand,4,对随机4名敌人造成209088点真实伤害，并降低目标25%护甲和18点速度，持续3回合，同时增加己方随机4名英雄20%攻击2回合,"""22103"",""22113"",""22123""",
22202,2,0,232993,1,1,0,rand,4,对随机4名敌人造成232993点真实伤害，并降低目标27%护甲和22点速度，持续3回合，同时增加己方随机4名英雄22%攻击2回合,"""22203"",""22213"",""22223""",
22302,2,0,256898,1,1,0,rand,4,对随机4名敌人造成256898点真实伤害，并降低目标29%护甲和26点速度，持续3回合，同时增加己方随机4名英雄24%攻击2回合,"""22303"",""22313"",""22323""",
22402,2,0,280800,1,1,0,rand,4,对随机4名敌人造成280800点真实伤害，并降低目标30%护甲和30点速度，持续3回合，同时增加己方随机4名英雄25%攻击2回合,"""22403"",""22413"",""22423""",
30002,2,0,1500,1,1,0,rand,1,对随机1名敌人造成1500点真实伤害，恢复随机3名己方英雄5%生命,"""30003""",
30102,2,0,2949,1,1,0,rand,1,对随机1名敌人造成2949点真实伤害，恢复随机3名己方英雄5%生命,"""30103""",
30202,2,0,4354,1,1,0,rand,1,对随机1名敌人造成4354点真实伤害，恢复随机3名己方英雄5%生命,"""30203""",
30302,2,0,5759,1,1,0,rand,1,对随机1名敌人造成5759点真实伤害，恢复随机3名己方英雄6%生命,"""30303""",
30402,2,0,7164,1,1,0,rand,1,对随机1名敌人造成7164点真实伤害，恢复随机3名己方英雄6%生命,"""30403""",
30502,2,0,8569,1,1,0,rand,1,对随机1名敌人造成8569点真实伤害，恢复随机3名己方英雄7%生命,"""30503""",
30602,2,0,9974,1,1,0,rand,1,对随机1名敌人造成9974点真实伤害，恢复随机3名己方英雄7%生命,"""30603""",
30702,2,0,14644,1,1,0,rand,2,对随机2名敌人造成14644点真实伤害，恢复随机3名己方英雄8%生命并增加2%护甲2回合,"""30703"",""30713""",
30802,2,0,19314,1,1,0,rand,2,对随机2名敌人造成19314点真实伤害，恢复随机3名己方英雄8%生命并增加4%护甲2回合,"""30803"",""30813""",
30902,2,0,23984,1,1,0,rand,2,对随机2名敌人造成23984点真实伤害，恢复随机3名己方英雄9%生命并增加5%护甲2回合,"""30903"",""30913""",
31002,2,0,28654,1,1,0,rand,2,对随机2名敌人造成28654点真实伤害，恢复随机3名己方英雄9%生命并增加7%护甲2回合,"""31003"",""31013""",
31102,2,0,33324,1,1,0,rand,2,对随机2名敌人造成33324点真实伤害，恢复随机3名己方英雄10%生命并增加9%护甲2回合,"""31103"",""31113""",
31202,2,0,37994,1,1,0,rand,2,对随机2名敌人造成37994点真实伤害，恢复随机3名己方英雄10%生命并增加10%护甲2回合,"""31203"",""31213""",
31302,2,0,47664,1,1,0,rand,3,对随机3名敌人造成47664点真实伤害，恢复随机4名己方英雄11%生命并增加12%护甲2回合,"""31303"",""31313""",
31402,2,0,57334,1,1,0,rand,3,对随机3名敌人造成57334点真实伤害，恢复随机4名己方英雄11%生命并增加14%护甲2回合,"""31403"",""31413""",
31502,2,0,67004,1,1,0,rand,3,对随机3名敌人造成67004点真实伤害，恢复随机4名己方英雄12%生命并增加15%护甲2回合,"""31503"",""31513""",
31602,2,0,76674,1,1,0,rand,3,对随机3名敌人造成76674点真实伤害，恢复随机4名己方英雄12%生命并增加17%护甲2回合,"""31603"",""31613""",
31702,2,0,86344,1,1,0,rand,3,对随机3名敌人造成86344点真实伤害，恢复随机4名己方英雄13%生命并增加19%护甲2回合,"""31703"",""31713""",
31802,2,0,96014,1,1,0,rand,3,对随机3名敌人造成96014点真实伤害，恢复随机4名己方英雄14%生命并增加20%护甲2回合,"""31803"",""31813""",
31902,2,0,109684,1,1,0,rand,4,对随机4名敌人造成109684点真实伤害，恢复随机4名己方英雄15%生命并增加22%护甲和7%攻击2回合,"""31903"",""31913"",""31923""",
32002,2,0,123354,1,1,0,rand,4,对随机4名敌人造成123354点真实伤害，恢复随机4名己方英雄16%生命并增加24%护甲和9%攻击2回合,"""32003"",""32013"",""32023""",
32102,2,0,137024,1,1,0,rand,4,对随机4名敌人造成137024点真实伤害，恢复随机4名己方英雄17%生命并增加25%护甲和10%攻击2回合,"""32103"",""32113"",""32123""",
32202,2,0,150694,1,1,0,rand,4,对随机4名敌人造成150694点真实伤害，恢复随机4名己方英雄18%生命并增加27%护甲和12%攻击2回合,"""32203"",""32213"",""32223""",
32302,2,0,164364,1,1,0,rand,4,对随机4名敌人造成164364点真实伤害，恢复随机4名己方英雄19%生命并增加29%护甲和14%攻击2回合,"""32303"",""32313"",""32323""",
32402,2,0,178000,1,1,0,rand,4,对随机4名敌人造成178000点真实伤害，恢复随机4名己方英雄20%生命并增加30%护甲和15%攻击2回合,"""32403"",""32413"",""32423""",
40002,2,0,2200,1,1,0,rand,2,对随机2名敌人造成2200点真实伤害，恢复己方随机2名英雄11点怒气,"""40003""",
40102,2,0,4429,1,1,0,rand,2,对随机2名敌人造成4429点真实伤害，恢复己方随机2名英雄12点怒气,"""40103""",
40202,2,0,6684,1,1,0,rand,2,对随机2名敌人造成6684点真实伤害，恢复己方随机2名英雄14点怒气,"""40203""",
40302,2,0,8939,1,1,0,rand,2,对随机2名敌人造成8939点真实伤害，恢复己方随机2名英雄15点怒气,"""40303""",
40402,2,0,11194,1,1,0,rand,2,对随机2名敌人造成11194点真实伤害，恢复己方随机2名英雄17点怒气,"""40403""",
40502,2,0,13449,1,1,0,rand,2,对随机2名敌人造成13449点真实伤害，恢复己方随机2名英雄19点怒气,"""40503""",
40602,2,0,15704,1,1,0,rand,2,对随机2名敌人造成15704点真实伤害，恢复己方随机2名英雄20点怒气,"""40603""",
40702,2,0,22309,1,1,0,rand,3,对随机3名敌人造成22309点真实伤害，恢复己方随机3名英雄22点怒气,"""40703""",
40802,2,0,28914,1,1,0,rand,3,对随机3名敌人造成28914点真实伤害，恢复己方随机3名英雄24点怒气,"""40803""",
40902,2,0,35519,1,1,0,rand,3,对随机3名敌人造成35519点真实伤害，恢复己方随机3名英雄25点怒气,"""40903""",
41002,2,0,42124,1,1,0,rand,3,对随机3名敌人造成42124点真实伤害，恢复己方随机3名英雄27点怒气,"""41003""",
41102,2,0,48729,1,1,0,rand,3,对随机3名敌人造成48729点真实伤害，恢复己方随机3名英雄29点怒气,"""41103""",
41202,2,0,55334,1,1,0,rand,3,对随机3名敌人造成55334点真实伤害，恢复己方随机3名英雄30点怒气,"""41203""",
41302,2,0,69439,1,1,0,rand,4,对随机4名敌人造成69439点真实伤害，恢复己方随机4名英雄32点怒气,"""41303""",
41402,2,0,83544,1,1,0,rand,4,对随机4名敌人造成83544点真实伤害，恢复己方随机4名英雄34点怒气,"""41403""",
41502,2,0,97649,1,1,0,rand,4,对随机4名敌人造成97649点真实伤害，恢复己方随机4名英雄35点怒气,"""41503""",
41602,2,0,111754,1,1,0,rand,4,对随机4名敌人造成111754点真实伤害，恢复己方随机4名英雄37点怒气,"""41603""",
41702,2,0,125859,1,1,0,rand,4,对随机4名敌人造成125859点真实伤害，恢复己方随机4名英雄39点怒气,"""41703""",
41802,2,0,139964,1,1,0,rand,4,对随机4名敌人造成139964点真实伤害，恢复己方随机4名英雄40点怒气,"""41803""",
41902,2,0,163569,1,1,0,rand,4,对随机4名敌人造成163569点真实伤害并有20%概率禁魔2回合，恢复己方随机4名英雄42点怒气,"""41903"",""41913""",
42002,2,0,187174,1,1,0,rand,4,对随机4名敌人造成187174点真实伤害并有24%概率禁魔2回合，恢复己方随机4名英雄44点怒气,"""42003"",""42013""",
42102,2,0,210779,1,1,0,rand,4,对随机4名敌人造成210779点真实伤害并有28%概率禁魔2回合，恢复己方随机4名英雄45点怒气,"""42103"",""42113""",
42202,2,0,234384,1,1,0,rand,4,对随机4名敌人造成234384点真实伤害并有32%概率禁魔2回合，恢复己方随机4名英雄47点怒气,"""42203"",""42213""",
42302,2,0,257989,1,1,0,rand,4,对随机4名敌人造成257989点真实伤害并有36%概率禁魔2回合，恢复己方随机4名英雄49点怒气,"""42303"",""42313""",
42402,2,0,281600,1,1,0,rand,4,对随机4名敌人造成281600点真实伤害并有41%概率禁魔2回合，恢复己方随机4名英雄50点怒气,"""42403"",""42413""",
50002,2,0,3500,1,1,0,rand,2,对随机2名敌人造成3500点真实伤害并有6%概率眩晕2回合,"""50003""",
50102,2,0,5033,1,1,0,rand,2,对随机2名敌人造成5033点真实伤害并有7%概率眩晕2回合,"""50103""",
50202,2,0,7243,1,1,0,rand,2,对随机2名敌人造成7243点真实伤害并有9%概率眩晕2回合,"""50203""",
50302,2,0,9453,1,1,0,rand,2,对随机2名敌人造成9453点真实伤害并有10%概率眩晕2回合,"""50303""",
50402,2,0,11663,1,1,0,rand,2,对随机2名敌人造成11663点真实伤害并有12%概率眩晕2回合,"""50403""",
50502,2,0,13873,1,1,0,rand,2,对随机2名敌人造成13873点真实伤害并有14%概率眩晕2回合,"""50503""",
50602,2,0,16083,1,1,0,rand,2,对随机2名敌人造成16083点真实伤害并有15%概率眩晕2回合,"""50603""",
50702,2,0,22753,1,1,0,rand,3,对随机3名敌人造成22753点真实伤害并有17%概率眩晕2回合,"""50703""",
50802,2,0,29423,1,1,0,rand,3,对随机3名敌人造成29423点真实伤害并有19%概率眩晕2回合,"""50803""",
50902,2,0,36093,1,1,0,rand,3,对随机3名敌人造成36093点真实伤害并有20%概率眩晕2回合,"""50903""",
51002,2,0,42763,1,1,0,rand,3,对随机3名敌人造成42763点真实伤害并有22%概率眩晕2回合,"""51003""",
51102,2,0,49433,1,1,0,rand,3,对随机3名敌人造成49433点真实伤害并有24%概率眩晕2回合,"""51103""",
51202,2,0,56103,1,1,0,rand,3,对随机3名敌人造成56103点真实伤害并有25%概率眩晕2回合,"""51203""",
51302,2,0,75273,1,1,0,rand,4,对随机4名敌人造成75273点真实伤害并有25%概率眩晕2回合，提升随机4名友方英雄5%伤增率2回合,"""51303"",""51313""",
51402,2,0,94443,1,1,0,rand,4,对随机4名敌人造成94443点真实伤害并有26%概率眩晕2回合，提升随机4名友方英雄10%伤增率2回合,"""51403"",""51413""",
51502,2,0,113613,1,1,0,rand,4,对随机4名敌人造成113613点真实伤害并有27%概率眩晕2回合，提升随机4名友方英雄15%伤增率2回合,"""51503"",""51513""",
51602,2,0,132783,1,1,0,rand,4,对随机4名敌人造成132783点真实伤害并有28%概率眩晕2回合，提升随机4名友方英雄20%伤增率2回合,"""51603"",""51613""",
51702,2,0,151953,1,1,0,rand,4,对随机4名敌人造成151953点真实伤害并有29%概率眩晕2回合，提升随机4名友方英雄25%伤增率2回合,"""51703"",""51713""",
51802,2,0,171123,1,1,0,rand,4,对随机4名敌人造成171123点真实伤害并有30%概率眩晕2回合，提升随机4名友方英雄30%伤增率2回合,"""51803"",""51813""",
51902,2,0,202243,1,1,0,rand,4,对随机4名敌人造成202243点真实伤害并有31%概率眩晕2回合，提升随机4名友方英雄35%伤增率2回合,"""51903"",""51913""",
52002,2,0,233363,1,1,0,rand,4,对随机4名敌人造成233363点真实伤害并有32%概率眩晕2回合，提升随机4名友方英雄40%伤增率2回合,"""52003"",""52013""",
52102,2,0,264483,1,1,0,rand,4,对随机4名敌人造成264483点真实伤害并有33%概率眩晕2回合，提升随机4名友方英雄45%伤增率2回合,"""52103"",""52113""",
52202,2,0,295603,1,1,0,rand,4,对随机4名敌人造成295603点真实伤害并有34%概率眩晕2回合，提升随机4名友方英雄50%伤增率2回合,"""52203"",""52213""",
52302,2,0,326723,1,1,0,rand,4,对随机4名敌人造成326723点真实伤害并有35%概率眩晕2回合，提升随机4名友方英雄55%伤增率2回合,"""52303"",""52313""",
52402,2,0,357800,1,1,0,rand,4,对随机4名敌人造成357800点真实伤害并有36%概率眩晕2回合，提升随机4名友方英雄60%伤增率2回合,"""52403"",""52413""",
31095012,2,1700,0,1,1,0,rand,2,对前排敌人造成1.7攻击伤害,"""31095013""",
31096012,2,1850,0,1,1,0,rand,3,对前排敌人造成2.1攻击伤害,"""31096013""",
3109a012,2,2000,0,1,1,0,rand,3,对随机4名敌人造成2攻击伤害,"""3109a013""",
11011012,2,1250,0,1,1,0,rand,1,对单个敌人造成1.25倍伤害,"""11011013""",
11023012,2,900,0,1,1,2,rand,2,对敌方后排随机2名角色造成0.9倍攻击伤害,"""11023013""",
11033012,2,1600,0,1,1,0,"hp,asc",1,对血量最少的敌人造成1.6倍攻击伤害,"""11033013""",
12013012,2,1000,0,1,1,2,,,对后排敌人造成1倍攻击的伤害,,
13012012,2,400,0,1,1,0,,,对所有敌人造成40%伤害,,
13023012,2,1200,0,1,1,1,,,对敌方前排造成1.2倍攻击伤害,"""13023013""",
14013012,2,1600,0,1,1,0,rand,1,对敌方单体造成1.6倍攻击伤害，,"""14013013""",
11044012,2,1800,0,1,1,0,"hp,asc",1,对血量最少的敌人造成1.8倍攻击伤害,"""11044013"",""11044023""",
11045012,2,2000,0,1,1,0,"hp,asc",1,对血量最少的敌人造成2倍攻击伤害,"""11045013"",""11045023""",
11054012,2,1250,0,1,1,2,rand,3,对敌方后排随机3名敌人造成1.25倍攻击伤害,"""11054013""",
11055012,2,1300,0,1,1,2,,,对敌方后排敌人造成1.3倍攻击伤害,"""11055013""",
11064012,2,1000,0,1,1,2,,,对后排敌人造成1倍攻击伤害,"""11064013""",
11065012,2,1200,0,1,1,2,,,对后排敌人造成1.2倍攻击伤害,"""11065013""",
15014012,2,500,0,1,1,0,,,对全体敌人造成0.5倍攻击伤害,"""15014013""",
15015012,2,650,0,1,1,0,,,对全体敌人造成0.65倍攻击伤害,"""15015013""",
15024012,2,1450,0,1,1,1,,,对敌方前排造成1.45倍攻击伤害,"""15024013""",
15025012,2,1550,0,1,1,1,,,对敌方前排造成1.55倍攻击伤害,"""15025013""",
22012012,2,1600,0,1,1,0,rand,1,对随机1名敌人造成1.6倍伤害,"""22012013""",
23013012,2,1200,0,1,1,0,rand,2,对随机2名敌人造成1.2倍攻击伤害,"""23013013""",
23023012,2,900,0,1,1,2,,,对地方后排造成0.9倍攻击伤害,"""23023013""",
24013012,2,1600,0,1,1,2,rand,2,对敌方后排随机2名角色造成1.6倍攻击伤害,"""24013013""",
25011012,2,1600,0,1,1,0,"pos,asc",1,对单个敌人造成1.6倍伤害,"""25011013""",
25023012,2,750,0,1,1,0,rand,3,对敌方随机3个目标造成0.75倍伤害,"""25023013""",
25033012,2,950,0,1,1,0,rand,3,对敌方随机3个目标造成0.95倍攻击伤害,"""25033013"",""25033023""",
21014012,2,1400,0,1,1,0,rand,3,对随机3个目标造成1.4倍攻击伤害,"""21014013""",
21015012,2,1500,0,1,1,0,rand,3,对随机3个目标造成1.5倍攻击伤害,"""21015013""",
21024012,2,1100,0,1,1,2,,,对敌方后排造成自身攻击1.1倍的伤害,"""21024013""",
21025012,2,1200,0,1,1,2,,,对敌方后排造成自身攻击1.2倍的伤害,"""21025013""",
22024012,2,1250,0,1,1,0,rand,3,对随机3名敌人造成1.25倍攻击伤害,"""22024013""",
22025012,2,1250,0,1,1,0,rand,4,对随机4名敌人造成1.25倍攻击伤害,"""22025013""",
25044012,2,900,0,1,1,0,rand,2,对随机2名后排敌人造成0.9倍攻击伤害,"""25044013"",""25044023""",
25045012,2,1000,0,1,1,0,rand,2,对随机2名后排敌人造成1倍攻击伤害,"""25045013"",""25045023""",
25054012,2,1200,0,1,1,0,rand,3,对随机3个敌人造成1.2倍攻击伤害,"""25054013""",
25055012,2,1400,0,1,1,0,rand,3,对随机3个敌人造成1.4倍攻击伤害,"""25055013""",
31012012,2,1400,0,1,1,0,"pos,asc",1,对单个敌人造成1.4倍伤害,"""31012013""",
31023012,2,1400,0,1,1,0,"hp,asc",1,对敌方血量最少的目标造成1.4倍攻击伤害,"""31023013""",
31033012,2,1600,0,1,1,0,"pos,asc",1,对敌方单个目标造成1.6倍攻击伤害,"""31033013""",
32011012,2,900,0,1,1,2,,,对后排敌人造成0.9倍伤害,,
32023012,2,1200,0,1,1,1,,,对前排敌人造成1.2倍攻击伤害,"""32023013""",
35013012,2,800,0,1,1,0,rand,3,对随机3名敌人造成0.8倍攻击伤害,"""35013013""",
35023012,2,450,0,1,1,0,,,怒气技能：对地方全体造成0.45倍伤害,"""35023013""",
31044012,2,1600,0,1,1,0,rand,1,对随机单个敌人造成1.6倍攻击伤害,"""31044013""",
31045012,2,1800,0,1,1,0,rand,1,对随机单个敌人造成1.8倍攻击伤害,"""31045013""",
31054012,2,900,0,1,1,2,,,对地方后排造成0.9倍攻击伤害,"""31054013""",
31055012,2,1000,0,1,1,2,,,对地方后排造成1倍攻击伤害,"""31055013""",
31064012,2,1000,0,1,1,2,,,对敌方后排造成1倍攻击伤害,"""31064013""",
31065012,2,1200,0,1,1,2,,,对敌方后排造成1.2倍攻击伤害,"""31065013""",
33014012,2,1200,0,1,1,1,,,对敌方前排造成1.2倍攻击伤害,"""33014013""",
33015012,2,1300,0,1,1,0,rand,3,对敌方随机3个目标1.3倍攻击伤害,"""33015013""",
34014012,2,2200,0,1,1,0,rand,1,对随机1名敌人造成2.2倍攻击伤害,"""34014013""",
34015012,2,1500,0,1,1,0,rand,2,对随机2名敌人造成1.5倍攻击伤害,"""34015013""",
41013012,2,700,0,1,1,2,,,对后排敌人造成0.7倍攻击伤害,"""41013013""",
41023012,2,800,0,1,1,0,rand,3,对随机3名敌人造成0.8倍攻击伤害,"""41023013""",
43012012,2,1100,0,1,1,1,,,对前排敌人造成1.1倍伤害,"""43012013""",
43023012,2,1200,0,1,1,0,"hp,asc",1,对敌方血量最少的目标造成1.2倍攻击伤害,"""43023013""",
44011012,2,1600,0,1,1,0,"pos,asc",1,对单个敌人造成1.6倍伤害,"""44011013""",
45013012,2,700,0,1,1,2,,,对后排敌人造成0.7倍攻击伤害,"""45013013""",
45023012,2,1700,0,1,1,0,"pos,asc",1,对单个敌人造成1.7倍攻击伤害,"""45023013""",
41034012,2,1800,0,1,1,0,"hp,asc",1,对血量最少的敌人造成1.8倍攻击伤害,"""41034013""",
41035012,2,2000,0,1,1,0,"hp,asc",1,对血量最少的敌人造成2倍攻击伤害,"""41035013""",
41044012,2,1300,0,1,1,1,,,对敌方前排造成1.3倍攻击伤害,"""41044013""",
41045012,2,1500,0,1,1,1,,,对敌方前排造成1.5倍攻击伤害,"""41045013""",
43034012,2,1500,0,1,1,0,"hp,asc",1,对血量最少的敌人造成1.5倍攻击伤害，,"""43034013""",
43035012,2,1700,0,1,1,0,"hp,asc",1,对血量最少的敌人造成1.7倍攻击伤害,"""43035013""",
44024012,2,2200,0,1,1,0,rand,1,对敌方随机1个后排造成2.2倍攻击伤害,,
44025012,2,1800,0,1,1,0,rand,2,对敌方随机2个后排造成1.8倍攻击伤害,,
45034012,2,1200,0,1,1,0,rand,3,对敌方随机3个敌人造成1.2倍攻击伤害，,"""45034013""",
45035012,2,1400,0,1,1,0,rand,3,对敌方随机3个敌人造成1.4倍攻击伤害,"""45035013""",
52013012,2,800,0,1,1,0,rand,3,对随机3名敌人造成0.8倍攻击伤害,"""52013013""",
64013012,2,1600,0,1,1,0,"hp,asc",1,对血量最少的敌人造成1.6倍攻击伤害,"""64013013""",
52024012,2,1400,0,1,1,0,rand,3,对敌方随机3个敌人造成1.4倍攻击伤害,"""52024013""",
52025012,2,1600,0,1,1,0,rand,3,对敌方随机3个敌人造成1.6倍攻击伤害,"""52025013""",
52034012,2,700,0,1,1,0,,,对全体敌方造成0.7倍攻击伤害,"""52034013""",
52035012,2,900,0,1,1,0,,,对全体敌方造成0.9倍攻击伤害,"""52035013""",
61014012,2,1400,0,1,1,0,rand,3,对随机3个敌人造成1.4倍攻击伤害,"""61014013"",""61014023""",
61015012,2,1600,0,1,1,0,rand,3,对随机3个敌人造成1.6倍攻击伤害,"""61015013"",""61015023""",
63014012,2,800,0,1,1,2,rand,2,对敌方后排随机2名敌人造成0.8倍攻击伤害,"""63014013""",
63015012,2,700,0,1,1,2,rand,3,对敌方后排随机3名敌人造成0.7倍攻击伤害,"""63015013""",
43065012,2,600,0,1,1,0,,,怒气技能：对所有敌人造成60%攻击伤害，增加全体友军12%技能伤害3回合。,"""43065013""",
43066012,2,650,0,1,1,0,,,怒气技能：对所有敌人造成65%攻击伤害，增加全体友军18.5%技能伤害3回合。,"""43066013""",
4306a012,2,1000,0,1,1,0,,,怒气技能：对所有敌人造成100%攻击伤害，增加全体友军25%技能伤害3回合，并有20%概率附加一个115%攻击的回合印记，1回合后触发。,"""4306a013"",""4306a023""",
