技能id,技能类型,被动id,受控不触发,数据,检测条件,描述
101114,4,addafterskill,1,"{""runskill"":[""101113""]}",{},+5%对战士的伤害加成
101214,4,addafterskill,1,"{""runskill"":[""101213""]}",{},+6.5%对战士的伤害加成
101314,4,addafterskill,1,"{""runskill"":[""101313""]}",{},+8%对战士的伤害加成
101414,4,addafterskill,1,"{""runskill"":[""101413""]}",{},+10%对战士的伤害加成
102114,4,addafterskill,1,"{""runskill"":[""102113""]}",{},+5%对法师的伤害加成
102214,4,addafterskill,1,"{""runskill"":[""102213""]}",{},+6.5%对法师的伤害加成
102314,4,addafterskill,1,"{""runskill"":[""102313""]}",{},+8%对法师的伤害加成
102414,4,addafterskill,1,"{""runskill"":[""102413""]}",{},+10%对法师的伤害加成
103114,4,addafterskill,1,"{""runskill"":[""103113""]}",{},+5%对辅助的伤害加成
103214,4,addafterskill,1,"{""runskill"":[""103213""]}",{},+6.5%对辅助的伤害加成
103314,4,addafterskill,1,"{""runskill"":[""103313""]}",{},+8%对辅助的伤害加成
103414,4,addafterskill,1,"{""runskill"":[""103413""]}",{},+10%对辅助的伤害加成
104114,4,addafterskill,1,"{""runskill"":[""104113""]}",{},+5%对刺客的伤害加成
104214,4,addafterskill,1,"{""runskill"":[""104213""]}",{},+6.5%对刺客的伤害加成
104314,4,addafterskill,1,"{""runskill"":[""104313""]}",{},+8%对刺客的伤害加成
104414,4,addafterskill,1,"{""runskill"":[""104413""]}",{},+10%对刺客的伤害加成
105114,4,addafterskill,1,"{""runskill"":[""105113""]}",{},+5%对游侠的伤害加成
105214,4,addafterskill,1,"{""runskill"":[""105213""]}",{},+6.5%对游侠的伤害加成
105314,4,addafterskill,1,"{""runskill"":[""105313""]}",{},+8%对游侠的伤害加成
105414,4,addafterskill,1,"{""runskill"":[""105413""]}",{},+10%对游侠的伤害加成
201114,4,addafterskill,1,"{""runskill"":[""201113""]}",{},+8%对战士的伤害加成
201214,4,addafterskill,1,"{""runskill"":[""201213""]}",{},+10%对战士的伤害加成
201314,4,addafterskill,1,"{""runskill"":[""201313""]}",{},+12%对战士的伤害加成
201414,4,addafterskill,1,"{""runskill"":[""201413""]}",{},+15%对战士的伤害加成
202114,4,addafterskill,1,"{""runskill"":[""202113""]}",{},+8%对法师的伤害加成
202214,4,addafterskill,1,"{""runskill"":[""202213""]}",{},+10%对法师的伤害加成
202314,4,addafterskill,1,"{""runskill"":[""202313""]}",{},+12%对法师的伤害加成
202414,4,addafterskill,1,"{""runskill"":[""202413""]}",{},+15%对法师的伤害加成
203114,4,addafterskill,1,"{""runskill"":[""203113""]}",{},+8%对辅助的伤害加成
203214,4,addafterskill,1,"{""runskill"":[""203213""]}",{},+10%对辅助的伤害加成
203314,4,addafterskill,1,"{""runskill"":[""203313""]}",{},+12%对辅助的伤害加成
203414,4,addafterskill,1,"{""runskill"":[""203413""]}",{},+15%对辅助的伤害加成
204114,4,addafterskill,1,"{""runskill"":[""204113""]}",{},+8%对刺客的伤害加成
204214,4,addafterskill,1,"{""runskill"":[""204213""]}",{},+10%对刺客的伤害加成
204314,4,addafterskill,1,"{""runskill"":[""204313""]}",{},+12%对刺客的伤害加成
204414,4,addafterskill,1,"{""runskill"":[""204413""]}",{},+15%对刺客的伤害加成
205114,4,addafterskill,1,"{""runskill"":[""205113""]}",{},+8%对游侠的伤害加成
205214,4,addafterskill,1,"{""runskill"":[""205213""]}",{},+10%对游侠的伤害加成
205314,4,addafterskill,1,"{""runskill"":[""205313""]}",{},+12%对游侠的伤害加成
205414,4,addafterskill,1,"{""runskill"":[""205413""]}",{},+15%对游侠的伤害加成
301114,4,addafterskill,1,"{""runskill"":[""301113""]}",{},+12%对战士的伤害加成
301214,4,addafterskill,1,"{""runskill"":[""301213""]}",{},+14%对战士的伤害加成
301314,4,addafterskill,1,"{""runskill"":[""301313""]}",{},+16%对战士的伤害加成
301414,4,addafterskill,1,"{""runskill"":[""301413""]}",{},+18%对战士的伤害加成
301514,4,addafterskill,1,"{""runskill"":[""301513""]}",{},+20%对战士的伤害加成
302114,4,addafterskill,1,"{""runskill"":[""302113""]}",{},+12%对法师的伤害加成
302214,4,addafterskill,1,"{""runskill"":[""302213""]}",{},+14%对法师的伤害加成
302314,4,addafterskill,1,"{""runskill"":[""302313""]}",{},+16%对法师的伤害加成
302414,4,addafterskill,1,"{""runskill"":[""302413""]}",{},+18%对法师的伤害加成
302514,4,addafterskill,1,"{""runskill"":[""302513""]}",{},+20%对法师的伤害加成
303114,4,addafterskill,1,"{""runskill"":[""303113""]}",{},+12%对辅助的伤害加成
303214,4,addafterskill,1,"{""runskill"":[""303213""]}",{},+14%对辅助的伤害加成
303314,4,addafterskill,1,"{""runskill"":[""303313""]}",{},+16%对辅助的伤害加成
303414,4,addafterskill,1,"{""runskill"":[""303413""]}",{},+18%对辅助的伤害加成
303514,4,addafterskill,1,"{""runskill"":[""303513""]}",{},+20%对辅助的伤害加成
304114,4,addafterskill,1,"{""runskill"":[""304113""]}",{},+12%对刺客的伤害加成
304214,4,addafterskill,1,"{""runskill"":[""304213""]}",{},+14%对刺客的伤害加成
304314,4,addafterskill,1,"{""runskill"":[""304313""]}",{},+16%对刺客的伤害加成
304414,4,addafterskill,1,"{""runskill"":[""304413""]}",{},+18%对刺客的伤害加成
304514,4,addafterskill,1,"{""runskill"":[""304513""]}",{},+20%对刺客的伤害加成
305114,4,addafterskill,1,"{""runskill"":[""305113""]}",{},+12%对游侠的伤害加成
305214,4,addafterskill,1,"{""runskill"":[""305213""]}",{},+14%对游侠的伤害加成
305314,4,addafterskill,1,"{""runskill"":[""305313""]}",{},+16%对游侠的伤害加成
305414,4,addafterskill,1,"{""runskill"":[""305413""]}",{},+18%对游侠的伤害加成
305514,4,addafterskill,1,"{""runskill"":[""305513""]}",{},+20%对游侠的伤害加成
401114,4,addafterskill,1,"{""runskill"":[""401113""]}",{},+17%对战士的伤害加成
401214,4,addafterskill,1,"{""runskill"":[""401213""]}",{},+19%对战士的伤害加成
401314,4,addafterskill,1,"{""runskill"":[""401313""]}",{},+22%对战士的伤害加成
401414,4,addafterskill,1,"{""runskill"":[""401413""]}",{},+25%对战士的伤害加成
401514,4,addafterskill,1,"{""runskill"":[""401513""]}",{},+28%对战士的伤害加成
402114,4,addafterskill,1,"{""runskill"":[""402113""]}",{},+17%对法师的伤害加成
402214,4,addafterskill,1,"{""runskill"":[""402213""]}",{},+19%对法师的伤害加成
402314,4,addafterskill,1,"{""runskill"":[""402313""]}",{},+22%对法师的伤害加成
402414,4,addafterskill,1,"{""runskill"":[""402413""]}",{},+25%对法师的伤害加成
402514,4,addafterskill,1,"{""runskill"":[""402513""]}",{},+28%对法师的伤害加成
403114,4,addafterskill,1,"{""runskill"":[""403113""]}",{},+17%对辅助的伤害加成
403214,4,addafterskill,1,"{""runskill"":[""403213""]}",{},+19%对辅助的伤害加成
403314,4,addafterskill,1,"{""runskill"":[""403313""]}",{},+22%对辅助的伤害加成
403414,4,addafterskill,1,"{""runskill"":[""403413""]}",{},+25%对辅助的伤害加成
403514,4,addafterskill,1,"{""runskill"":[""403513""]}",{},+28%对辅助的伤害加成
404114,4,addafterskill,1,"{""runskill"":[""404113""]}",{},+17%对刺客的伤害加成
404214,4,addafterskill,1,"{""runskill"":[""404213""]}",{},+19%对刺客的伤害加成
404314,4,addafterskill,1,"{""runskill"":[""404313""]}",{},+22%对刺客的伤害加成
404414,4,addafterskill,1,"{""runskill"":[""404413""]}",{},+25%对刺客的伤害加成
404514,4,addafterskill,1,"{""runskill"":[""404513""]}",{},+28%对刺客的伤害加成
405114,4,addafterskill,1,"{""runskill"":[""405113""]}",{},+17%对游侠的伤害加成
405214,4,addafterskill,1,"{""runskill"":[""405213""]}",{},+19%对游侠的伤害加成
405314,4,addafterskill,1,"{""runskill"":[""405313""]}",{},+22%对游侠的伤害加成
405414,4,addafterskill,1,"{""runskill"":[""405413""]}",{},+25%对游侠的伤害加成
405514,4,addafterskill,1,"{""runskill"":[""405513""]}",{},+28%对游侠的伤害加成
501114,4,addafterskill,1,"{""runskill"":[""501113""]}",{},+23%对战士的伤害加成
501214,4,addafterskill,1,"{""runskill"":[""501213""]}",{},+26%对战士的伤害加成
501314,4,addafterskill,1,"{""runskill"":[""501313""]}",{},+30%对战士的伤害加成
501414,4,addafterskill,1,"{""runskill"":[""501413""]}",{},+34%对战士的伤害加成
501514,4,addafterskill,1,"{""runskill"":[""501513""]}",{},+38%对战士的伤害加成
501614,4,addafterskill,1,"{""runskill"":[""501613""]}",{},+42%对战士的伤害加成
502114,4,addafterskill,1,"{""runskill"":[""502113""]}",{},+23%对法师的伤害加成
502214,4,addafterskill,1,"{""runskill"":[""502213""]}",{},+26%对法师的伤害加成
502314,4,addafterskill,1,"{""runskill"":[""502313""]}",{},+30%对法师的伤害加成
502414,4,addafterskill,1,"{""runskill"":[""502413""]}",{},+34%对法师的伤害加成
502514,4,addafterskill,1,"{""runskill"":[""502513""]}",{},+38%对法师的伤害加成
502614,4,addafterskill,1,"{""runskill"":[""502613""]}",{},+42%对法师的伤害加成
503114,4,addafterskill,1,"{""runskill"":[""503113""]}",{},+23%对辅助的伤害加成
503214,4,addafterskill,1,"{""runskill"":[""503213""]}",{},+26%对辅助的伤害加成
503314,4,addafterskill,1,"{""runskill"":[""503313""]}",{},+30%对辅助的伤害加成
503414,4,addafterskill,1,"{""runskill"":[""503413""]}",{},+34%对辅助的伤害加成
503514,4,addafterskill,1,"{""runskill"":[""503513""]}",{},+38%对辅助的伤害加成
503614,4,addafterskill,1,"{""runskill"":[""503613""]}",{},+42%对辅助的伤害加成
504114,4,addafterskill,1,"{""runskill"":[""504113""]}",{},+23%对刺客的伤害加成
504214,4,addafterskill,1,"{""runskill"":[""504213""]}",{},+26%对刺客的伤害加成
504314,4,addafterskill,1,"{""runskill"":[""504313""]}",{},+30%对刺客的伤害加成
504414,4,addafterskill,1,"{""runskill"":[""504413""]}",{},+34%对刺客的伤害加成
504514,4,addafterskill,1,"{""runskill"":[""504513""]}",{},+38%对刺客的伤害加成
504614,4,addafterskill,1,"{""runskill"":[""504613""]}",{},+42%对刺客的伤害加成
505114,4,addafterskill,1,"{""runskill"":[""505113""]}",{},+23%对游侠的伤害加成
505214,4,addafterskill,1,"{""runskill"":[""505213""]}",{},+26%对游侠的伤害加成
505314,4,addafterskill,1,"{""runskill"":[""505313""]}",{},+30%对游侠的伤害加成
505414,4,addafterskill,1,"{""runskill"":[""505413""]}",{},+34%对游侠的伤害加成
505514,4,addafterskill,1,"{""runskill"":[""505513""]}",{},+38%对游侠的伤害加成
505614,4,addafterskill,1,"{""runskill"":[""505613""]}",{},+42%对游侠的伤害加成
511114,4,addafterskill,1,"{""runskill"":[""511113""]}",{},+23%对战士的伤害加成
511214,4,addafterskill,1,"{""runskill"":[""511213""]}",{},+26%对战士的伤害加成
511314,4,addafterskill,1,"{""runskill"":[""511313""]}",{},+30%对战士的伤害加成
511414,4,addafterskill,1,"{""runskill"":[""511413""]}",{},+34%对战士的伤害加成
511514,4,addafterskill,1,"{""runskill"":[""511513""]}",{},+38%对战士的伤害加成
511614,4,addafterskill,1,"{""runskill"":[""511613""]}",{},+42%对战士的伤害加成
512114,4,addafterskill,1,"{""runskill"":[""512113""]}",{},+23%对游侠的伤害加成
512214,4,addafterskill,1,"{""runskill"":[""512213""]}",{},+26%对游侠的伤害加成
512314,4,addafterskill,1,"{""runskill"":[""512313""]}",{},+30%对游侠的伤害加成
512414,4,addafterskill,1,"{""runskill"":[""512413""]}",{},+34%对游侠的伤害加成
512514,4,addafterskill,1,"{""runskill"":[""512513""]}",{},+38%对游侠的伤害加成
512614,4,addafterskill,1,"{""runskill"":[""512613""]}",{},+42%对游侠的伤害加成
513114,4,addafterskill,1,"{""runskill"":[""513113""]}",{},+23%对刺客的伤害加成
513214,4,addafterskill,1,"{""runskill"":[""513213""]}",{},+26%对刺客的伤害加成
513314,4,addafterskill,1,"{""runskill"":[""513313""]}",{},+30%对刺客的伤害加成
513414,4,addafterskill,1,"{""runskill"":[""513413""]}",{},+34%对刺客的伤害加成
513514,4,addafterskill,1,"{""runskill"":[""513513""]}",{},+38%对刺客的伤害加成
513614,4,addafterskill,1,"{""runskill"":[""513613""]}",{},+42%对刺客的伤害加成
514114,4,addafterskill,1,"{""runskill"":[""514113""]}",{},+23%对辅助的伤害加成
514214,4,addafterskill,1,"{""runskill"":[""514213""]}",{},+26%对辅助的伤害加成
514314,4,addafterskill,1,"{""runskill"":[""514313""]}",{},+30%对辅助的伤害加成
514414,4,addafterskill,1,"{""runskill"":[""514413""]}",{},+34%对辅助的伤害加成
514514,4,addafterskill,1,"{""runskill"":[""514513""]}",{},+38%对辅助的伤害加成
514614,4,addafterskill,1,"{""runskill"":[""514613""]}",{},+42%对辅助的伤害加成
515114,4,addafterskill,1,"{""runskill"":[""515113""]}",{},+23%对辅助的伤害加成
515214,4,addafterskill,1,"{""runskill"":[""515213""]}",{},+26%对辅助的伤害加成
515314,4,addafterskill,1,"{""runskill"":[""515313""]}",{},+30%对辅助的伤害加成
515414,4,addafterskill,1,"{""runskill"":[""515413""]}",{},+34%对辅助的伤害加成
515514,4,addafterskill,1,"{""runskill"":[""515513""]}",{},+38%对辅助的伤害加成
515614,4,addafterskill,1,"{""runskill"":[""515613""]}",{},+42%对辅助的伤害加成
516114,4,addafterskill,1,"{""runskill"":[""516113""]}",{},+23%对法师的伤害加成
516214,4,addafterskill,1,"{""runskill"":[""516213""]}",{},+26%对法师的伤害加成
516314,4,addafterskill,1,"{""runskill"":[""516313""]}",{},+30%对法师的伤害加成
516414,4,addafterskill,1,"{""runskill"":[""516413""]}",{},+34%对法师的伤害加成
516514,4,addafterskill,1,"{""runskill"":[""516513""]}",{},+38%对法师的伤害加成
516614,4,addafterskill,1,"{""runskill"":[""516613""]}",{},+42%对法师的伤害加成
517114,4,addafterskill,1,"{""runskill"":[""517113""]}",{},+23%对游侠的伤害加成
517214,4,addafterskill,1,"{""runskill"":[""517213""]}",{},+26%对游侠的伤害加成
517314,4,addafterskill,1,"{""runskill"":[""517313""]}",{},+30%对游侠的伤害加成
517414,4,addafterskill,1,"{""runskill"":[""517413""]}",{},+34%对游侠的伤害加成
517514,4,addafterskill,1,"{""runskill"":[""517513""]}",{},+38%对游侠的伤害加成
517614,4,addafterskill,1,"{""runskill"":[""517613""]}",{},+42%对游侠的伤害加成
518114,4,addafterskill,1,"{""runskill"":[""518113""]}",{},+23%对刺客的伤害加成
518214,4,addafterskill,1,"{""runskill"":[""518213""]}",{},+26%对刺客的伤害加成
518314,4,addafterskill,1,"{""runskill"":[""518313""]}",{},+30%对刺客的伤害加成
518414,4,addafterskill,1,"{""runskill"":[""518413""]}",{},+34%对刺客的伤害加成
518514,4,addafterskill,1,"{""runskill"":[""518513""]}",{},+38%对刺客的伤害加成
518614,4,addafterskill,1,"{""runskill"":[""518613""]}",{},+42%对刺客的伤害加成
519114,4,addafterskill,1,"{""runskill"":[""519113""]}",{},+23%对游侠的伤害加成
519214,4,addafterskill,1,"{""runskill"":[""519213""]}",{},+26%对游侠的伤害加成
519314,4,addafterskill,1,"{""runskill"":[""519313""]}",{},+30%对游侠的伤害加成
519414,4,addafterskill,1,"{""runskill"":[""519413""]}",{},+34%对游侠的伤害加成
519514,4,addafterskill,1,"{""runskill"":[""519513""]}",{},+38%对游侠的伤害加成
519614,4,addafterskill,1,"{""runskill"":[""519613""]}",{},+42%对游侠的伤害加成
520114,4,addafterskill,1,"{""runskill"":[""520113""]}",{},+23%对战士的伤害加成
520214,4,addafterskill,1,"{""runskill"":[""520213""]}",{},+26%对战士的伤害加成
520314,4,addafterskill,1,"{""runskill"":[""520313""]}",{},+30%对战士的伤害加成
520414,4,addafterskill,1,"{""runskill"":[""520413""]}",{},+34%对战士的伤害加成
520514,4,addafterskill,1,"{""runskill"":[""520513""]}",{},+38%对战士的伤害加成
520614,4,addafterskill,1,"{""runskill"":[""520613""]}",{},+42%对战士的伤害加成
521114,4,addafterskill,1,"{""runskill"":[""521113""]}",{},+23%对法师的伤害加成
521214,4,addafterskill,1,"{""runskill"":[""521213""]}",{},+26%对法师的伤害加成
521314,4,addafterskill,1,"{""runskill"":[""521313""]}",{},+30%对法师的伤害加成
521414,4,addafterskill,1,"{""runskill"":[""521413""]}",{},+34%对法师的伤害加成
521514,4,addafterskill,1,"{""runskill"":[""521513""]}",{},+38%对法师的伤害加成
521614,4,addafterskill,1,"{""runskill"":[""521613""]}",{},+42%对法师的伤害加成
601114,4,addafterskill,1,"{""runskill"":[""601113""]}",{},+40%对战士的伤害加成
601214,4,addafterskill,1,"{""runskill"":[""601213""]}",{},+50%对战士的伤害加成
601314,4,addafterskill,1,"{""runskill"":[""601313""]}",{},+60%对战士的伤害加成
601414,4,addafterskill,1,"{""runskill"":[""601413""]}",{},+70%对战士的伤害加成
601514,4,addafterskill,1,"{""runskill"":[""601513""]}",{},+80%对战士的伤害加成
601614,4,addafterskill,1,"{""runskill"":[""601613""]}",{},+90%对战士的伤害加成
602114,4,addafterskill,1,"{""runskill"":[""602113""]}",{},+40%对法师的伤害加成
602214,4,addafterskill,1,"{""runskill"":[""602213""]}",{},+50%对法师的伤害加成
602314,4,addafterskill,1,"{""runskill"":[""602313""]}",{},+60%对法师的伤害加成
602414,4,addafterskill,1,"{""runskill"":[""602413""]}",{},+70%对法师的伤害加成
602514,4,addafterskill,1,"{""runskill"":[""602513""]}",{},+80%对法师的伤害加成
602614,4,addafterskill,1,"{""runskill"":[""602613""]}",{},+90%对法师的伤害加成
603114,4,addafterskill,1,"{""runskill"":[""603113""]}",{},+40%对辅助的伤害加成
603214,4,addafterskill,1,"{""runskill"":[""603213""]}",{},+50%对辅助的伤害加成
603314,4,addafterskill,1,"{""runskill"":[""603313""]}",{},+60%对辅助的伤害加成
603414,4,addafterskill,1,"{""runskill"":[""603413""]}",{},+70%对辅助的伤害加成
603514,4,addafterskill,1,"{""runskill"":[""603513""]}",{},+80%对辅助的伤害加成
603614,4,addafterskill,1,"{""runskill"":[""603613""]}",{},+90%对辅助的伤害加成
604114,4,addafterskill,1,"{""runskill"":[""604113""]}",{},+40%对刺客的伤害加成
604214,4,addafterskill,1,"{""runskill"":[""604213""]}",{},+50%对刺客的伤害加成
604314,4,addafterskill,1,"{""runskill"":[""604313""]}",{},+60%对刺客的伤害加成
604414,4,addafterskill,1,"{""runskill"":[""604413""]}",{},+70%对刺客的伤害加成
604514,4,addafterskill,1,"{""runskill"":[""604513""]}",{},+80%对刺客的伤害加成
604614,4,addafterskill,1,"{""runskill"":[""604613""]}",{},+90%对刺客的伤害加成
605114,4,addafterskill,1,"{""runskill"":[""605113""]}",{},+40%对游侠的伤害加成
605214,4,addafterskill,1,"{""runskill"":[""605213""]}",{},+50%对游侠的伤害加成
605314,4,addafterskill,1,"{""runskill"":[""605313""]}",{},+60%对游侠的伤害加成
605414,4,addafterskill,1,"{""runskill"":[""605413""]}",{},+70%对游侠的伤害加成
605514,4,addafterskill,1,"{""runskill"":[""605513""]}",{},+80%对游侠的伤害加成
605614,4,addafterskill,1,"{""runskill"":[""605613""]}",{},+90%对游侠的伤害加成
607114,4,extbuff,1,"{""nuqi"":25}","{""when"":""roleinit""}",+25点怒气
607214,4,extbuff,1,"{""nuqi"":30}","{""when"":""roleinit""}",+30点怒气
607314,4,extbuff,1,"{""nuqi"":35}","{""when"":""roleinit""}",+35点怒气
607414,4,extbuff,1,"{""nuqi"":40}","{""when"":""roleinit""}",+40点怒气
607514,4,extbuff,1,"{""nuqi"":45}","{""when"":""roleinit""}",+45点怒气
607614,4,extbuff,1,"{""nuqi"":50}","{""when"":""roleinit""}",+50点怒气
612114,4,extbuff,1,"{""nuqi"":25}","{""when"":""roleinit""}",+25点怒气
612214,4,extbuff,1,"{""nuqi"":30}","{""when"":""roleinit""}",+30点怒气
612314,4,extbuff,1,"{""nuqi"":35}","{""when"":""roleinit""}",+35点怒气
612414,4,extbuff,1,"{""nuqi"":40}","{""when"":""roleinit""}",+40点怒气
612514,4,extbuff,1,"{""nuqi"":45}","{""when"":""roleinit""}",+45点怒气
612614,4,extbuff,1,"{""nuqi"":50}","{""when"":""roleinit""}",+50点怒气
615114,4,addafterskill,1,"{""runskill"":[""615113""]}",{},+40%对游侠的伤害加成
615214,4,addafterskill,1,"{""runskill"":[""615213""]}",{},+50%对游侠的伤害加成
615314,4,addafterskill,1,"{""runskill"":[""615313""]}",{},+60%对游侠的伤害加成
615414,4,addafterskill,1,"{""runskill"":[""615413""]}",{},+70%对游侠的伤害加成
615514,4,addafterskill,1,"{""runskill"":[""615513""]}",{},+80%对游侠的伤害加成
615614,4,addafterskill,1,"{""runskill"":[""615613""]}",{},+90%对游侠的伤害加成
616114,4,addafterskill,1,"{""runskill"":[""616113""]}",{},+40%对刺客的伤害加成
616214,4,addafterskill,1,"{""runskill"":[""616213""]}",{},+50%对刺客的伤害加成
616314,4,addafterskill,1,"{""runskill"":[""616313""]}",{},+60%对刺客的伤害加成
616414,4,addafterskill,1,"{""runskill"":[""616413""]}",{},+70%对刺客的伤害加成
616514,4,addafterskill,1,"{""runskill"":[""616513""]}",{},+80%对刺客的伤害加成
616614,4,addafterskill,1,"{""runskill"":[""616613""]}",{},+90%对刺客的伤害加成
617114,4,addafterskill,1,"{""runskill"":[""617113""]}",{},+40%对战士的伤害加成
617214,4,addafterskill,1,"{""runskill"":[""617213""]}",{},+50%对战士的伤害加成
617314,4,addafterskill,1,"{""runskill"":[""617313""]}",{},+60%对战士的伤害加成
617414,4,addafterskill,1,"{""runskill"":[""617413""]}",{},+70%对战士的伤害加成
617514,4,addafterskill,1,"{""runskill"":[""617513""]}",{},+80%对战士的伤害加成
617614,4,addafterskill,1,"{""runskill"":[""617613""]}",{},+90%对战士的伤害加成
618114,4,addafterskill,1,"{""runskill"":[""618113""]}",{},+40%对游侠的伤害加成
618214,4,addafterskill,1,"{""runskill"":[""618213""]}",{},+50%对游侠的伤害加成
618314,4,addafterskill,1,"{""runskill"":[""618313""]}",{},+60%对游侠的伤害加成
618414,4,addafterskill,1,"{""runskill"":[""618413""]}",{},+70%对游侠的伤害加成
618514,4,addafterskill,1,"{""runskill"":[""618513""]}",{},+80%对游侠的伤害加成
618614,4,addafterskill,1,"{""runskill"":[""618613""]}",{},+90%对游侠的伤害加成
619114,4,addafterskill,1,"{""runskill"":[""619113""]}",{},+40%对法师的伤害加成
619214,4,addafterskill,1,"{""runskill"":[""619213""]}",{},+50%对法师的伤害加成
619314,4,addafterskill,1,"{""runskill"":[""619313""]}",{},+60%对法师的伤害加成
619414,4,addafterskill,1,"{""runskill"":[""619413""]}",{},+70%对法师的伤害加成
619514,4,addafterskill,1,"{""runskill"":[""619513""]}",{},+80%对法师的伤害加成
619614,4,addafterskill,1,"{""runskill"":[""619613""]}",{},+90%对法师的伤害加成
620114,4,addafterskill,1,"{""runskill"":[""620113""]}",{},+40%对辅助的伤害加成
620214,4,addafterskill,1,"{""runskill"":[""620213""]}",{},+50%对辅助的伤害加成
620314,4,addafterskill,1,"{""runskill"":[""620313""]}",{},+60%对辅助的伤害加成
620414,4,addafterskill,1,"{""runskill"":[""620413""]}",{},+70%对辅助的伤害加成
620514,4,addafterskill,1,"{""runskill"":[""620513""]}",{},+80%对辅助的伤害加成
620614,4,addafterskill,1,"{""runskill"":[""620613""]}",{},+90%对辅助的伤害加成
621114,4,addafterskill,1,"{""runskill"":[""621113""]}",{},+40%对辅助的伤害加成
621214,4,addafterskill,1,"{""runskill"":[""621213""]}",{},+50%对辅助的伤害加成
621314,4,addafterskill,1,"{""runskill"":[""621313""]}",{},+60%对辅助的伤害加成
621414,4,addafterskill,1,"{""runskill"":[""621413""]}",{},+70%对辅助的伤害加成
621514,4,addafterskill,1,"{""runskill"":[""621513""]}",{},+80%对辅助的伤害加成
621614,4,addafterskill,1,"{""runskill"":[""621613""]}",{},+90%对辅助的伤害加成
622114,4,addafterskill,1,"{""runskill"":[""622113""]}",{},+40%对游侠的伤害加成
622214,4,addafterskill,1,"{""runskill"":[""622213""]}",{},+50%对游侠的伤害加成
622314,4,addafterskill,1,"{""runskill"":[""622313""]}",{},+60%对游侠的伤害加成
622414,4,addafterskill,1,"{""runskill"":[""622413""]}",{},+70%对游侠的伤害加成
622514,4,addafterskill,1,"{""runskill"":[""622513""]}",{},+80%对游侠的伤害加成
622614,4,addafterskill,1,"{""runskill"":[""622613""]}",{},+90%对游侠的伤害加成
623114,4,addafterskill,1,"{""runskill"":[""623113""]}",{},+40%对刺客的伤害加成
623214,4,addafterskill,1,"{""runskill"":[""623213""]}",{},+50%对刺客的伤害加成
623314,4,addafterskill,1,"{""runskill"":[""623313""]}",{},+60%对刺客的伤害加成
623414,4,addafterskill,1,"{""runskill"":[""623413""]}",{},+70%对刺客的伤害加成
623514,4,addafterskill,1,"{""runskill"":[""623513""]}",{},+80%对刺客的伤害加成
623614,4,addafterskill,1,"{""runskill"":[""623613""]}",{},+90%对刺客的伤害加成
624114,4,addafterskill,1,"{""runskill"":[""624113""]}",{},+40%对法师的伤害加成
624214,4,addafterskill,1,"{""runskill"":[""624213""]}",{},+50%对法师的伤害加成
624314,4,addafterskill,1,"{""runskill"":[""624313""]}",{},+60%对法师的伤害加成
624414,4,addafterskill,1,"{""runskill"":[""624413""]}",{},+70%对法师的伤害加成
624514,4,addafterskill,1,"{""runskill"":[""624513""]}",{},+80%对法师的伤害加成
624614,4,addafterskill,1,"{""runskill"":[""624613""]}",{},+90%对法师的伤害加成
628114,4,extbuff,1,"{""nuqi"":25}","{""when"":""roleinit""}",+25点怒气
628214,4,extbuff,1,"{""nuqi"":30}","{""when"":""roleinit""}",+30点怒气
628314,4,extbuff,1,"{""nuqi"":35}","{""when"":""roleinit""}",+35点怒气
628414,4,extbuff,1,"{""nuqi"":40}","{""when"":""roleinit""}",+40点怒气
628514,4,extbuff,1,"{""nuqi"":45}","{""when"":""roleinit""}",+45点怒气
628614,4,extbuff,1,"{""nuqi"":50}","{""when"":""roleinit""}",+50点怒气
11054114,4,runskill,0,"{""runskill"":[""11054113""]}","{""when"":""doatk"",""atktype"":""normalskill"",""side"":""-2""}",被动技能：每次普攻增加自己8.4%破甲。
11055114,4,runskill,0,"{""runskill"":[""11055113""]}","{""when"":""doatk"",""atktype"":""normalskill"",""side"":""-2""}",被动技能：每次普攻增加自己14%破甲。
11064114,4,runskill,0,"{""runskill"":[""11064113""]}","{""when"":""byatk"",""side"":""-2""}",被动技能：受到攻击增加自己8%破甲，持续2回合。
11065114,4,runskill,0,"{""runskill"":[""11065113""]}","{""when"":""byatk"",""side"":""-2""}",被动技能：受到攻击增加自己8%破甲，持续2回合。
11075214,4,runskill,0,"{""runskill"":[""11075213""]}","{""when"":""gedang"",""side"":""1""}",被动技能：敌方英雄发出格挡，使自己恢复45%攻击等量生命。
11075314,4,runskill,0,"{""runskill"":[""11075313""]}","{""when"":""doatk"",""atktype"":""normalskill"",""side"":""-2""}",被动技能：每次普攻恢复自己24%攻击等量生命。
11076214,4,runskill,0,"{""runskill"":[""11076213""]}","{""when"":""gedang"",""side"":""1""}",被动技能：敌方英雄发出格挡，使自己恢复60%攻击等量生命。
11076314,4,runskill,0,"{""runskill"":[""11076313""]}","{""when"":""doatk"",""atktype"":""normalskill"",""side"":""-2""}",被动技能：每次普攻恢复自己36%攻击等量生命。
11085214,4,runskill,0,"{""runskill"":[""11085213""]}","{""when"":""doatk"",""atktype"":""normalskill"",""side"":""-2""}",被动技能：每次普攻增加自己8.4%破甲。
11085224,4,runskill,0,"{""runskill"":[""11085223""]}","{""when"":""doatk"",""atktype"":""normalskill"",""side"":""-2""}",被动技能：每次普攻增加自己8%暴击。
11086214,4,runskill,0,"{""runskill"":[""11086213""]}","{""when"":""doatk"",""atktype"":""normalskill"",""side"":""-2""}",被动技能：每次普攻增加自己11.2%破甲。
11086224,4,runskill,0,"{""runskill"":[""11086223""]}","{""when"":""doatk"",""atktype"":""normalskill"",""side"":""-2""}",被动技能：每次普攻增加自己11%暴击。
11086314,4,runskill,0,"{""runskill"":[""11086313""]}","{""when"":""hpchange"",""hpproless"":500}",被动技能：自身生命低于50%，提升自己攻击60%，持续3回合。（只触发一次）
12013114,4,runskill,0,"{""runskill"":[""12013113""]}","{""when"":""doatk"",""atktype"":""normalskill"",""side"":""-2""}",被动技能：普攻有20%几率使目标冰冻，持续1回合。
12024114,4,runskill,0,"{""runskill"":[""12024113""]}","{""when"":""doatk"",""atktype"":""normalskill"",""side"":""-2""}",被动技能：普攻有100%几率使目标燃烧，每回合造成10%攻击伤害，直至敌方英雄死亡。
12024214,4,runskill,0,"{""runskill"":[""12024213""]}","{""when"":""byatk"",""side"":""-2""}",被动技能：受到攻击时100%几率使目标燃烧，每回合造成10%攻击伤害，直至敌方英雄死亡。
12025114,4,runskill,0,"{""runskill"":[""12025113""]}","{""when"":""doatk"",""atktype"":""normalskill"",""side"":""-2""}",被动技能：普攻有100%几率使目标燃烧，每回合造成17.5%攻击伤害，直至敌方英雄死亡。
12025214,4,runskill,0,"{""runskill"":[""12025213""]}","{""when"":""byatk"",""side"":""-2""}",被动技能：受到攻击时100%几率使目标燃烧，每回合造成14%攻击伤害，直至敌方英雄死亡。
12026114,4,runskill,0,"{""runskill"":[""12026113""]}","{""when"":""doatk"",""atktype"":""normalskill"",""side"":""-2""}",被动技能：普攻有100%几率使目标燃烧，每回合造成20%攻击伤害，直至敌方英雄死亡。
12026214,4,runskill,0,"{""runskill"":[""12026213""]}","{""when"":""byatk"",""side"":""-2""}",被动技能：受到攻击时100%几率使目标燃烧，每回合造成16%攻击伤害，直至敌方英雄死亡。
12026314,4,runskill,0,"{""runskill"":[""12026313""]}","{""when"":""realdead"",""side"":""-2""}",被动技能：英雄死亡可使所有敌人燃烧，每回合造成27%攻击伤害，直至敌方英雄死亡。
12035114,4,runskill,0,"{""runskill"":[""12035113""]}","{""when"":""realdead"",""side"":""0""}",被动技能：我方英雄死亡，增加自己16%破甲
12035124,4,runskill,0,"{""runskill"":[""12035123""]}","{""when"":""realdead"",""side"":""0""}",被动技能：我方英雄死亡，增加自己10%攻击
12035124,4,runskill,0,"{""runskill"":[""12036123""]}","{""when"":""realdead"",""side"":""0""}",被动技能：我方英雄死亡，增加自己10%攻击
12036114,4,runskill,0,"{""runskill"":[""12036113""]}","{""when"":""realdead"",""side"":""0""}",被动技能：我方英雄死亡，增加自己20%破甲
12036124,4,runskill,0,"{""runskill"":[""12036123""]}","{""when"":""realdead"",""side"":""0""}",被动技能：我方英雄死亡，增加自己20%攻击
12036314,4,runskill,0,"{""runskill"":[""12036313""]}","{""when"":""realdead"",""side"":""-2""}",被动技能：英雄死亡可使敌方全体受到75%攻击伤害。
13034214,4,runskill,0,"{""runskill"":[""13034213""]}","{""when"":""hpchange"",""hpproless"":300}",被动技能：自身生命低于30%，提升自己攻击50%，持续3回合。（只能触发一次）
13035214,4,runskill,0,"{""runskill"":[""13035213""]}","{""when"":""hpchange"",""hpproless"":300}",被动技能：自身生命低于30%，提升自己攻击65%，持续3回合。（只能触发一次）
13036214,4,runskill,0,"{""runskill"":[""13036213""]}","{""when"":""hpchange"",""hpproless"":300}",被动技能：自身生命低于30%，提升自己攻击85%，持续3回合。（只能触发一次）
13036314,4,runskill,0,"{""runskill"":[""13036313""]}","{""when"":""doatk"",""atktype"":""normalskill"",""side"":""-2""}",被动技能：普攻有100%几率使随机1名友军恢复90%攻击等量生命。
13045114,4,changeskill,1,"{""runskill"":[""13045112""]}",{},被动技能：普通攻击变为攻击前排敌人，效果为85%，并减少目标10%格挡3回合。
13045314,4,runskill,0,"{""runskill"":[""13045313""]}","{""when"":""hpchange"",""hpproless"":500}",被动技能：自身生命低于50%，提升自己攻击60%，持续3回合。（只触发一次）
13046114,4,changeskill,1,"{""runskill"":[""13046112""]}",{},被动技能：普通攻击变为攻击前排敌人，效果为95%，并减少目标15%格挡3回合。
13046314,4,runskill,0,"{""runskill"":[""13046313""]}","{""when"":""hpchange"",""hpproless"":500}",被动技能：自身生命低于50%，提升自己攻击80%，持续3回合。（只触发一次）
14013114,4,runskill,0,"{""runskill"":[""14013113""]}","{""when"":""doatk"",""atktype"":""normalskill"",""side"":""-2""}",被动技能：普攻有25%几率使目标冰冻，持续1回合。
14024214,4,runskill,0,"{""runskill"":[""14024213""]}","{""when"":""realdead"",""side"":""1""}",被动技能：敌方死亡提升自己暴击15%.
14025214,4,runskill,0,"{""runskill"":[""14025213""]}","{""when"":""realdead"",""side"":""1""}",被动技能：敌方死亡提升自己暴击20%.
14026214,4,runskill,0,"{""runskill"":[""14026213""]}","{""when"":""realdead"",""side"":""1""}",被动技能：敌方死亡提升自己暴击25%.
14026314,4,runskill,0,"{""runskill"":[""14026313""]}","{""when"":""doatk"",""atktype"":""normalskill"",""side"":""-2""}",被动技能：每次普攻增加自己21%暴击伤害
14035214,4,changeskill,1,"{""runskill"":[""14035212""]}",{},被动技能：普通攻击变成攻击敌方生命最少的英雄，效果为105%，并减少目标10%护甲
14036214,4,changeskill,1,"{""runskill"":[""14036212""]}",{},被动技能：普通攻击变成攻击敌方生命最少的英雄，效果为110%，并减少目标15%护甲
14036314,4,runskill,0,"{""runskill"":[""14036313""]}","{""when"":""hpchange"",""hpproless"":800}",被动技能：自身生命低于80%，提升自己破甲30%（只触发一次）
14036324,4,runskill,0,"{""runskill"":[""14036323""]}","{""when"":""hpchange"",""hpproless"":800}",被动技能：自身生命低于80%，持续回复自己300%攻击等量生命5回合（只触发一次）
14045114,4,addafterskill,1,"{""runskill"":[""14045113""]}",{},被动技能：对中毒目标伤害增加10%
14046114,4,addafterskill,1,"{""runskill"":[""14046113""]}",{},被动技能：对中毒目标伤害增加15%
1404a114,4,addafterskill,1,"{""runskill"":[""1404a113""]}",{},被动技能：对中毒目标伤害增加20%
14045214,4,runskill,0,"{""runskill"":[""14045213""]}","{""when"":""doatk"",""atktype"":""normalskill"",""side"":""-2""}",被动技能：普攻有100%概率使目标中毒，每回合持续赵成40%攻击伤害，持续6回合。
14046214,4,runskill,0,"{""runskill"":[""14046213""]}","{""when"":""doatk"",""atktype"":""normalskill"",""side"":""-2""}",被动技能：普攻有100%概率使目标中毒，每回合持续赵成50%攻击伤害，持续6回合。
1404a214,4,runskill,0,"{""runskill"":[""1404a213""]}","{""when"":""doatk"",""atktype"":""normalskill"",""side"":""-2""}",被动技能：普攻有100%概率使目标中毒，每回合持续赵成60%攻击伤害，持续6回合。
14045314,4,runskill,0,"{""runskill"":[""14045313""]}","{""when"":""hpchange"",""hpproless"":600}",被动技能：当生命低于50%时，使随机2名后排敌人中毒，每回合造成100%攻击伤害，持续4回合。（只触发一次）
14046314,4,runskill,0,"{""runskill"":[""14046313""]}","{""when"":""hpchange"",""hpproless"":600}",被动技能：当生命低于50%时，使随机2名后排敌人中毒，每回合造成150%攻击伤害，持续4回合。（只触发一次）
1404a314,4,runskill,0,"{""runskill"":[""1404a313""]}","{""when"":""hpchange"",""hpproless"":600}",被动技能：当生命低于50%时，使随机2名后排敌人中毒，每回合造成200%攻击伤害，持续4回合。（只触发一次）
15014114,4,extbuff,1,"{""atkpro"":150}","{""when"":""roleinit"",""pos"":0}",被动技能：英雄上阵位置处于后排增加自身15%攻击。
41013124,4,extbuff,1,"{""hppro"":125}","{""when"":""roleinit"",""pos"":1}",被动技能：英雄上阵位置处于前排增加12.5%生命。
15015114,4,extbuff,1,"{""atkpro"":250}","{""when"":""roleinit"",""pos"":0}",被动技能：英雄上阵位置处于后排增加自身25%攻击。
15014124,4,extbuff,1,"{""hppro"":150}","{""when"":""roleinit"",""pos"":1}",被动技能：英雄上阵位置处于前排增加15%生命。
15024214,4,addafterskill,1,"{""runskill"":[""15024213""]}",{},被动技能：对战士伤害增加25%.
15025214,4,addafterskill,1,"{""runskill"":[""15025213""]}",{},被动技能：对战士伤害增加35%.
15035114,4,runskill,0,"{""runskill"":[""15035113""]}","{""when"":""doatk"",""atktype"":""normalskill"",""side"":""-2""}",被动技能：普攻有40%几率使目标眩晕，持续1回合。
15035214,4,addafterskill,1,"{""runskill"":[""15035213""]}",{},被动技能：对眩晕的目标，增加56%的额外伤害
15036114,4,runskill,0,"{""runskill"":[""15036113""]}","{""when"":""doatk"",""atktype"":""normalskill"",""side"":""-2""}",被动技能：普攻有50%几率使目标眩晕，持续1回合。
15036214,4,addafterskill,1,"{""runskill"":[""15036213""]}",{},被动技能：对眩晕的目标，增加75%的额外伤害
21034214,4,runskill,0,"{""runskill"":[""21034213""]}","{""when"":""doatk"",""atktype"":""normalskill"",""side"":""-2""}",被动技能：普攻有20%几率使目标禁魔，持续2回合
21035214,4,runskill,0,"{""runskill"":[""21035213""]}","{""when"":""doatk"",""atktype"":""normalskill"",""side"":""-2""}",被动技能：普攻有30%几率使目标禁魔，持续2回合。
21036214,4,runskill,0,"{""runskill"":[""21036213""]}","{""when"":""doatk"",""atktype"":""normalskill"",""side"":""-2""}",被动技能：普攻有45%几率使目标禁魔，持续2回合。
21036314,4,runskill,0,"{""runskill"":[""21036313""]}","{""when"":""hpchange"",""hpproless"":500}",被动技能：自身生命低于50%，提高自己伤减率24%，持续4回合。（只触发一次）
21045214,4,fanji,1,"{""randnum"":1000,""pro"":1000}","{""when"":""bybaoji""}",被动技能：受到暴击有100%几率发动一次反击，造成100%的攻击伤害。
21046214,4,fanji,1,"{""randnum"":1000,""pro"":1200}","{""when"":""bybaoji""}",被动技能：受到暴击有100%几率发动一次反击，造成120%的攻击伤害。
21046314,4,runskill,0,"{""runskill"":[""21046313""]}","{""when"":""hpchange"",""hpproless"":500}",被动技能：自身生命低于50%，提升友军护甲60%，持续3回合（只触发一次）
22034214,4,runskill,0,"{""runskill"":[""22034213""]}","{""when"":""doatk"",""atktype"":""normalskill"",""side"":""-2""}",被动技能：普攻有15%几率使目标冰冻，持续1回合。
22035214,4,runskill,0,"{""runskill"":[""22035213""]}","{""when"":""doatk"",""atktype"":""normalskill"",""side"":""-2""}",被动技能：普攻有25%几率使目标冰冻，持续1回合。
22036214,4,runskill,0,"{""runskill"":[""22036213""]}","{""when"":""doatk"",""atktype"":""normalskill"",""side"":""-2""}",被动技能：普攻有25%几率使目标冰冻，持续1回合。
22036314,4,runskill,0,"{""runskill"":[""22036313""]}","{""when"":""realdead"",""side"":""-2""}",被动技能：英雄死亡有10%几率使所有敌人冰冻，持续2回合。
22045214,4,runskill,0,"{""runskill"":[""22045213""]}","{""when"":""realdead"",""side"":""-2""}",被动技能：英雄死亡后，20%的机率使敌方后排目标眩晕，持续2回合。
22046214,4,runskill,0,"{""runskill"":[""22046213""]}","{""when"":""realdead"",""side"":""-2""}",被动技能：英雄死亡后，28%的机率使敌方后排目标眩晕，持续2回合。
22046314,4,runskill,0,"{""runskill"":[""22046313""]}","{""when"":""doatk"",""atktype"":""normalskill"",""side"":""-2""}",被动技能：普攻有27%几率使目标眩晕，持续2回合。
22055114,4,runskill,0,"{""runskill"":[""22055113""]}","{""when"":""doatk"",""atktype"":""normalskill"",""side"":""-2""}",被动技能：普攻时降低目标5%攻击，持续3回合
22055314,4,runskill,0,"{""runskill"":[""22055313""]}","{""when"":""doatk"",""atktype"":""normalskill"",""side"":""-2""}",被动技能：普攻有30%几率降低目标10%暴击，持续2回合。
22055324,4,runskill,0,"{""runskill"":[""22055323""]}","{""when"":""doatk"",""atktype"":""normalskill"",""side"":""-2""}",被动技能：普攻提升自己20%攻击，持续2回合。
22056114,4,runskill,0,"{""runskill"":[""22056113""]}","{""when"":""doatk"",""atktype"":""normalskill"",""side"":""-2""}",被动技能：普攻时降低目标8%攻击，持续3回合
22056314,4,runskill,0,"{""runskill"":[""22056313""]}","{""when"":""doatk"",""atktype"":""normalskill"",""side"":""-2""}",被动技能：普攻有80%几率降低目标10%暴击，持续3回合。
22056324,4,runskill,0,"{""runskill"":[""22056323""]}","{""when"":""doatk"",""atktype"":""normalskill"",""side"":""-2""}",被动技能：普攻时提升自己20%攻击，持续3回合。
23023214,4,runskill,0,"{""runskill"":[""23023213""]}","{""when"":""doatk"",""atktype"":""normalskill"",""side"":""-2""}",被动技能：普攻时降低目标5%攻击，持续3回合
23035114,4,runskill,0,"{""runskill"":[""23035113""]}","{""when"":""doatk"",""atktype"":""normalskill"",""side"":""-2""}",被动技能：普攻有100%几率对目标造成30%额外伤害。
23035124,4,runskill,0,"{""runskill"":[""23035123""]}","{""when"":""doatk"",""atktype"":""normalskill"",""side"":""-2""}",被动技能：普攻有100%持续恢复随机1名友军25%攻击等量生命，持续3回合。
23035314,4,runskill,1,"{""runskill"":[""23035313""]}","{""when"":""hpchange"",""hpproless"":500}",被动技能：当自身生命低于30%时，回复己方全体60%攻击等量生命。（只触发一次）
23036114,4,runskill,0,"{""runskill"":[""23036113""]}","{""when"":""doatk"",""atktype"":""normalskill"",""side"":""-2""}",被动技能：普攻有100%几率对目标造成40%额外伤害。
23036124,4,runskill,0,"{""runskill"":[""23036123""]}","{""when"":""doatk"",""atktype"":""normalskill"",""side"":""-2""}",被动技能：普攻有100%几率持续恢复随机1名友军35%攻击等量生命，持续3回合。
23036314,4,runskill,1,"{""runskill"":[""23036313""]}","{""when"":""hpchange"",""hpproless"":500}",被动技能：当自身生命低于30%时，回复己方全体95%攻击等量生命。（只触发一次）
24013114,4,runskill,0,"{""runskill"":[""24013113""]}","{""when"":""hpchange"",""hpproless"":300}",被动技能：自身生命低于30%，提升自己破甲64%，持续3回合。（只触发一次）
24025214,4,runskill,0,"{""runskill"":[""24025213""]}","{""when"":""doatk"",""atktype"":""normalskill"",""side"":""-2""}",被动技能：普攻有50%几率使目标流血，每回合造成40%攻击伤害，持续2回合。
24026214,4,runskill,0,"{""runskill"":[""24026213""]}","{""when"":""doatk"",""atktype"":""normalskill"",""side"":""-2""}",被动技能：普攻有50%几率使目标流血，每回合造成60%攻击伤害，持续2回合。
24026314,4,runskill,0,"{""runskill"":[""24026313""]}","{""when"":""gedang"",""side"":""-2""}",被动技能：格挡成功，提升自己攻击12%，持续3回合。
24035114,4,runskill,0,"{""runskill"":[""24035113""]}","{""when"":""doatk"",""atktype"":""normalskill"",""side"":""-2""}",被动技能：普攻有50%几率使目标流血，每回合造成50%攻击伤害，持续2回合。
24036114,4,runskill,0,"{""runskill"":[""24036113""]}","{""when"":""doatk"",""atktype"":""normalskill"",""side"":""-2""}",被动技能：普攻有70%几率使目标流血，每回合造成60%攻击伤害，持续2回合。
24036314,4,changeskill,1,"{""runskill"":[""24036312""]}",{},被动技能：普通攻击变成攻击敌方生命最少的英雄，并偷取目标10%攻击3回合
25044114,4,runskill,0,"{""runskill"":[""25044113""]}","{""when"":""doatk"",""atktype"":""normalskill"",""side"":""-2""}",被动技能：普攻时降低目标5%攻击，持续3回合
25045114,4,runskill,0,"{""runskill"":[""25045113""]}","{""when"":""doatk"",""atktype"":""normalskill"",""side"":""-2""}",被动技能：普攻时降低目标9%攻击，持续3回合
25054114,4,extbuff,1,"{""gedangpro"":150}","{""when"":""roleinit"",""pos"":0}",被动技能：英雄上阵位置处于后排增加自身15%格挡。
25054124,4,extbuff,1,"{""hppro"":150}","{""when"":""roleinit"",""pos"":1}",被动技能：英雄上阵位置处于前排增加15%生命。
25055114,4,extbuff,1,"{""gedangpro"":200}","{""when"":""roleinit"",""pos"":0}",被动技能：英雄上阵位置处于后排增加自身20%格挡。
25055124,4,extbuff,1,"{""hppro"":200}","{""when"":""roleinit"",""pos"":1}",被动技能：英雄上阵位置处于处于前排增加20%生命。
25065214,4,runskill,0,"{""runskill"":[""25065213""]}","{""when"":""byatk"",""side"":""-2""}",被动技能：受到攻击时降低攻击者4%攻击，持续3回合。
25065224,4,runskill,0,"{""runskill"":[""25065223""]}","{""when"":""byatk"",""side"":""-2""}",被动技能：受到攻击时增加自己4%攻击，持续3回合。
25065314,4,addafterskill,1,"{""runskill"":[""25065313""]}",{},被动技能：对冰冻的目标，增加37.5%的额外伤害
25066214,4,runskill,0,"{""runskill"":[""25066213""]}","{""when"":""byatk"",""side"":""-2""}",被动技能：受到攻击时降低攻击者7%攻击，持续3回合。
25066224,4,runskill,0,"{""runskill"":[""25066223""]}","{""when"":""byatk"",""side"":""-2""}",被动技能：受到攻击时增加自己7%攻击，持续3回合。
25066314,4,addafterskill,1,"{""runskill"":[""25066313""]}",{},被动技能：对冰冻的目标，增加60%的额外伤害
25075214,4,runskill,0,"{""runskill"":[""25075213""]}","{""when"":""gedang"",""side"":""-2""}",被动技能：每次格挡回复自身120%攻击等量生命
25075314,4,changeskill,1,"{""runskill"":[""25075312""]}",{},被动技能：普通攻击变为攻击随机1名敌人，同时减少目标10%精准2回合
25076214,4,runskill,0,"{""runskill"":[""25076213""]}","{""when"":""gedang"",""side"":""-2""}",被动技能：每次格挡回复自身160%攻击等量生命
25076314,4,changeskill,1,"{""runskill"":[""25076312""]}",{},被动技能：普通攻击变为攻击前排敌人，效果为85%，同时减少目标15%精准2回合
31033114,4,fanji,1,"{""randnum"":300,""pro"":670}","{""when"":""byatk""}",被动技能：受到攻击时30%几率发动一次反击，造成67%的攻击伤害。
31054214,4,runskill,0,"{""runskill"":[""31054213""]}","{""when"":""doatk"",""atktype"":""normalskill"",""side"":""-2""}",被动技能：普攻有100%几率降低目标技能伤害率15%，持续3回合。
31054224,4,runskill,0,"{""runskill"":[""31054223""]}","{""when"":""doatk"",""atktype"":""normalskill"",""side"":""-2""}",被动技能：普攻有100%几率提升自己技能伤害率15%，持续3回合。
31055214,4,runskill,0,"{""runskill"":[""31055213""]}","{""when"":""doatk"",""atktype"":""normalskill"",""side"":""-2""}",被动技能：普攻有100%几率降低目标技能伤害率25%，持续3回合。
31055224,4,runskill,0,"{""runskill"":[""31055223""]}","{""when"":""doatk"",""atktype"":""normalskill"",""side"":""-2""}",被动技能：普攻有100%几率提升自己技能伤害率15%，持续3回合。
31064214,4,runskill,0,"{""runskill"":[""31064213""]}","{""when"":""byatk"",""side"":""-2""}",被动技能：受到攻击提高自己21.9%技能伤害率，持续2回合。
31065214,4,runskill,0,"{""runskill"":[""31065213""]}","{""when"":""byatk"",""side"":""-2""}",被动技能：受到攻击提高自己35%技能伤害率，持续2回合。
31075114,4,runskill,0,"{""runskill"":[""31075113""]}","{""when"":""byatk"",""side"":""-2""}",被动技能：受到攻击降低攻击者9%暴击，持续3回合。
31075314,4,runskill,0,"{""runskill"":[""31075313""]}","{""when"":""hpchange"",""hpproless"":300}",被动技能：自身生命低于30%，提升自己护甲60%，持续3回合。（只触发一次）
31076114,4,runskill,0,"{""runskill"":[""31076113""]}","{""when"":""byatk"",""side"":""-2""}",被动技能：受到攻击降低攻击者15%暴击，持续3回合。
31076314,4,runskill,0,"{""runskill"":[""31076313""]}","{""when"":""hpchange"",""hpproless"":300}",被动技能：自身生命低于30%，提升自己护甲100%，持续3回合。（只触发一次）
31085214,4,fanji,1,"{""randnum"":1000,""pro"":1500}","{""when"":""bybaoji""}",被动技能：受到暴击有100%几率发动一次反击，造成150%的攻击伤害。
31086214,4,fanji,1,"{""randnum"":1000,""pro"":2400}","{""when"":""bybaoji""}",被动技能：受到暴击有100%几率发动一次反击，造成240%的攻击伤害。
31086314,4,runskill,0,"{""runskill"":[""31086313""]}","{""when"":""hpchange"",""hpproless"":750}",被动技能：自身生命低于50%，提升自己减伤35%，持续3回合。（只触发一次）
32034114,4,runskill,0,"{""runskill"":[""32034113""]}","{""when"":""doatk"",""atktype"":""normalskill"",""side"":""-2""}",被动技能：每次普攻增加自己10%攻击。
32035114,4,runskill,0,"{""runskill"":[""32035113""]}","{""when"":""doatk"",""atktype"":""normalskill"",""side"":""-2""}",被动技能：每次普攻增加自己10%攻击。
32035214,4,addafterskill,1,"{""runskill"":[""32035213""]}",{},被动技能：对燃烧的目标，增加25%的额外伤害
32036214,4,addafterskill,1,"{""runskill"":[""32036213""]}",{},被动技能：对燃烧的目标，增加35%的额外伤害
32036314,4,runskill,0,"{""runskill"":[""32036313""]}","{""when"":""realdead"",""side"":""-2""}",被动效果：英雄死亡释放逐日之力，使得全体地方每回合受到68%伤害，持续3回合
32044114,4,runskill,0,"{""runskill"":[""32044113""]}","{""when"":""doatk"",""atktype"":""normalskill"",""side"":""-2""}",被动技能：普攻时使目标降低14%攻击。
32044124,4,runskill,0,"{""runskill"":[""32044123""]}","{""when"":""doatk"",""atktype"":""normalskill"",""side"":""-2""}",被动技能：普攻时使自己增加14%攻击。
32045114,4,runskill,0,"{""runskill"":[""32045113""]}","{""when"":""doatk"",""atktype"":""normalskill"",""side"":""-2""}",被动技能：普攻时使目标降低18%攻击。
32045124,4,runskill,0,"{""runskill"":[""32045123""]}","{""when"":""doatk"",""atktype"":""normalskill"",""side"":""-2""}",被动技能：普攻时使自己增加18%攻击。
32045214,4,addafterskill,1,"{""runskill"":[""32045213""]}",{},被动技能：对刺客增加20%的额外伤害。
32046114,4,runskill,0,"{""runskill"":[""32046113""]}","{""when"":""doatk"",""atktype"":""normalskill"",""side"":""-2""}",被动技能：普攻时使目标降低18%攻击。
32046124,4,runskill,0,"{""runskill"":[""32046123""]}","{""when"":""doatk"",""atktype"":""normalskill"",""side"":""-2""}",被动技能：普攻时使自己增加18%攻击。
32046214,4,addafterskill,1,"{""runskill"":[""32046213""]}",{},被动技能：对刺客增加30%的额外伤害。
32046314,4,runskill,0,"{""runskill"":[""32046313""]}","{""when"":""hpchange"",""hpproless"":500}",被动技能：自身生命低于50%，提升自己暴击10%，持续3回合。（只触发一次）
32055114,4,runskill,0,"{""runskill"":[""32055113""]}","{""when"":""doatk"",""atktype"":""normalskill"",""side"":""-2""}",被动技能：普攻有70%几率使目标中毒，每回合造成65%攻击伤害，持续2回合。
32055214,4,runskill,0,"{""runskill"":[""32055213""]}","{""when"":""realdead"",""side"":""-2""}",被动技能：英雄死亡可使敌方全体中毒，每回合造成55%攻击伤害，持续3回合。
32056114,4,runskill,0,"{""runskill"":[""32056113""]}","{""when"":""doatk"",""atktype"":""normalskill"",""side"":""-2""}",被动技能：普攻有80%几率使目标中毒，每回合造成70%攻击伤害，持续2回合。
32056214,4,runskill,0,"{""runskill"":[""32056213""]}","{""when"":""realdead"",""side"":""-2""}",被动技能：英雄死亡可使敌方全体中毒，每回合造成63%攻击伤害，持续3回合。
32056314,4,runskill,0,"{""runskill"":[""32056313""]}","{""when"":""byatk"",""side"":""-2""}",被动技能：受到攻击时60%几率使目标中毒，每回合造成54%攻击伤害，持续3回合。
33024114,4,runskill,0,"{""runskill"":[""33024113""]}","{""when"":""doatk"",""atktype"":""normalskill"",""side"":""-2""}",被动技能：普攻有50%几率使血量最少的友军恢复50%攻击等量生命。
33024214,4,runskill,0,"{""runskill"":[""33024213""]}","{""when"":""byatk"",""side"":""-2""}",被动技能：受到攻击时100%几率使自己恢复35%攻击等量生命。
33025114,4,runskill,0,"{""runskill"":[""33025113""]}","{""when"":""doatk"",""atktype"":""normalskill"",""side"":""-2""}",被动技能：普攻有50%几率使血量最少的友军恢复90%攻击等量生命。
33025214,4,runskill,0,"{""runskill"":[""33025213""]}","{""when"":""byatk"",""side"":""-2""}",被动技能：受到攻击时100%几率使自己恢复45%攻击等量生命。
33026114,4,runskill,0,"{""runskill"":[""33026113""]}","{""when"":""doatk"",""atktype"":""normalskill"",""side"":""-2""}",被动技能：普攻有50%几率使血量最少的友军恢复110%攻击等量生命。
33026214,4,runskill,0,"{""runskill"":[""33026213""]}","{""when"":""byatk"",""side"":""-2""}",被动技能：受到攻击时100%几率使自己恢复50%攻击等量生命。
34025214,4,runskill,0,"{""runskill"":[""34025213""]}","{""when"":""realdead"",""side"":""1""}",被动技能：敌方英雄死亡，增加自己15%攻击。
34026214,4,runskill,0,"{""runskill"":[""34026213""]}","{""when"":""realdead"",""side"":""1""}",被动技能：敌方英雄死亡，增加自己20%攻击。
34026314,4,changeskill,1,"{""runskill"":[""34026312""]}",{},被动技能：普通攻击变成攻击敌方生命最少的英雄，效果为110%.
35023214,4,runskill,0,"{""runskill"":[""35023213""]}","{""when"":""byatk"",""side"":""-2""}",被动技能：受到攻击时30%几率使目标燃烧，每回合造成20%攻击伤害，持续2回合。
35035114,4,runskill,0,"{""runskill"":[""35035113""]}","{""when"":""doatk"",""atktype"":""normalskill"",""side"":""-2""}",被动技能：每次普攻增加自己10%暴击，持续3回合
35035124,4,runskill,0,"{""runskill"":[""35035123""]}","{""when"":""doatk"",""atktype"":""normalskill"",""side"":""-2""}",被动技能：每次普攻降低目标10%暴击，持续3回合
35035134,4,runskill,0,"{""runskill"":[""35035133""]}","{""when"":""doatk"",""atktype"":""normalskill"",""side"":""-2""}",被动技能：每次普攻有30%几率增加自己15%暴击伤害，持续2回合
35035314,4,fanji,1,"{""randnum"":350,""pro"":710}","{""when"":""byatk""}",被动技能：受到攻击时35%几率发动一次反击，造成71%的攻击伤害。
35036114,4,runskill,0,"{""runskill"":[""35036113""]}","{""when"":""doatk"",""atktype"":""normalskill"",""side"":""-2""}",被动技能：每次普攻增加自己15%暴击，持续4回合
35036124,4,runskill,0,"{""runskill"":[""35036123""]}","{""when"":""doatk"",""atktype"":""normalskill"",""side"":""-2""}",被动技能：每次普攻降低目标15%暴击，持续4回合
35036134,4,runskill,0,"{""runskill"":[""35036133""]}","{""when"":""doatk"",""atktype"":""normalskill"",""side"":""-2""}",被动技能：每次普攻有40%几率增加自己22%暴击伤害，持续2回合
35036314,4,fanji,1,"{""randnum"":1000,""pro"":800}","{""when"":""byatk""}",被动技能：受到攻击时100%几率发动一次反击造成80%的攻击伤害。
35045214,4,runskill,0,"{""runskill"":[""35045213""]}","{""when"":""doatk"",""atktype"":""normalskill"",""side"":""-2""}",被动技能：普攻有35%几率使目标燃烧，每回合造成80%攻击伤害，持续2回合。
35046214,4,runskill,0,"{""runskill"":[""35046213""]}","{""when"":""doatk"",""atktype"":""normalskill"",""side"":""-2""}",被动技能：普攻有55%几率使目标燃烧，每回造成90%攻击伤害，持续2回合。
35046314,4,runskill,0,"{""runskill"":[""35046313""]}","{""when"":""byatk"",""side"":""-2""}",被动技能：受到攻击时80%几率使目标燃烧，每回合造成80%攻击伤害，持续1回合。
41013114,4,extbuff,1,"{""baojipro"":250}","{""when"":""roleinit"",""pos"":0}",被动技能：英雄上阵位置处于后排增加自身25%暴击。
15015124,4,extbuff,1,"{""hppro"":250}","{""when"":""roleinit"",""pos"":1}",被动技能：英雄上阵位置处于前排增加25%生命。
41023114,4,runskill,0,"{""runskill"":[""41023113""]}","{""when"":""doatk"",""atktype"":""normalskill"",""side"":""-2""}",被动技能：普攻有50%几率使目标流血，每回合造成24%攻击伤害，持续2回合。
41034114,4,runskill,0,"{""runskill"":[""41034113""]}","{""when"":""doatk"",""atktype"":""normalskill"",""side"":""-2""}",被动技能：每次普攻增加自己10%暴击。
41035114,4,runskill,0,"{""runskill"":[""41035113""]}","{""when"":""doatk"",""atktype"":""normalskill"",""side"":""-2""}",被动技能：每次普攻增加自己10%暴击。
41044114,4,extbuff,1,"{""baojipro"":300,""hpdrop"":100}","{""when"":""roleinit"",""pos"":0}",被动技能：英雄上阵位置处于后排增加自身30%暴击，但会减少10%生命。
41045114,4,extbuff,1,"{""baojipro"":400,""hpdrop"":150}","{""when"":""roleinit"",""pos"":0}",被动技能：英雄上阵位置处于后排增加自身40%暴击，但会减少15%生命。
41055214,4,runskill,0,"{""runskill"":[""41055213""]}","{""when"":""baoji"",""side"":""0""}",被动技能：我方英雄暴击，使自己恢复35%攻击等量生命。
41055314,4,runskill,0,"{""runskill"":[""41055313""]}","{""when"":""byatk"",""side"":""-2""}",被动技能：受到攻击降低目标10%破甲，持续6回合
41055324,4,runskill,0,"{""runskill"":[""41055323""]}","{""when"":""byatk"",""side"":""-2""}",被动技能：受到攻击使目标燃烧，每回合造成24%攻击伤害，持续6回合
41056214,4,runskill,0,"{""runskill"":[""41056213""]}","{""when"":""baoji"",""side"":""0""}",被动技能：我方英雄暴击，使自己恢复45%攻击等量生命。
41056314,4,runskill,0,"{""runskill"":[""41056313""]}","{""when"":""byatk"",""side"":""-2""}",被动技能：受到攻击降低目标13%破甲，持续6回合
41056324,4,runskill,0,"{""runskill"":[""41056323""]}","{""when"":""byatk"",""side"":""-2""}",被动技能：受到攻击使目标燃烧，每回合造成36%攻击伤害，持续6回合
41065114,4,runskill,0,"{""runskill"":[""41065113""]}","{""when"":""byatk"",""side"":""-2""}",被动技能：受到攻击时降低目标8%攻击，持续2回合
41065124,4,runskill,0,"{""runskill"":[""41065123""]}","{""when"":""byatk"",""side"":""-2""}",被动技能：受到攻击时降低目标10%暴击，持续2回合
41065314,4,fanji,1,"{""randnum"":600,""pro"":1000}","{""when"":""byatk""}",被动技能：受到攻击时60%几率发动一次反击，造成100%的攻击伤害。
41066114,4,runskill,0,"{""runskill"":[""41066113""]}","{""when"":""byatk"",""side"":""-2""}",被动技能：受到攻击时降低目标11%攻击，持续2回合
41066124,4,runskill,0,"{""runskill"":[""41066123""]}","{""when"":""byatk"",""side"":""-2""}",被动技能：受到攻击时降低目标15%暴击，持续2回合
41066314,4,fanji,1,"{""randnum"":700,""pro"":1500}","{""when"":""byatk""}",被动技能：受到攻击时70%几率发动一次反击，造成150%的攻击伤害。
42015114,4,changeskill,1,"{""runskill"":[""42015112""]}",{},被动技能：普攻攻击变为对随机2名敌人造成80%攻击伤害，并有10%概率眩晕目标2回合。
42016114,4,changeskill,1,"{""runskill"":[""42016112""]}",{},被动技能：普攻攻击变为对随机2名敌人造成95%攻击伤害，并有12%概率眩晕目标2回合。
42016314,4,runskill,0,"{""runskill"":[""42016313""]}","{""when"":""realdead"",""side"":""1""}",被动技能：敌方英雄死亡，恢复己方血量最低的单位20%生命上限的血量
43045214,4,runskill,0,"{""runskill"":[""43045213""]}","{""when"":""doatk"",""atktype"":""normalskill"",""side"":""-2""}",被动技能：每次普攻增加自己22%技能伤害。
43046214,4,runskill,0,"{""runskill"":[""43046213""]}","{""when"":""doatk"",""atktype"":""normalskill"",""side"":""-2""}",被动技能：每次普攻增加自己24%技能伤害。
43046314,4,runskill,0,"{""runskill"":[""43046313""]}","{""when"":""hpchange"",""hpproless"":500}",被动技能：当生命低于50%时，给敌方全体附加暴击印记，印记暴击后触发造成56%攻击伤害。（只触发一次）
43054114,4,runskill,0,"{""runskill"":[""43054113""]}","{""when"":""doatk"",""atktype"":""normalskill"",""side"":""-2""}",被动技能：普攻有100%几率使随机1名前排友军恢复35%攻击等量生命。
43054214,4,runskill,0,"{""runskill"":[""43054213""]}","{""when"":""realdead"",""side"":""-2""}",被动技能：英雄死亡可使己方全体恢复70%攻击等量生命
43054224,4,runskill,0,"{""runskill"":[""43054223""]}","{""when"":""realdead"",""side"":""-2""}",被动技能：英雄死亡可使己方全体增加5%暴击3回合
43055114,4,runskill,0,"{""runskill"":[""43055113""]}","{""when"":""doatk"",""atktype"":""normalskill"",""side"":""-2""}",被动技能：普攻有100%几率使前排友军恢复55%攻击等量生命。
43055214,4,runskill,0,"{""runskill"":[""43055213""]}","{""when"":""realdead"",""side"":""-2""}",被动技能：英雄死亡可使己方全体恢复95%攻击等量生命
43055224,4,runskill,0,"{""runskill"":[""43055223""]}","{""when"":""realdead"",""side"":""-2""}",被动技能：英雄死亡可使己方全体增加8%暴击3回合
43056114,4,runskill,0,"{""runskill"":[""43056113""]}","{""when"":""doatk"",""atktype"":""normalskill"",""side"":""-2""}",被动技能：普攻有100%几率使前排友军恢复75%攻击等量生命。
43056214,4,runskill,0,"{""runskill"":[""43056213""]}","{""when"":""realdead"",""side"":""-2""}",被动技能：英雄死亡可使己方全体恢复120%攻击等量生命
43056224,4,runskill,0,"{""runskill"":[""43056223""]}","{""when"":""realdead"",""side"":""-2""}",被动技能：英雄死亡可使己方全体增加11%暴击3回合
44024114,4,runskill,0,"{""runskill"":[""44024113""]}","{""when"":""doatk"",""atktype"":""normalskill"",""side"":""-2""}",被动技能：普攻有50%几率使目标中毒，每回合造成24%攻击伤害，持续2回合。
44025114,4,runskill,0,"{""runskill"":[""44025113""]}","{""when"":""doatk"",""atktype"":""normalskill"",""side"":""-2""}",被动技能：普攻有50%几率使目标中毒，每回合造成54%攻击伤害，持续2回合。
44034114,4,runskill,0,"{""runskill"":[""44034113""]}","{""when"":""doatk"",""atktype"":""normalskill"",""side"":""-2""}",被动技能：普攻有100%几率减少目标20点怒气
44034124,4,runskill,0,"{""runskill"":[""44034123""]}","{""when"":""doatk"",""atktype"":""normalskill"",""side"":""-2""}",被动技能：普攻有100%几率增加自己20点怒气
44034134,4,runskill,0,"{""runskill"":[""44034133""]}","{""when"":""doatk"",""atktype"":""normalskill"",""side"":""-2""}",被动技能：普攻有100%几率增加自己技能伤害20%
44034214,4,changeskill,1,"{""runskill"":[""44034212""]}",{},被动技能：普通攻击变为攻击随机1名后排敌人。
44035114,4,runskill,0,"{""runskill"":[""44035113""]}","{""when"":""doatk"",""atktype"":""normalskill"",""side"":""-2""}",被动技能：普攻有100%几率减少目标30点怒气
44035124,4,runskill,0,"{""runskill"":[""44035123""]}","{""when"":""doatk"",""atktype"":""normalskill"",""side"":""-2""}",被动技能：普攻有100%几率增加自己30点怒气
44035134,4,runskill,0,"{""runskill"":[""44035133""]}","{""when"":""doatk"",""atktype"":""normalskill"",""side"":""-2""}",被动技能：普攻有100%几率增加自己技能伤害25%
44035214,4,changeskill,1,"{""runskill"":[""44035212""]}",{},被动技能：普通攻击变为攻击随机1名后排敌人。
44036114,4,runskill,0,"{""runskill"":[""44036113""]}","{""when"":""doatk"",""atktype"":""normalskill"",""side"":""-2""}",被动技能：普攻有100%几率减少目标40点怒气
44036124,4,runskill,0,"{""runskill"":[""44036123""]}","{""when"":""doatk"",""atktype"":""normalskill"",""side"":""-2""}",被动技能：普攻有100%几率增加自己40点怒气
44036134,4,runskill,0,"{""runskill"":[""44036133""]}","{""when"":""doatk"",""atktype"":""normalskill"",""side"":""-2""}",被动技能：普攻有100%几率增加自己技能伤害30%
44036214,4,changeskill,1,"{""runskill"":[""44036212""]}",{},被动技能：普通攻击变为攻击随机1名后排敌人，伤害为110%.
44045214,4,changeskill,1,"{""runskill"":[""44045212""]}",{},被动技能：普通攻击会选择敌方生命最少的英雄作为目标，并降低目标10%攻击3回合
44046214,4,changeskill,1,"{""runskill"":[""44046212""]}",{},被动技能：普通攻击变成攻击敌方生命最少的英雄，效果为105%，并降低目标15%攻击3回合
44046314,4,runskill,0,"{""runskill"":[""44046313""]}","{""when"":""doatk"",""atktype"":""normalskill"",""side"":""-2""}",被动技能：普攻有50%几率使目标中毒，每回合造成80%攻击伤害，持续2回合。
45013214,4,runskill,0,"{""runskill"":[""45013213""]}","{""when"":""baoji"",""side"":""-2""}",被动技能：暴击有100%几率使目标中毒，每回合造成18%攻击伤害，持续2回合。
45045214,4,runskill,0,"{""runskill"":[""45045213""]}","{""when"":""realdead"",""side"":""1""}",被动技能：敌方英雄死亡，增加自己10%暴击伤害。
45045224,4,runskill,0,"{""runskill"":[""45045223""]}","{""when"":""realdead"",""side"":""1""}",被动技能：敌方英雄死亡，增加自己10%攻击。
45045314,4,runskill,0,"{""runskill"":[""45045313""]}","{""when"":""doatk"",""atktype"":""normalskill"",""side"":""-2""}",被动技能：普攻有45%几率对目标额外造成80%伤害
45045324,4,runskill,0,"{""runskill"":[""45045323""]}","{""when"":""doatk"",""atktype"":""normalskill"",""side"":""-2""}",被动技能：普攻有10%几率沉默目标2回合
45046214,4,runskill,0,"{""runskill"":[""45046213""]}","{""when"":""realdead"",""side"":""1""}",被动技能：敌方英雄死亡，增加自己15%暴击伤害。
45046224,4,runskill,0,"{""runskill"":[""45046223""]}","{""when"":""realdead"",""side"":""1""}",被动技能：敌方英雄死亡，增加自己12%攻击。
45046314,4,runskill,0,"{""runskill"":[""45046313""]}","{""when"":""doatk"",""atktype"":""normalskill"",""side"":""-2""}",被动技能：普攻有60%几率对目标额外造成140%伤害
45046324,4,runskill,0,"{""runskill"":[""45046323""]}","{""when"":""doatk"",""atktype"":""normalskill"",""side"":""-2""}",被动技能：普攻有15%几率沉默目标2回合
45055214,4,runskill,0,"{""runskill"":[""45055213""]}","{""when"":""baoji"",""side"":""-2""}",被动技能：暴击有100%几率使目标中毒，每回合造成48%攻击伤害，持续2回合。
45055314,4,addafterskill,1,"{""runskill"":[""45055313""]}",{},被动技能：对中毒的目标，增加35%的额外伤害
45056214,4,runskill,0,"{""runskill"":[""45056213""]}","{""when"":""baoji"",""side"":""-2""}",被动技能：暴击有100%几率使目标中毒，每回造成66%攻击伤害，持续2回合。
45056314,4,addafterskill,1,"{""runskill"":[""45056313""]}",{},被动技能：对中毒的目标，增加50%的额外伤害
51015114,4,runskill,0,"{""runskill"":[""51015113""]}","{""when"":""doatk"",""atktype"":""normalskill"",""side"":""-2""}",被动技能：普攻有100%几率给目标附加回合印记，回合印记1回合后触发造成95%攻击伤害。
51015124,4,runskill,0,"{""runskill"":[""51015123""]}","{""when"":""doatk"",""atktype"":""normalskill"",""side"":""-2""}",被动技能：普攻有20%几率使目标石化1回合。
51015214,4,runskill,0,"{""runskill"":[""51015213""]}","{""when"":""byatk"",""side"":""-2""}",被动技能：受到攻击时，给攻击者附加回合印记，回合印记1回合后触发造成80%攻击伤害
51015224,4,runskill,0,"{""runskill"":[""51015223""]}","{""when"":""byatk"",""side"":""-2""}",被动技能：受到攻击时，有30%几率恢复自身5%的血量
51015314,4,fuhuo,0,"{""pro"":450}","{""when"":""dead""}",被动技能：死亡后必定复活，并恢复自身60%的血量。
51016114,4,runskill,0,"{""runskill"":[""51016113""]}","{""when"":""doatk"",""atktype"":""normalskill"",""side"":""-2""}",被动技能：普攻有100%几率给目标附加回合印记，回合印记1回合后触发造成120%攻击伤害。
51016124,4,runskill,0,"{""runskill"":[""51016123""]}","{""when"":""doatk"",""atktype"":""normalskill"",""side"":""-2""}",被动技能：普攻有30%几率使目标石化1回合。
51016214,4,runskill,0,"{""runskill"":[""51016213""]}","{""when"":""byatk"",""side"":""-2""}",被动技能：受到攻击时，给攻击者附加回合印记，回合印记1回合后触发造成150%攻击伤害
51016224,4,runskill,0,"{""runskill"":[""51016223""]}","{""when"":""byatk"",""side"":""-2""}",被动技能：受到攻击时，有30%几率恢复自身7%的血量
51016314,4,fuhuo,0,"{""pro"":650}","{""when"":""dead""}",被动技能：死亡后必定复活，并恢复自身90%的血量。
52013224,4,runskill,0,"{""runskill"":[""52013223""]}","{""when"":""doatk"",""atktype"":""normalskill"",""side"":""-2""}",被动技能：普攻提升自己护甲20%，持续3回合。
52045114,4,runskill,0,"{""runskill"":[""52045113""]}","{""when"":""doatk"",""atktype"":""normalskill"",""side"":""-2""}",被动技能：普攻有35%几率使目标石化，持续1回合。
52045314,4,runskill,0,"{""runskill"":[""52045313""]}","{""when"":""byatk"",""side"":""-2""}",被动技能：受到攻击时50%几率提升自身30%攻击力2回合
52045324,4,runskill,0,"{""runskill"":[""52045323""]}","{""when"":""byatk"",""side"":""-2""}",被动技能：受到攻击时25%几率降低攻击者15点怒气
52046114,4,runskill,0,"{""runskill"":[""52046113""]}","{""when"":""doatk"",""atktype"":""normalskill"",""side"":""-2""}",被动技能：普攻有45%几率使目标石化，持续1回合。
52046314,4,runskill,0,"{""runskill"":[""52046313""]}","{""when"":""byatk"",""side"":""-2""}",被动技能：受到攻击时50%几率提升自身45%攻击力2回合
52046324,4,runskill,0,"{""runskill"":[""52046323""]}","{""when"":""byatk"",""side"":""-2""}",被动技能：受到攻击时25%几率降低攻击者20点怒气
53014114,4,runskill,0,"{""runskill"":[""53014113""]}","{""when"":""byatk"",""side"":""-2""}",被动技能：受到攻击增加自己15点怒气。
53014214,4,runskill,0,"{""runskill"":[""53014213""]}","{""when"":""doatk"",""atktype"":""normalskill"",""side"":""-2""}",被动技能：每次普攻增加自己15点怒气。
53015114,4,runskill,0,"{""runskill"":[""53015113""]}","{""when"":""byatk"",""side"":""-2""}",被动技能：受到攻击增加自己25点怒气。
53015214,4,runskill,0,"{""runskill"":[""53015213""]}","{""when"":""doatk"",""atktype"":""normalskill"",""side"":""-2""}",被动技能：每次普攻增加自己25点怒气。
53016114,4,runskill,0,"{""runskill"":[""53016113""]}","{""when"":""byatk"",""side"":""-2""}",被动技能：受到攻击增加自己30点怒气。
53016124,4,runskill,0,"{""runskill"":[""53016123""]}","{""when"":""byatk"",""side"":""-2""}",被动技能：受到攻击增加自己6%技能伤害，持续3回合。
53016214,4,runskill,0,"{""runskill"":[""53016213""]}","{""when"":""doatk"",""atktype"":""normalskill"",""side"":""-2""}",被动技能：每次普攻增加自己30点怒气。
53016224,4,runskill,0,"{""runskill"":[""53016223""]}","{""when"":""doatk"",""atktype"":""normalskill"",""side"":""-2""}",被动技能：每次普攻增加自己7%技能伤害，持续3回合。
61025214,4,runskill,0,"{""runskill"":[""61025213""]}","{""when"":""doatk"",""atktype"":""normalskill"",""side"":""-2""}",被动技能：普攻有100%几率给目标附加暴击印记，暴击印记暴击后触发造成45%攻击伤害。
61025224,4,runskill,0,"{""runskill"":[""61025223""]}","{""when"":""doatk"",""atktype"":""normalskill"",""side"":""-2""}",被动技能：普攻有100%几率提升自己8%暴击3回合。
61025314,4,runskill,0,"{""runskill"":[""61025313""]}","{""when"":""byatk"",""side"":""-2""}",被动技能：受到攻击时100%几率给目标附加暴击印记，暴击印记暴击后触发造成45%攻击伤害。
61025324,4,runskill,0,"{""runskill"":[""61025323""]}","{""when"":""byatk"",""side"":""-2""}",被动技能：受到攻击时100%几率提升自己10%暴击伤害3回合
61026214,4,runskill,0,"{""runskill"":[""61026213""]}","{""when"":""doatk"",""atktype"":""normalskill"",""side"":""-2""}",被动技能：普攻有100%几率给目标附加暴击印记，暴击印记暴击后触发造成53%攻击伤害。
61026224,4,runskill,0,"{""runskill"":[""61026223""]}","{""when"":""doatk"",""atktype"":""normalskill"",""side"":""-2""}",被动技能：普攻有100%几率提升自己10%暴击3回合。
61026314,4,runskill,0,"{""runskill"":[""61026313""]}","{""when"":""byatk"",""side"":""-2""}",被动技能：受到攻击时100%几率给目标附加暴击印记，暴击印记暴击后触发造成60%攻击伤害。
61026324,4,runskill,0,"{""runskill"":[""61026323""]}","{""when"":""byatk"",""side"":""-2""}",被动技能：受到攻击时100%几率提升自己15%暴击伤害3回合
62014114,4,runskill,0,"{""runskill"":[""62014113""]}","{""when"":""byatk"",""side"":""-2""}",被动技能：受到攻击增加自己15%技能伤害，持续3回合。
62014214,4,runskill,0,"{""runskill"":[""62014213""]}","{""when"":""doatk"",""atktype"":""normalskill"",""side"":""-2""}",被动技能：每次普攻增加自己20%技能伤害，持续3回合。
62015114,4,runskill,0,"{""runskill"":[""62015113""]}","{""when"":""byatk"",""side"":""-2""}",被动技能：受到攻击增加自己25%技能伤害，持续3回合。
62015214,4,runskill,0,"{""runskill"":[""62015213""]}","{""when"":""doatk"",""atktype"":""normalskill"",""side"":""-2""}",被动技能：每次普攻增加自己30%技能伤害，持续3回合。
62016114,4,runskill,0,"{""runskill"":[""62016113""]}","{""when"":""byatk"",""side"":""-2""}",被动技能：受到攻击增加自己30%技能伤害，持续3回合。
62016124,4,runskill,0,"{""runskill"":[""62016123""]}","{""when"":""byatk"",""side"":""-2""}",被动技能：受到攻击增加自己5%伤增率，持续3回合。
62016214,4,runskill,0,"{""runskill"":[""62016213""]}","{""when"":""doatk"",""atktype"":""normalskill"",""side"":""-2""}",被动技能：每次普攻增加自己35%技能伤害，持续3回合。
62016224,4,runskill,0,"{""runskill"":[""62016223""]}","{""when"":""doatk"",""atktype"":""normalskill"",""side"":""-2""}",被动技能：每次普攻增加自己6%伤增率，持续3回合。
63014214,4,runskill,0,"{""runskill"":[""63014213""]}","{""when"":""doatk"",""atktype"":""normalskill"",""side"":""-2""}",被动技能：每次普攻增加自己8.4%伤增率。
63015214,4,runskill,0,"{""runskill"":[""63015213""]}","{""when"":""doatk"",""atktype"":""normalskill"",""side"":""-2""}",被动技能：每次普攻增加自己10.5%伤增率。
63025114,4,runskill,0,"{""runskill"":[""63025113""]}","{""when"":""doatk"",""atktype"":""normalskill"",""side"":""-2""}",被动技能：每次普攻恢复自己45%攻击等量生命
63025124,4,runskill,0,"{""runskill"":[""63025123""]}","{""when"":""doatk"",""atktype"":""normalskill"",""side"":""-2""}",被动技能：每次普攻增加自己伤增率10%持续4回合
63025314,4,runskill,0,"{""runskill"":[""63025313""]}","{""when"":""byatk"",""side"":""-2""}",被动技能：受到攻击恢复自己20%攻击等量生命
63025324,4,runskill,0,"{""runskill"":[""63025323""]}","{""when"":""byatk"",""side"":""-2""}",被动技能：受到攻击增加自己伤增率10%持续3回合
63026114,4,runskill,0,"{""runskill"":[""63026113""]}","{""when"":""doatk"",""atktype"":""normalskill"",""side"":""-2""}",被动技能：每次普攻恢复自己80%攻击等量生命
63026124,4,runskill,0,"{""runskill"":[""63026123""]}","{""when"":""doatk"",""atktype"":""normalskill"",""side"":""-2""}",被动技能：每次普攻增加自己伤增率15%持续4回合
63026314,4,runskill,0,"{""runskill"":[""63026313""]}","{""when"":""byatk"",""side"":""-2""}",被动技能：受到攻击恢复自己30%攻击等量生命
63026324,4,runskill,0,"{""runskill"":[""63026323""]}","{""when"":""byatk"",""side"":""-2""}",被动技能：受到攻击增加自己伤增率15%持续3回合
1107a214,4,runskill,0,"{""runskill"":[""1107a213""]}","{""when"":""gedang"",""side"":""1""}",被动技能：敌方英雄触发格挡，使自己恢复75%攻击等量生命。
1107a314,4,runskill,0,"{""runskill"":[""1107a313""]}","{""when"":""doatk"",""atktype"":""normalskill"",""side"":""-2""}",被动技能：每次普攻恢复自己112%攻击等量生命
1108a214,4,runskill,0,"{""runskill"":[""1108a213""]}","{""when"":""doatk"",""atktype"":""normalskill"",""side"":""-2""}",被动技能：每次普攻增加自己16.8%破甲。
1108a224,4,runskill,0,"{""runskill"":[""1108a223""]}","{""when"":""doatk"",""atktype"":""normalskill"",""side"":""-2""}",被动技能：每次普攻增加自己14%暴击。
1108a314,4,runskill,0,"{""runskill"":[""1108a313""]}","{""when"":""hpchange"",""hpproless"":500}",被动技能：自身生命低于50%，提升自己攻击100%，持续3回合。（只触发一次）
1202a114,4,runskill,0,"{""runskill"":[""1202a113""]}","{""when"":""doatk"",""atktype"":""normalskill"",""side"":""-2""}",被动技能：普攻有100%几率使目标燃烧，每回合造成25%攻击伤害，直至敌方英雄死亡。
1202a214,4,runskill,0,"{""runskill"":[""1202a213""]}","{""when"":""byatk"",""side"":""-2""}",被动技能：受到攻击时100%几率使目标燃烧，每回合造成20%攻击伤害，直至敌方英雄死亡。
1202a314,4,runskill,0,"{""runskill"":[""1202a313""]}","{""when"":""realdead"",""side"":""-2""}",被动技能：英雄死亡可使所有敌人燃烧，每回合造成35%攻击伤害，直至敌方英雄死亡。
1203a114,4,runskill,0,"{""runskill"":[""1203a113""]}","{""when"":""realdead"",""side"":""0""}",被动技能：我方英雄死亡，增加自己28%破甲。
1203a124,4,runskill,0,"{""runskill"":[""1203a123""]}","{""when"":""realdead"",""side"":""0""}",被动技能：我方英雄死亡，增加自己30%攻击。
1203a314,4,runskill,0,"{""runskill"":[""1203a313""]}","{""when"":""realdead"",""side"":""-2""}",被动技能：英雄死亡可使敌方全体受到140%攻击伤害。
1303a214,4,runskill,0,"{""runskill"":[""1303a213""]}","{""when"":""hpchange"",""hpproless"":300}",被动技能：自身生命低于30%，提升自己攻击120%，持续3回合。（只能触发一次）
1303a314,4,runskill,0,"{""runskill"":[""1303a313""]}","{""when"":""doatk"",""atktype"":""normalskill"",""side"":""-2""}",被动技能：普攻有100%几率使随机1名友军恢复140%攻击等量生命。
1304a114,4,changeskill,1,"{""runskill"":[""1304a112""]}",{},被动技能：普通攻击变为攻击前排敌人，效果为105%，并减少目标20%格挡
1304a314,4,runskill,0,"{""runskill"":[""1304a313""]}","{""when"":""hpchange"",""hpproless"":500}",被动技能：自身生命低于50%，提升自己攻击100%，持续3回合。（只触发一次）
1402a214,4,runskill,0,"{""runskill"":[""1402a213""]}","{""when"":""realdead"",""side"":""1""}",被动技能：敌方死亡提升自己暴击30%.
1402a314,4,runskill,0,"{""runskill"":[""1402a313""]}","{""when"":""doatk"",""atktype"":""normalskill"",""side"":""-2""}",被动技能：每次普攻增加自己29%暴击伤害
1403a214,4,changeskill,1,"{""runskill"":[""1403a212""]}",{},被动技能：普通攻击变成攻击敌方生命最少的英雄，效果为130%，并减少目标20%护甲
1403a314,4,runskill,0,"{""runskill"":[""1403a313""]}","{""when"":""hpchange"",""hpproless"":800}",被动技能：自身生命低于80%，提升自己破甲40%，5回合
1403a324,4,runskill,0,"{""runskill"":[""1403a323""]}","{""when"":""hpchange"",""hpproless"":800}",被动技能：自身生命低于80%，提升自己暴击20%，5回合
1403a334,4,runskill,0,"{""runskill"":[""1403a333""]}","{""when"":""hpchange"",""hpproless"":800}",被动技能：自身生命低于80%，持续回复自己400%攻击等量生命，5回合
1503a114,4,runskill,0,"{""runskill"":[""1503a113""]}","{""when"":""doatk"",""atktype"":""normalskill"",""side"":""-2""}",被动技能：普攻有75%几率使目标眩晕，持续2回合。
1503a214,4,addafterskill,1,"{""runskill"":[""1503a213""]}",{},被动技能：对眩晕的目标，增加125%的额外伤害
2103a214,4,runskill,0,"{""runskill"":[""2103a213""]}","{""when"":""doatk"",""atktype"":""normalskill"",""side"":""-2""}",被动技能：普攻有60%几率使目标禁魔，持续2回合。
2103a314,4,runskill,0,"{""runskill"":[""2103a313""]}","{""when"":""hpchange"",""hpproless"":500}",被动技能：自身生命低于50%，提高自己伤减率35%，持续4回合。（只触发一次）
2104a214,4,fanji,1,"{""randnum"":1000,""pro"":1400}","{""when"":""bybaoji""}",被动技能：受到暴击有100%几率发动一次反击，造成140%的攻击伤害。
2104a314,4,runskill,0,"{""runskill"":[""2104a313""]}","{""when"":""hpchange"",""hpproless"":500}",被动技能：自身生命低于50%，提升友军护甲100%，持续3回合（只触发一次）
2203a214,4,runskill,0,"{""runskill"":[""2203a213""]}","{""when"":""doatk"",""atktype"":""normalskill"",""side"":""-2""}",被动技能：普攻有30%几率使目标冰冻，持续1回合。
2203a314,4,runskill,0,"{""runskill"":[""2203a313""]}","{""when"":""realdead"",""side"":""-2""}",被动技能：英雄死亡有20%几率使所有敌人冰冻，持续2回合。
2204a214,4,runskill,0,"{""runskill"":[""2204a213""]}","{""when"":""realdead"",""side"":""-2""}",被动技能：英雄死亡后，45%的机率使敌方后排目标眩晕，持续2回合。
2204a314,4,runskill,0,"{""runskill"":[""2204a313""]}","{""when"":""doatk"",""atktype"":""normalskill"",""side"":""-2""}",被动技能：普攻有65%几率使目标眩晕，持续2回合。
2205a114,4,runskill,0,"{""runskill"":[""2205a113""]}","{""when"":""doatk"",""atktype"":""normalskill"",""side"":""-2""}",被动技能：普攻时降低目标11%攻击，持续3回合
2205a314,4,runskill,0,"{""runskill"":[""2205a313""]}","{""when"":""doatk"",""atktype"":""normalskill"",""side"":""-2""}",被动技能：普攻有80%几率降低目标暴击15%，持续3回合。
2205a324,4,runskill,0,"{""runskill"":[""2205a323""]}","{""when"":""doatk"",""atktype"":""normalskill"",""side"":""-2""}",被动技能：普攻有80%几率提升自己25%攻击，持续3回合。
2303a114,4,runskill,0,"{""runskill"":[""2303a113""]}","{""when"":""doatk"",""atktype"":""normalskill"",""side"":""-2""}",被动技能：普攻有100%几率对目标造成50%额外伤害
2303a124,4,runskill,0,"{""runskill"":[""2303a123""]}","{""when"":""doatk"",""atktype"":""normalskill"",""side"":""-2""}",被动技能：普攻有100%几率持续恢复随机1名友军50%攻击等量生命，持续3回合。
2303a314,4,runskill,1,"{""runskill"":[""2303a313""]}","{""when"":""hpchange"",""hpproless"":500}",被动技能：当自身生命低于30%时，回复己方全体135%攻击等量生命。（只触发一次）
2402a214,4,runskill,0,"{""runskill"":[""2402a213""]}","{""when"":""doatk"",""atktype"":""normalskill"",""side"":""-2""}",被动技能：普攻有50%几率使目标流血，每回合造成60%攻击伤害，持续2回合。
2402a314,4,runskill,0,"{""runskill"":[""2402a313""]}","{""when"":""gedang"",""side"":""-2""}",被动技能：格挡成功，提升自己攻击18%，持续3回合。
2403a114,4,runskill,0,"{""runskill"":[""2403a113""]}","{""when"":""doatk"",""atktype"":""normalskill"",""side"":""-2""}",被动技能：普攻有100%几率使目标流血，每回合造成96%攻击伤害，持续2回合。
2403a314,4,changeskill,1,"{""runskill"":[""2403a312""]}",{},被动技能：普通攻击变成攻击敌方生命最少的英雄，效果为120%，并偷取目标15%攻击3回合
2506a214,4,runskill,0,"{""runskill"":[""2506a213""]}","{""when"":""byatk"",""side"":""-2""}",被动技能：受到攻击时降低攻击者9%攻击，持续3回合。
2506a224,4,runskill,0,"{""runskill"":[""2506a223""]}","{""when"":""byatk"",""side"":""-2""}",被动技能：受到攻击时增加自己9%攻击，持续3回合。
2506a314,4,addafterskill,1,"{""runskill"":[""2506a313""]}",{},被动技能：对冰冻的目标，增加110%的额外伤害
2507a214,4,runskill,0,"{""runskill"":[""2507a213""]}","{""when"":""gedang"",""side"":""-2""}",被动技能：每次格挡回复自身220%攻击等量生命
2507a314,4,changeskill,1,"{""runskill"":[""2507a312""]}",{},被动技能：普通攻击变为攻击前排敌人，效果为95%，同时减少目标20%精准2回合
3107a114,4,runskill,0,"{""runskill"":[""3107a113""]}","{""when"":""byatk"",""side"":""-2""}",被动技能：受到攻击降低攻击者18%暴击，持续3回合。
3107a314,4,runskill,0,"{""runskill"":[""3107a313""]}","{""when"":""hpchange"",""hpproless"":300}",被动技能：自身生命低于30%，提升自己护甲120%，持续3回合。（只触发一次）
3108a214,4,fanji,1,"{""randnum"":1000,""pro"":3200}","{""when"":""bybaoji""}",被动技能：受到暴击有100%几率发动一次反击，造成320%的攻击伤害。
3108a314,4,runskill,0,"{""runskill"":[""3108a313""]}","{""when"":""hpchange"",""hpproless"":750}",被动技能：自身生命低于50%，提升自己减伤45%，持续3回合。（只触发一次）
3203a214,4,addafterskill,1,"{""runskill"":[""3203a213""]}",{},被动技能：对燃烧的目标，增加45%的额外伤害
3203a314,4,runskill,0,"{""runskill"":[""3203a313""]}","{""when"":""realdead"",""side"":""-2""}",被动效果：英雄死亡释放逐日之力，使得全体地方每回合受到108%伤害，持续3回合
3204a114,4,runskill,0,"{""runskill"":[""3204a113""]}","{""when"":""doatk"",""atktype"":""normalskill"",""side"":""-2""}",被动技能：普攻后降低目标20%攻击。
3204a124,4,runskill,0,"{""runskill"":[""3204a123""]}","{""when"":""doatk"",""atktype"":""normalskill"",""side"":""-2""}",被动技能：普攻后增加自己20%攻击。
3204a214,4,addafterskill,1,"{""runskill"":[""3204a213""]}",{},被动技能：对刺客增加40%的额外伤害。
3204a314,4,runskill,0,"{""runskill"":[""3204a313""]}","{""when"":""hpchange"",""hpproless"":500}",被动技能：自身生命低于50%，提升自己暴击20%，持续3回合。（只触发一次）
3205a114,4,runskill,0,"{""runskill"":[""3205a113""]}","{""when"":""doatk"",""atktype"":""normalskill"",""side"":""-2""}",被动技能：普攻有80%几率使目标中毒，每回合造成80%攻击伤害，持续2回合。
3205a214,4,runskill,0,"{""runskill"":[""3205a213""]}","{""when"":""realdead"",""side"":""-2""}",被动技能：英雄死亡可使敌方全体中毒，每回合造成105%攻击伤害，持续3回合。
3205a314,4,runskill,0,"{""runskill"":[""3205a313""]}","{""when"":""byatk"",""side"":""-2""}",被动技能：受到攻击时60%几率使目标中毒，每回合造成72%攻击伤害，持续3回合。
3302a114,4,runskill,0,"{""runskill"":[""3302a113""]}","{""when"":""doatk"",""atktype"":""normalskill"",""side"":""-2""}",被动技能：普攻有50%几率使血量最少的友军恢复150%攻击等量生命。
3302a214,4,runskill,0,"{""runskill"":[""3302a213""]}","{""when"":""byatk"",""side"":""-2""}",被动技能：受到攻击时100%几率使自己恢复56%攻击等量生命。
3402a214,4,runskill,0,"{""runskill"":[""3402a213""]}","{""when"":""realdead"",""side"":""1""}",被动技能：敌方英雄死亡，增加自己30%攻击。
3402a314,4,changeskill,1,"{""runskill"":[""3402a312""]}",{},被动技能：普通攻击变成攻击敌方生命最少的英雄，效果为130%，恢复攻击45%生命
3503a114,4,runskill,0,"{""runskill"":[""3503a113""]}","{""when"":""doatk"",""atktype"":""normalskill"",""side"":""-2""}",被动技能：每次普攻增加自己20%暴击，持续4回合
3503a124,4,runskill,0,"{""runskill"":[""3503a123""]}","{""when"":""doatk"",""atktype"":""normalskill"",""side"":""-2""}",被动技能：每次普攻降低目标20%暴击，持续4回合
3503a134,4,runskill,0,"{""runskill"":[""3503a133""]}","{""when"":""doatk"",""atktype"":""normalskill"",""side"":""-2""}",被动技能：每次普攻有50%几率增加自己30%暴击伤害，持续2回合
3503a314,4,fanji,1,"{""randnum"":1000,""pro"":1200}","{""when"":""byatk""}",被动技能：受到攻击时100%几率发动一次反击造成120%的攻击伤害。
3504a214,4,runskill,0,"{""runskill"":[""3504a213""]}","{""when"":""doatk"",""atktype"":""normalskill"",""side"":""-2""}",被动技能：普攻有75%几率使目标燃烧，每回合造成110%攻击伤害，持续2回合。
3504a314,4,runskill,0,"{""runskill"":[""3504a313""]}","{""when"":""byatk"",""side"":""-2""}",被动技能：受到攻击时90%几率使目标燃烧，每回合造成120%攻击伤害，持续1回合。
4105a214,4,runskill,0,"{""runskill"":[""4105a213""]}","{""when"":""baoji"",""side"":""0""}",被动技能：我方英雄暴击，使自己恢复90%攻击等量生命。
4105a314,4,runskill,0,"{""runskill"":[""4105a313""]}","{""when"":""byatk"",""side"":""-2""}",被动技能：受到攻击降低目标15%破甲，持续6回合
4105a324,4,runskill,0,"{""runskill"":[""4105a323""]}","{""when"":""byatk"",""side"":""-2""}",被动技能：受到攻击使目标燃烧，每回合造成50%攻击伤害，持续6回合
4106a114,4,runskill,0,"{""runskill"":[""4106a113""]}","{""when"":""byatk"",""side"":""-2""}",被动技能：受到攻击时降低目标15%攻击，持续2回合
4106a124,4,runskill,0,"{""runskill"":[""4106a123""]}","{""when"":""byatk"",""side"":""-2""}",被动技能：受到攻击时降低目标24%暴击，持续2回合
4106a314,4,fanji,1,"{""randnum"":1000,""pro"":2000}","{""when"":""byatk""}",被动技能：受到攻击时100%几率发动一次反击，造成200%的攻击伤害。
4201a114,4,changeskill,1,"{""runskill"":[""4201a112""]}",{},被动技能：普攻攻击变为对随机2名敌人造成110%攻击伤害，并有15%概率眩晕目标2回合。
4201a314,4,runskill,0,"{""runskill"":[""4201a313""]}","{""when"":""realdead"",""side"":""1""}",被动技能：敌方英雄死亡，恢复己方血量最低的单位30%生命上限的血量
4304a214,4,runskill,0,"{""runskill"":[""4304a213""]}","{""when"":""doatk"",""atktype"":""normalskill"",""side"":""-2""}",被动技能：每次普攻增加自己27%技能伤害。
4304a314,4,runskill,0,"{""runskill"":[""4304a313""]}","{""when"":""hpchange"",""hpproless"":500}",被动技能：当生命低于50%时，给敌方全体附加暴击印记，印记暴击后触发造成72%攻击伤害。（只触发一次）
4305a114,4,runskill,0,"{""runskill"":[""4305a113""]}","{""when"":""doatk"",""atktype"":""normalskill"",""side"":""-2""}",被动技能：普攻有100%几率使前排友军恢复100%攻击等量生命。
4305a214,4,runskill,0,"{""runskill"":[""4305a213""]}","{""when"":""realdead"",""side"":""-2""}",被动技能：英雄死亡使己方全体恢复150%攻击量生命
4305a224,4,runskill,0,"{""runskill"":[""4305a223""]}","{""when"":""realdead"",""side"":""-2""}",被动技能：英雄死亡使己方全体增加14%的暴击3回合
4403a114,4,runskill,0,"{""runskill"":[""4403a113""]}","{""when"":""doatk"",""atktype"":""normalskill"",""side"":""-2""}",被动技能：普攻有100%几率降低目标50点怒气
4403a124,4,runskill,0,"{""runskill"":[""4403a123""]}","{""when"":""doatk"",""atktype"":""normalskill"",""side"":""-2""}",被动技能：普攻有100%几率增加自己50点怒气
4403a134,4,runskill,0,"{""runskill"":[""4403a133""]}","{""when"":""doatk"",""atktype"":""normalskill"",""side"":""-2""}",被动技能：普攻有100%几率增加自己技能伤害35%
4403a214,4,changeskill,1,"{""runskill"":[""4403a212""]}",{},被动技能：普通攻击变为攻击随机1名后排敌人，伤害为120%.
4404a214,4,changeskill,1,"{""runskill"":[""4404a212""]}",{},被动技能：普通攻击变成攻击敌方生命最少的英雄，效果为120%，并降低目标20%攻击3回合
4404a314,4,runskill,0,"{""runskill"":[""4404a313""]}","{""when"":""doatk"",""atktype"":""normalskill"",""side"":""-2""}",被动技能：普攻有50%几率使目标中毒，每回合造成125%攻击伤害，持续2回合。
4504a214,4,runskill,0,"{""runskill"":[""4504a213""]}","{""when"":""realdead"",""side"":""1""}",被动技能：敌方英雄死亡，增加自己20%暴击伤害。
4504a224,4,runskill,0,"{""runskill"":[""4504a223""]}","{""when"":""realdead"",""side"":""1""}",被动技能：敌方英雄死亡，增加自己15%攻击。
4504a314,4,runskill,0,"{""runskill"":[""4504a313""]}","{""when"":""doatk"",""atktype"":""normalskill"",""side"":""-2""}",被动技能：普攻有75%几率对目标额外造成200%伤害
4504a324,4,runskill,0,"{""runskill"":[""4504a323""]}","{""when"":""doatk"",""atktype"":""normalskill"",""side"":""-2""}",被动技能：普攻有15%几率沉默目标2回合
4505a214,4,runskill,0,"{""runskill"":[""4505a213""]}","{""when"":""baoji"",""side"":""-2""}",被动技能：暴击有100%几率使目标中毒，每回合造成78%攻击伤害，持续2回合。
4505a314,4,addafterskill,1,"{""runskill"":[""4505a313""]}",{},被动技能：对中毒的目标，增加60%的额外伤害
5101a114,4,runskill,0,"{""runskill"":[""5101a113""]}","{""when"":""doatk"",""atktype"":""normalskill"",""side"":""-2""}",被动技能：普攻有100%几率给目标附加回合印记，回合印记1回合后触发造成190%攻击伤害。
5101a124,4,runskill,0,"{""runskill"":[""5101a123""]}","{""when"":""doatk"",""atktype"":""normalskill"",""side"":""-2""}",被动技能：普攻有45%几率使目标石化2回合
5101a214,4,runskill,0,"{""runskill"":[""5101a213""]}","{""when"":""byatk"",""side"":""-2""}",被动技能：受到攻击时，给攻击者附加回合印记，回合印记1回合后触发造成185%攻击伤害
5101a224,4,runskill,0,"{""runskill"":[""5101a223""]}","{""when"":""byatk"",""side"":""-2""}",被动技能：受到攻击时，有30%几率恢复自身10%的血量
5101a314,4,fuhuo,0,"{""pro"":900}","{""when"":""dead""}",被动技能：死亡后必定复活，并恢复自身100%的血量。
5204a114,4,runskill,0,"{""runskill"":[""5204a113""]}","{""when"":""doatk"",""atktype"":""normalskill"",""side"":""-2""}",被动技能：普攻有55%几率使目标石化，持续1回合。
5204a314,4,runskill,0,"{""runskill"":[""5204a313""]}","{""when"":""byatk"",""side"":""-2""}",被动技能：受到攻击时50%几率提升自身60%攻击力2回合
5204a324,4,runskill,0,"{""runskill"":[""5204a323""]}","{""when"":""byatk"",""side"":""-2""}",被动技能：受到攻击有30%几率降低攻击者30点怒气
5301a114,4,runskill,0,"{""runskill"":[""5301a113""]}","{""when"":""byatk"",""side"":""-2""}",被动技能：受到攻击增加自己40点怒气
5301a124,4,runskill,0,"{""runskill"":[""5301a123""]}","{""when"":""byatk"",""side"":""-2""}",被动技能：受到攻击增加自己8%技能伤害，持续3回合。
5301a214,4,runskill,0,"{""runskill"":[""5301a213""]}","{""when"":""doatk"",""atktype"":""normalskill"",""side"":""-2""}",被动技能：每次普攻增加自己40点怒气
5301a224,4,runskill,0,"{""runskill"":[""5301a223""]}","{""when"":""doatk"",""atktype"":""normalskill"",""side"":""-2""}",被动技能：每次普攻增加自己10%技能伤害，持续3回合。
6102a214,4,runskill,0,"{""runskill"":[""6102a213""]}","{""when"":""doatk"",""atktype"":""normalskill"",""side"":""-2""}",被动技能：普攻有100%几率给目标附加暴击印记，暴击印记暴击后触发造成90%攻击伤害。
6102a224,4,runskill,0,"{""runskill"":[""6102a223""]}","{""when"":""doatk"",""atktype"":""normalskill"",""side"":""-2""}",被动技能：普攻有100%几率提升自己12%暴击3回合。
6102a314,4,runskill,0,"{""runskill"":[""6102a313""]}","{""when"":""byatk"",""side"":""-2""}",被动技能：受到攻击时100%几率给目标附加暴击印记，暴击印记暴击后触发造成75%攻击伤害。
6102a324,4,runskill,0,"{""runskill"":[""6102a323""]}","{""when"":""byatk"",""side"":""-2""}",被动技能：受到攻击时100%几率提升自己20%暴击伤害3回合
6201a114,4,runskill,0,"{""runskill"":[""6201a113""]}","{""when"":""byatk"",""side"":""-2""}",被动技能：受到攻击增加自己40%技能伤害，持续3回合。
6201a124,4,runskill,0,"{""runskill"":[""6201a123""]}","{""when"":""byatk"",""side"":""-2""}",被动技能：受到攻击增加自己10%伤增率，持续3回合。
6201a214,4,runskill,0,"{""runskill"":[""6201a213""]}","{""when"":""doatk"",""atktype"":""normalskill"",""side"":""-2""}",被动技能：每次普攻增加自己45%技能伤害，持续3回合。
6201a224,4,runskill,0,"{""runskill"":[""6201a223""]}","{""when"":""doatk"",""atktype"":""normalskill"",""side"":""-2""}",被动技能：每次普攻增加自己8%伤增率，持续3回合。
6302a114,4,runskill,0,"{""runskill"":[""6302a113""]}","{""when"":""doatk"",""atktype"":""normalskill"",""side"":""-2""}",被动技能：每次普攻恢复自己115%攻击等量生命
6302a124,4,runskill,0,"{""runskill"":[""6302a123""]}","{""when"":""doatk"",""atktype"":""normalskill"",""side"":""-2""}",被动技能：每次普攻增加自己伤增率20%持续4回合
6302a314,4,runskill,0,"{""runskill"":[""6302a313""]}","{""when"":""byatk"",""side"":""-2""}",被动技能：受到攻击恢复自己40%攻击等量生命
6302a324,4,runskill,0,"{""runskill"":[""6302a323""]}","{""when"":""byatk"",""side"":""-2""}",被动技能：受到攻击增加自己伤增率20%持续3回合
31095124,4,addafterskill,1,"{""runskill"":[""31095123""]}",{},任何攻击对战士的伤害增加95%
31096124,4,addafterskill,1,"{""runskill"":[""31096123""]}",{},任何攻击对战士的伤害增加135%
3109a124,4,addafterskill,1,"{""runskill"":[""3109a123""]}",{},对战士的伤害增加175%
31095214,4,runskill,0,"{""runskill"":[""31095213""]}","{""when"":""doatk"",""side"":""-2""}",每次出手伤害增加10%，持续6回合
31096214,4,runskill,0,"{""runskill"":[""31096213""]}","{""when"":""doatk"",""side"":""-2""}",每次出手伤害增加20%，持续6回合
3109a214,4,runskill,0,"{""runskill"":[""3109a213""]}","{""when"":""doatk"",""side"":""-2""}",每次出手伤害增加30%，持续6回合
31095314,4,runskill,1,"{""runskill"":[""31095313""]}","{""when"":""byatk"",""side"":""-2""}",受到任何攻击恢复生命上限1%生命
31096314,4,runskill,1,"{""runskill"":[""31096313""]}","{""when"":""byatk"",""side"":""-2""}",受到任何攻击恢复生命上限1.5%生命
3109a314,4,runskill,1,"{""runskill"":[""3109a313""]}","{""when"":""byatk"",""side"":""-2""}",受到任何攻击恢复生命上限2%生命
11023114,4,runskill,0,"{""runskill"":[""11023113""]}","{""when"":""byatk"",""side"":""-2""}",受到攻击防御提升5%，持续1回合
11033114,4,fanji,0,"{""randnum"":300,""pro"":600}","{""when"":""byatk""}",受到攻击时30%概率反击，造成60%攻击伤害
11033214,4,runskill,0,"{""runskill"":[""11033213""]}","{""when"":""bybaoji"",""side"":""-2""}",暴击伤害时恢复英雄50%攻击的生命
13012114,4,runskill,0,"{""runskill"":[""13012113""]}","{""when"":""doatk"",""atktype"":""xpskill"",""side"":""-2""}",释放怒气技能时使我方所有英雄恢复35%攻击的生命
13023114,4,runskill,0,"{""runskill"":[""13023113""]}","{""when"":""doatk"",""atktype"":""normalskill"",""side"":""-2""}",普攻释放时有15%概率使目标眩晕，持续1回合
11044114,4,runskill,0,"{""runskill"":[""11044113""]}","{""when"":""byatk"",""side"":""-2""}",受到伤害提升英雄10%格挡，持续1回合
11045114,4,runskill,0,"{""runskill"":[""11045113""]}","{""when"":""byatk"",""side"":""-2""}",受到伤害，提升英雄15%格挡，持续1回合
11054214,4,fanji,0,"{""randnum"":250,""pro"":500}","{""when"":""byatk""}",被动效果：受到伤害时25%概率反击，造成50%攻击伤害
11055214,4,fanji,0,"{""randnum"":300,""pro"":600}","{""when"":""byatk""}",被动效果：受到伤害时30%概率反击，造成60%攻击伤害
11064214,4,runskill,0,"{""runskill"":[""11064213""]}","{""when"":""dead"",""side"":""0""}",每当我方英雄死亡伤害减免增加7%
11065214,4,runskill,0,"{""runskill"":[""11065213""]}","{""when"":""dead"",""side"":""0""}",每当我方英雄死亡伤害减免增加10%
15014214,4,runskill,0,"{""runskill"":[""15014213""]}","{""when"":""dead"",""side"":""0""}",每当我方英雄死亡英雄技能伤害提升15%
15015214,4,runskill,0,"{""runskill"":[""15015213""]}","{""when"":""dead"",""side"":""0""}",每当我方英雄死亡英雄技能伤害提升25%
15024114,4,runskill,0,"{""runskill"":[""15024113""]}","{""when"":""doatk"",""atktype"":""normalskill"",""side"":""-2""}",普攻有20%概率眩晕目标1回合
15025114,4,runskill,0,"{""runskill"":[""15025113""]}","{""when"":""doatk"",""atktype"":""normalskill"",""side"":""-2""}",普攻有30%概率眩晕目标1回合
23013114,4,runskill,0,"{""runskill"":[""23013113""]}","{""when"":""doatk"",""atktype"":""normalskill"",""side"":""-2""}",每次普攻恢复0.25倍攻击的生命
23023114,4,runskill,0,"{""runskill"":[""23023113""]}","{""when"":""doatk"",""atktype"":""normalskill"",""side"":""-2""}",每次普攻恢复0.3倍攻击的生命
25033114,4,runskill,0,"{""runskill"":[""25033113""]}","{""when"":""byatk"",""side"":""-2""}",受到伤害有50%概率恢复英雄30%攻击的生命
21014214,4,runskill,0,"{""runskill"":[""21014213""]}","{""when"":""doatk"",""atktype"":""normalskill"",""side"":""-2""}",每次普攻有40%概率眩晕目标1回合
21015214,4,runskill,0,"{""runskill"":[""21015213""]}","{""when"":""doatk"",""atktype"":""normalskill"",""side"":""-2""}",每次普攻有30%概率眩晕目标2回合
21024214,4,runskill,0,"{""runskill"":[""21024213""]}","{""when"":""doatk"",""atktype"":""normalskill"",""side"":""-2""}",每次普攻提升自身护甲20%，持续2回合
21025214,4,runskill,0,"{""runskill"":[""21025213""]}","{""when"":""doatk"",""atktype"":""normalskill"",""side"":""-2""}",每次普攻提升自身护甲40%，持续2回合
22024214,4,runskill,0,"{""runskill"":[""22024213""]}","{""when"":""dead"",""side"":""-2""}",英雄死亡时使得全体敌人燃烧2回合，造成45%攻击伤害
22025214,4,runskill,0,"{""runskill"":[""22025213""]}","{""when"":""dead"",""side"":""-2""}",英雄死亡时使得全体敌人燃烧2回合，造成60%攻击伤害
25054214,4,runskill,0,"{""runskill"":[""25054213""]}","{""when"":""dead"",""side"":""0""}",每当我方英雄死亡增加10%格挡概率
25055214,4,runskill,0,"{""runskill"":[""25055213""]}","{""when"":""dead"",""side"":""0""}",每当我方英雄死亡增加15%格挡概率
32023114,4,runskill,0,"{""runskill"":[""32023113""]}","{""when"":""doatk"",""atktype"":""normalskill"",""side"":""-2""}",每次普攻恢复自身0.3倍攻击的生命
35013214,4,runskill,0,"{""runskill"":[""35013213""]}","{""when"":""doatk"",""atktype"":""normalskill"",""side"":""-2""}",普攻有60%概率沉默目标1回合
35023114,4,runskill,0,"{""runskill"":[""35023113""]}","{""when"":""doatk"",""atktype"":""normalskill"",""side"":""-2""}",普攻有100%概率降低地方护甲20%，持续1回合
31044214,4,runskill,0,"{""runskill"":[""31044213""]}","{""when"":""byatk"",""side"":""-2""}",受到伤害有50%几率恢复0.7倍攻击的生命
31045214,4,runskill,0,"{""runskill"":[""31045213""]}","{""when"":""byatk"",""side"":""-2""}",受到伤害有50%几率恢复1.2倍攻击的生命
31054114,4,runskill,0,"{""runskill"":[""31054113""]}","{""when"":""doatk"",""atktype"":""normalskill"",""side"":""-2""}",每次普攻提升自己10%暴击率
31055114,4,runskill,0,"{""runskill"":[""31055113""]}","{""when"":""doatk"",""atktype"":""normalskill"",""side"":""-2""}",每次普攻提升自己15%暴击率
31064114,4,runskill,0,"{""runskill"":[""31064113""]}","{""when"":""gedang"",""atktype"":""normalskill""}",普攻的目标格挡，则对目标造成0.6倍流血伤害，持续2回合
31065114,4,runskill,0,"{""runskill"":[""31065113""]}","{""when"":""gedang"",""atktype"":""normalskill""}",普攻的目标格挡，则对目标造成0.8倍流血伤害，持续2回合
33014114,4,runskill,0,"{""runskill"":[""33014113""]}","{""when"":""doatk"",""atktype"":""normalskill"",""side"":""-2""}",每次普攻增加5%攻击，5%暴击，持续6回合
33014124,4,runskill,0,"{""runskill"":[""33014123""]}","{""when"":""doatk"",""atktype"":""normalskill"",""side"":""-2""}",每次普攻增加5%攻击，5%暴击，持续6回合
33014214,4,runskill,0,"{""runskill"":[""33014213""]}","{""when"":""doatk"",""atktype"":""normalskill"",""side"":""-2""}",普攻有50%概率降低对方攻击20%，持续2回合
33015114,4,runskill,0,"{""runskill"":[""33015113""]}","{""when"":""doatk"",""atktype"":""normalskill"",""side"":""-2""}",每次普攻增加10%攻击，10%暴击，持续6回合
33015124,4,runskill,0,"{""runskill"":[""33015123""]}","{""when"":""doatk"",""atktype"":""normalskill"",""side"":""-2""}",每次普攻增加10%攻击，10%暴击，持续6回合
33015214,4,runskill,0,"{""runskill"":[""33015213""]}","{""when"":""doatk"",""atktype"":""normalskill"",""side"":""-2""}",普攻有50%概率降低对方攻击20%，持续3回合
34014214,4,runskill,0,"{""runskill"":[""34014213""]}","{""when"":""doatk"",""atktype"":""normalskill"",""side"":""-2""}",每次普攻增加自身破甲10%，持续5回合
34015214,4,runskill,0,"{""runskill"":[""34015213""]}","{""when"":""doatk"",""atktype"":""normalskill"",""side"":""-2""}",每次普攻增加自身破甲15%，持续5回合
43012114,4,runskill,0,"{""runskill"":[""43012113""]}","{""when"":""doatk"",""atktype"":""normalskill"",""side"":""-2""}",普攻有20%概率沉默对手2回合
43023114,4,runskill,0,"{""runskill"":[""43023113""]}","{""when"":""doatk"",""atktype"":""normalskill"",""side"":""-2""}",每次普攻恢复自己0.25倍攻击生命
45023114,4,runskill,0,"{""runskill"":[""45023113""]}","{""when"":""hpchange"",""hpproless"":500}",生命低于50%，使得全体敌方流血，每回合造成0.3倍攻击伤害，持续3回合
41034214,4,runskill,0,"{""runskill"":[""41034213""]}","{""when"":""byatk"",""side"":""-2""}",每次受到伤害使得敌人攻击降低15%，持续2回合
41035214,4,runskill,0,"{""runskill"":[""41035213""]}","{""when"":""byatk"",""side"":""-2""}",每次受到伤害使得敌人攻击降低20%，持续2回合
41044214,4,runskill,0,"{""runskill"":[""41044213""]}","{""when"":""doatk"",""atktype"":""normalskill"",""side"":""-2""}",普攻使敌人护甲降低35%，持续2回合
41045214,4,runskill,0,"{""runskill"":[""41045213""]}","{""when"":""doatk"",""atktype"":""normalskill"",""side"":""-2""}",普攻使敌人护甲降低45%，持续2回合
43034114,4,runskill,0,"{""runskill"":[""43034113""]}","{""when"":""doatk"",""atktype"":""normalskill"",""side"":""-2""}",每次普攻恢复我方前排英雄0.15倍攻击的生命
43034214,4,runskill,0,"{""runskill"":[""43034213""]}","{""when"":""dead"",""side"":""0""}",每当我方英雄死亡，恢复我方所有英雄0.1倍攻击生命
43035114,4,runskill,0,"{""runskill"":[""43035113""]}","{""when"":""doatk"",""atktype"":""normalskill"",""side"":""-2""}",每次普攻恢复我方前排英雄0.2倍攻击的生命
43035214,4,runskill,0,"{""runskill"":[""43035213""]}","{""when"":""dead"",""side"":""0""}",每当我方英雄死亡，恢复我方所有英雄0.15倍攻击生命
44024214,4,runskill,0,"{""runskill"":[""44024213""]}","{""when"":""doatk"",""atktype"":""normalskill"",""side"":""-2""}",每次普攻增加自己25%破甲，持续2回合
44025214,4,runskill,0,"{""runskill"":[""44025213""]}","{""when"":""doatk"",""atktype"":""normalskill"",""side"":""-2""}",每次普攻增加自己30%破甲，持续2回合
45034214,4,runskill,0,"{""runskill"":[""45034213""]}","{""when"":""dead"",""side"":""0""}",我方英雄死亡，破甲增加15%，技能伤害增加15%
45034224,4,runskill,0,"{""runskill"":[""45034223""]}","{""when"":""dead"",""side"":""0""}",我方英雄死亡，破甲增加15%，技能伤害增加15%
45035214,4,runskill,0,"{""runskill"":[""45035213""]}","{""when"":""dead"",""side"":""0""}",我方英雄死亡，破甲增加20%，技能伤害增加20%
45035224,4,runskill,0,"{""runskill"":[""45035223""]}","{""when"":""dead"",""side"":""0""}",我方英雄死亡，破甲增加20%，技能伤害增加20%
52013214,4,runskill,0,"{""runskill"":[""52013213""]}","{""when"":""doatk"",""atktype"":""normalskill"",""side"":""-2""}",被动效果：身上的防御非常诡异，普攻有30%概率石化目标2回合
64013114,4,runskill,0,"{""runskill"":[""64013113""]}","{""when"":""hpchange"",""hpproless"":700}",被动效果：拥有光明的意志，血量低于70%时，护甲提升50%持续3回合
52024214,4,runskill,0,"{""runskill"":[""52024213""]}","{""when"":""doatk"",""atktype"":""normalskill"",""side"":""-2""}",被动效果：普攻的目标如果是刺客，则80%概率石化目标1回合
52025214,4,runskill,0,"{""runskill"":[""52025213""]}","{""when"":""doatk"",""atktype"":""normalskill"",""side"":""-2""}",被动效果：普攻的目标如果是刺客，则60%概率石化目标2回合
52034214,4,runskill,0,"{""runskill"":[""52034213""]}","{""when"":""doatk"",""atktype"":""normalskill"",""side"":""-2""}",被动效果：普攻命中敌人时，有20%概率沉默敌人2回合
52035214,4,runskill,0,"{""runskill"":[""52035213""]}","{""when"":""doatk"",""atktype"":""normalskill"",""side"":""-2""}",被动效果：普攻命中敌人时，有30%概率沉默敌人2回合
61014214,4,runskill,0,"{""runskill"":[""61014213""]}","{""when"":""byatk"",""side"":""-2""}",受到伤害时，有50%概率恢复25%攻击的生命
61015214,4,runskill,0,"{""runskill"":[""61015213""]}","{""when"":""byatk"",""side"":""-2""}",受到伤害时，有50%概率恢复35%攻击的生命
43065114,4,runskill,0,"{""runskill"":[""43065113""]}","{""when"":""doatk"",""atktype"":""normalskill"",""side"":""-2""}",被动效果：每次普攻释放祝福与诅咒，全体友军破甲增加12%，持续3回合
43065124,4,runskill,0,"{""runskill"":[""43065123""]}","{""when"":""doatk"",""atktype"":""normalskill"",""side"":""-2""}",被动效果：每次普攻释放祝福与诅咒，降低全体敌人6%攻击，持续3回合
43066114,4,runskill,0,"{""runskill"":[""43066113""]}","{""when"":""doatk"",""atktype"":""normalskill"",""side"":""-2""}",被动效果：每次普攻释放祝福与诅咒，全体友军破甲增加15%，持续3回合
43066124,4,runskill,0,"{""runskill"":[""43066123""]}","{""when"":""doatk"",""atktype"":""normalskill"",""side"":""-2""}",被动效果：每次普攻释放祝福与诅咒，降低全体敌人9%攻击，持续3回合
4306a114,4,runskill,0,"{""runskill"":[""4306a113""]}","{""when"":""doatk"",""atktype"":""normalskill"",""side"":""-2""}",被动效果：每次普攻释放祝福与诅咒，全体友军破甲增加18%，持续3回合
4306a124,4,runskill,0,"{""runskill"":[""4306a123""]}","{""when"":""doatk"",""atktype"":""normalskill"",""side"":""-2""}",被动效果：每次普攻释放祝福与诅咒，降低全体敌人12%攻击，持续3回合
43065214,4,runskill,0,"{""runskill"":[""43065213""]}","{""when"":""doatk"",""side"":""-2""}",被动效果：每次出手增加自己8%格挡，持续3回合
43066214,4,runskill,0,"{""runskill"":[""43066213""]}","{""when"":""doatk"",""side"":""-2""}",被动效果：每次出手增加自己13%格挡，持续3回合
4306a214,4,runskill,0,"{""runskill"":[""4306a213""]}","{""when"":""doatk"",""side"":""-2""}",被动效果：每次出手增加自己20%格挡，持续3回合
43065314,4,runskill,0,"{""runskill"":[""43065313""]}","{""when"":""hpchange"",""hpproless"":500}",当生命低于60%时，提升我方友军20%护甲，持续3回合（只触发一次）
43066314,4,runskill,0,"{""runskill"":[""43066313""]}","{""when"":""hpchange"",""hpproless"":500}",当生命低于60%时，提升我方友军30%护甲，持续3回合（只触发一次）
4306a314,4,runskill,0,"{""runskill"":[""4306a313""]}","{""when"":""hpchange"",""hpproless"":500}",当生命低于60%时，提升我方友军40%护甲，持续3回合（只触发一次）
1024,4,runskill,0,"{""runskill"":[""1023""]}","{""when"":""round"",""number"":""-1""}",被动技能：每回合结束时，恢复损失血量10%的生命
1034,4,runskill,1,"{""runskill"":[""1033""]}","{""when"":""doatk"",""atktype"":""normalskill"",""side"":""-2""}",被动技能：普攻降低目标10%攻击，持续3回合
1044,4,runskill,1,"{""runskill"":[""1043""]}","{""when"":""round"",""number"":""3""}",被动技能：第2回合开始，增加15%暴击率，持续4回合（配置成第2回合结束，持续4回合）
1054,4,runskill,1,"{""runskill"":[""1053""]}","{""when"":""round"",""number"":""3""}",第2回合开始，增加25%暴击伤害，持续4回合
1064,4,runskill,1,"{""runskill"":[""1063""]}","{""when"":""byatk"",""side"":""-2""}",被动技能：受到攻击时，恢复30000点生命
1074,4,runskill,1,"{""runskill"":[""1073""]}","{""when"":""doatk"",""atktype"":""normalskill"",""side"":""-2""}",被动技能：普通攻击使敌人受到135000点流血伤害，持续2回合
1084,4,runskill,1,"{""runskill"":[""1083""]}","{""when"":""doatk"",""atktype"":""normalskill"",""side"":""-2""}",被动技能：普通攻击使敌人每回合受到45000点燃烧伤害
1094,4,addafterskill,1,"{""runskill"":[""1093""]}",{},被动技能：攻击的目标处于眩晕状态则增加15%伤害
1104,4,runskill,1,"{""runskill"":[""1103""]}","{""when"":""doatk"",""atktype"":""normalskill"",""side"":""-2""}",被动技能：普通攻击使敌方造成105000点中毒伤害，持续3回合
1114,4,runskill,1,"{""runskill"":[""1113""]}","{""when"":""hpchange"",""hpproless"":600}",被动技能：血量低于50%时，增加80%护甲，持续3回合（仅触发一次）
1124,4,addafterskill,1,"{""runskill"":[""1123""]}",{},被动技能：攻击的目标处于冰冻状态则增加15%伤害
1134,4,runskill,1,"{""runskill"":[""1133""]}","{""when"":""hpchange"",""hpproless"":700}",被动技能：血量低于80%时，增加20%减伤，持续3回合（仅触发一次）
1144,4,runskill,1,"{""runskill"":[""1143""]}","{""when"":""dead"",""side"":""-2""}",被动技能：死亡后，对全体敌方有30%的几率冰冻，持续2回合（仅触发一次）
1154,4,runskill,1,"{""runskill"":[""1153""]}","{""when"":""doatk"",""atktype"":""normalskill"",""side"":""-2""}",被动技能：普通攻击使敌方降低24%暴击率，持续3回合
1164,4,runskill,1,"{""runskill"":[""1163""]}","{""when"":""byatk"",""side"":""-2""}",被动技能：受到攻击时，对攻击者造成69000点燃烧伤害，持续2回合
1174,4,runskill,1,"{""runskill"":[""1173""]}","{""when"":""bybaoji"",""side"":""-2""}",被动技能：受到暴击时，恢复120000点生命
1184,4,runskill,1,"{""runskill"":[""1183""]}","{""when"":""dead"",""side"":""-2""}",被动技能：死亡后，对全体敌方造成105000点中毒伤害，持续3回合（仅触发一次）
1194,4,runskill,1,"{""runskill"":[""1193""]}","{""when"":""byatk"",""side"":""-2""}",被动技能：受到攻击使攻击者降低12%暴击率，持续3回合
1204,4,runskill,1,"{""runskill"":[""1203""]}","{""when"":""hpchange"",""hpproless"":550}",被动技能：血量低于50%时，对全体友方增加10%减伤，持续5回合（仅触发一次）
1214,4,runskill,1,"{""runskill"":[""1213""]}","{""when"":""dead"",""side"":""-2""}",被动技能：死亡后，对全体友方恢复300000点生命（仅触发一次）
1224,4,runskill,1,"{""runskill"":[""1223""]}","{""when"":""dead"",""side"":""-2""}",死亡后，增加15%暴击率，持续3回合（仅触发一次）
1234,4,runskill,1,"{""runskill"":[""1233""]}","{""when"":""doatk"",""atktype"":""normalskill"",""side"":""-2""}",被动技能：普通攻击时，增加25%技能伤害
1244,4,runskill,0,"{""runskill"":[""1243""]}","{""when"":""round"",""number"":""-1""}",被动技能：回合结束时，增加10%免控
1254,4,runskill,1,"{""runskill"":[""1253""]}","{""when"":""dead"",""side"":""-2""}",被动技能：死亡后，对全体友方恢复150000点生命，持续3回合（仅触发一次）
