任务编号,任务类型,任务子类型,最大进度,任务名称,任务奖励,前置任务,后置任务,任务条件,途径
1,2,1,12,完成全部日常任务,"{""a"": ""item"", ""t"": ""4009"", ""n"": 2},{""a"": ""attr"", ""t"": ""jinbi"", ""n"": 100000},{""a"": ""item"", ""t"": ""2023"", ""n"": 5}",,,,0
2,2,2,1,完成{1}次召唤祭祀,"{""a"": ""attr"", ""t"": ""useexp"", ""n"": 26000}",-1,,,5
3,2,3,1,完成{1}次先祖祭祀,"{""a"": ""item"", ""t"": ""2013"", ""n"": 5}",-1,,,5
4,2,10,3,获取{1}次探险收益,"{""a"": ""attr"", ""t"": ""rmbmoney"", ""n"": 30}",,,,1
5,2,4,2,完成{1}次点金,"{""a"": ""item"", ""t"": ""2007"", ""n"": 1}",,,,22
6,2,5,5,赠送好友{1}次友情印记,"{""a"": ""item"", ""t"": ""2007"", ""n"": 1}",,,,21
7,2,6,2,抽取{1}次普通祭坛,"{""a"": ""attr"", ""t"": ""rmbmoney"", ""n"": 30}",-1,,,3
8,2,8,3,合成{1}件任意装备,"{""a"": ""item"", ""t"": ""2009"", ""n"": 1}",,,,2
9,2,7,2,完成{1}个任意品质悬赏任务,"{""a"": ""attr"", ""t"": ""jinbi"", ""n"": 48000}",,,,6
10,2,9,3,挑战{1}次自由竞技场,"{""a"": ""item"", ""t"": ""2006"", ""n"": 2}",,,,20
11,2,11,2,挑战{1}次每日试炼,"{""a"": ""attr"", ""t"": ""rmbmoney"", ""n"": 30}",-1,,,9
12,2,12,1,公会捐献{1}次,"{""a"": ""item"", ""t"": ""2009"", ""n"": 1}",,,,10
13,2,13,2,挑战{1}次公会冒险,"{""a"": ""item"", ""t"": ""2007"", ""n"": 1}",,,,10
14,2,14,3,十字军远征胜利{1}次,"{""a"": ""attr"", ""t"": ""jinbi"", ""n"": 48000}",,,,7
15,2,15,1,杂货店购买{1}次道具,"{""a"": ""attr"", ""t"": ""useexp"", ""n"": 26000}",,,,4
16,2,16,3,使用{1}次快速探险,"{""a"": ""item"", ""t"": ""2005"", ""n"": 20}",,,,1
17,2,16,5,使用{1}次快速探险,"{""a"": ""attr"", ""t"": ""rmbmoney"", ""n"": 30}",,,,1
18,2,18,1,任意充值{1}次,"{""a"": ""item"", ""t"": ""2004"", ""n"": 10}",,,,37
19,2,19,500,今日消耗{1}钻石,"{""a"": ""item"", ""t"": ""2004"", ""n"": 20}",,,,26
20,2,1,3,完成全部日常任务,"{""a"": ""attr"", ""t"": ""rmbmoney"", ""n"": 40},{""a"": ""attr"", ""t"": ""jinbi"", ""n"": 10000}",,,,0
21,2,1,6,完成全部日常任务,"{""a"": ""attr"", ""t"": ""rmbmoney"", ""n"": 60},{""a"": ""attr"", ""t"": ""jinbi"", ""n"": 30000}",,,,0
22,2,1,9,完成全部日常任务,"{""a"": ""attr"", ""t"": ""rmbmoney"", ""n"": 100},{""a"": ""attr"", ""t"": ""jinbi"", ""n"": 50000}",,,,0
101001,1,101,50,玩家等级升到{1}级,"{""a"": ""attr"", ""t"": ""rmbmoney"",""n"": 500}",,101002,,0
101002,1,101,55,玩家等级升到{1}级,"{""a"": ""attr"", ""t"": ""rmbmoney"",""n"": 500}",101001,101003,,0
101003,1,101,60,玩家等级升到{1}级,"{""a"": ""attr"", ""t"": ""rmbmoney"",""n"": 500}",101002,101004,,0
101004,1,101,65,玩家等级升到{1}级,"{""a"": ""attr"", ""t"": ""rmbmoney"",""n"": 500}",101003,101005,,0
101005,1,101,70,玩家等级升到{1}级,"{""a"": ""attr"", ""t"": ""rmbmoney"",""n"": 500}",101004,101006,,0
101006,1,101,75,玩家等级升到{1}级,"{""a"": ""attr"", ""t"": ""rmbmoney"",""n"": 500}",101005,101007,,0
101007,1,101,80,玩家等级升到{1}级,"{""a"": ""attr"", ""t"": ""rmbmoney"",""n"": 500}",101006,101008,,0
101008,1,101,85,玩家等级升到{1}级,"{""a"": ""attr"", ""t"": ""rmbmoney"",""n"": 500}",101007,101009,,0
101009,1,101,90,玩家等级升到{1}级,"{""a"": ""attr"", ""t"": ""rmbmoney"",""n"": 500}",101008,101010,,0
101010,1,101,95,玩家等级升到{1}级,"{""a"": ""attr"", ""t"": ""rmbmoney"",""n"": 500}",101009,101011,,0
101011,1,101,100,玩家等级升到{1}级,"{""a"": ""attr"", ""t"": ""rmbmoney"",""n"": 500}",101010,101012,,0
101012,1,101,105,玩家等级升到{1}级,"{""a"": ""attr"", ""t"": ""rmbmoney"",""n"": 500}",101011,101013,,0
101013,1,101,110,玩家等级升到{1}级,"{""a"": ""attr"", ""t"": ""rmbmoney"",""n"": 500}",101012,101014,,0
101014,1,101,115,玩家等级升到{1}级,"{""a"": ""attr"", ""t"": ""rmbmoney"",""n"": 500}",101013,101015,,0
101015,1,101,120,玩家等级升到{1}级,"{""a"": ""attr"", ""t"": ""rmbmoney"",""n"": 500}",101014,101016,,0
101016,1,101,125,玩家等级升到{1}级,"{""a"": ""attr"", ""t"": ""rmbmoney"",""n"": 500}",101015,101017,,0
101017,1,101,130,玩家等级升到{1}级,"{""a"": ""attr"", ""t"": ""rmbmoney"",""n"": 500}",101016,101018,,0
101018,1,101,135,玩家等级升到{1}级,"{""a"": ""attr"", ""t"": ""rmbmoney"",""n"": 500}",101017,101019,,0
101019,1,101,140,玩家等级升到{1}级,"{""a"": ""attr"", ""t"": ""rmbmoney"",""n"": 500}",101018,101020,,0
101020,1,101,145,玩家等级升到{1}级,"{""a"": ""attr"", ""t"": ""rmbmoney"",""n"": 500}",101019,101021,,0
101021,1,101,150,玩家等级升到{1}级,"{""a"": ""attr"", ""t"": ""rmbmoney"",""n"": 500}",101020,101022,,0
101022,1,101,155,玩家等级升到{1}级,"{""a"": ""attr"", ""t"": ""rmbmoney"",""n"": 500}",101021,101023,,0
101023,1,101,160,玩家等级升到{1}级,"{""a"": ""attr"", ""t"": ""rmbmoney"",""n"": 500}",101022,101024,,0
101024,1,101,165,玩家等级升到{1}级,"{""a"": ""attr"", ""t"": ""rmbmoney"",""n"": 500}",101023,101025,,0
101025,1,101,170,玩家等级升到{1}级,"{""a"": ""attr"", ""t"": ""rmbmoney"",""n"": 500}",101024,101026,,0
101026,1,101,175,玩家等级升到{1}级,"{""a"": ""attr"", ""t"": ""rmbmoney"",""n"": 500}",101025,101027,,0
101027,1,101,180,玩家等级升到{1}级,"{""a"": ""attr"", ""t"": ""rmbmoney"",""n"": 500}",101026,101028,,0
101028,1,101,185,玩家等级升到{1}级,"{""a"": ""attr"", ""t"": ""rmbmoney"",""n"": 500}",101027,101029,,0
101029,1,101,190,玩家等级升到{1}级,"{""a"": ""attr"", ""t"": ""rmbmoney"",""n"": 500}",101028,101030,,0
101030,1,101,195,玩家等级升到{1}级,"{""a"": ""attr"", ""t"": ""rmbmoney"",""n"": 500}",101029,101031,,0
101031,1,101,200,玩家等级升到{1}级,"{""a"": ""attr"", ""t"": ""rmbmoney"",""n"": 500}",101030,101032,,0
101032,1,101,205,玩家等级升到{1}级,"{""a"": ""attr"", ""t"": ""rmbmoney"",""n"": 500}",101031,101033,,0
101033,1,101,210,玩家等级升到{1}级,"{""a"": ""attr"", ""t"": ""rmbmoney"",""n"": 500}",101032,,,0
102401,1,102,30,获得{1}个4星英雄,"{""a"": ""item"", ""t"": ""2017"", ""n"": 150},{""a"": ""attr"", ""t"": ""jinbi"", ""n"": 100000}",,102402,4,0
102402,1,102,50,获得{1}个4星英雄,"{""a"": ""item"", ""t"": ""2017"", ""n"": 150},{""a"": ""attr"", ""t"": ""jinbi"", ""n"": 100000}",102401,102403,4,0
102403,1,102,80,获得{1}个4星英雄,"{""a"": ""item"", ""t"": ""2017"", ""n"": 150},{""a"": ""attr"", ""t"": ""jinbi"", ""n"": 100000}",102402,102404,4,0
102404,1,102,120,获得{1}个4星英雄,"{""a"": ""item"", ""t"": ""2017"", ""n"": 150},{""a"": ""attr"", ""t"": ""jinbi"", ""n"": 100000}",102403,102406,4,0
102405,1,102,160,获得{1}个4星英雄,"{""a"": ""item"", ""t"": ""2017"", ""n"": 150},{""a"": ""attr"", ""t"": ""jinbi"", ""n"": 100000}",102404,102406,4,0
102406,1,102,200,获得{1}个4星英雄,"{""a"": ""item"", ""t"": ""2017"", ""n"": 150},{""a"": ""attr"", ""t"": ""jinbi"", ""n"": 200000}",102405,102407,4,0
102407,1,102,250,获得{1}个4星英雄,"{""a"": ""item"", ""t"": ""2017"", ""n"": 150},{""a"": ""attr"", ""t"": ""jinbi"", ""n"": 200000}",102406,102408,4,0
102408,1,102,300,获得{1}个4星英雄,"{""a"": ""item"", ""t"": ""2017"", ""n"": 150},{""a"": ""attr"", ""t"": ""jinbi"", ""n"": 200000}",102407,102409,4,0
102409,1,102,350,获得{1}个4星英雄,"{""a"": ""item"", ""t"": ""2017"", ""n"": 150},{""a"": ""attr"", ""t"": ""jinbi"", ""n"": 200000}",102408,102410,4,0
102410,1,102,400,获得{1}个4星英雄,"{""a"": ""item"", ""t"": ""2017"", ""n"": 150},{""a"": ""attr"", ""t"": ""jinbi"", ""n"": 200000}",102409,102411,4,0
102411,1,102,450,获得{1}个4星英雄,"{""a"": ""item"", ""t"": ""2017"", ""n"": 150},{""a"": ""attr"", ""t"": ""jinbi"", ""n"": 300000}",102410,102412,4,0
102412,1,102,500,获得{1}个4星英雄,"{""a"": ""item"", ""t"": ""2017"", ""n"": 150},{""a"": ""attr"", ""t"": ""jinbi"", ""n"": 300000}",102411,102414,4,0
102413,1,102,550,获得{1}个4星英雄,"{""a"": ""item"", ""t"": ""2017"", ""n"": 150},{""a"": ""attr"", ""t"": ""jinbi"", ""n"": 300000}",102412,102414,4,0
102414,1,102,600,获得{1}个4星英雄,"{""a"": ""item"", ""t"": ""2017"", ""n"": 150},{""a"": ""attr"", ""t"": ""jinbi"", ""n"": 300000}",102413,102415,4,0
102415,1,102,650,获得{1}个4星英雄,"{""a"": ""item"", ""t"": ""2017"", ""n"": 150},{""a"": ""attr"", ""t"": ""jinbi"", ""n"": 300000}",102414,102416,4,0
102416,1,102,700,获得{1}个4星英雄,"{""a"": ""item"", ""t"": ""2017"", ""n"": 150},{""a"": ""attr"", ""t"": ""jinbi"", ""n"": 400000}",102415,102417,4,0
102417,1,102,750,获得{1}个4星英雄,"{""a"": ""item"", ""t"": ""2017"", ""n"": 150},{""a"": ""attr"", ""t"": ""jinbi"", ""n"": 400000}",102416,102418,4,0
102418,1,102,800,获得{1}个4星英雄,"{""a"": ""item"", ""t"": ""2017"", ""n"": 150},{""a"": ""attr"", ""t"": ""jinbi"", ""n"": 400000}",102417,,4,0
102501,1,102,5,获得{1}个5星英雄,"{""a"": ""item"", ""t"": ""2017"", ""n"": 250},{""a"": ""attr"", ""t"": ""jinbi"", ""n"": 100000}",,102502,5,0
102502,1,102,10,获得{1}个5星英雄,"{""a"": ""item"", ""t"": ""2017"", ""n"": 250},{""a"": ""attr"", ""t"": ""jinbi"", ""n"": 100000}",102501,102503,5,0
102503,1,102,20,获得{1}个5星英雄,"{""a"": ""item"", ""t"": ""2017"", ""n"": 250},{""a"": ""attr"", ""t"": ""jinbi"", ""n"": 100000}",102502,102504,5,0
102504,1,102,40,获得{1}个5星英雄,"{""a"": ""item"", ""t"": ""2017"", ""n"": 250},{""a"": ""attr"", ""t"": ""jinbi"", ""n"": 100000}",102503,102505,5,0
102505,1,102,60,获得{1}个5星英雄,"{""a"": ""item"", ""t"": ""2017"", ""n"": 250},{""a"": ""attr"", ""t"": ""jinbi"", ""n"": 100000}",102504,102506,5,0
102506,1,102,80,获得{1}个5星英雄,"{""a"": ""item"", ""t"": ""2017"", ""n"": 250},{""a"": ""attr"", ""t"": ""jinbi"", ""n"": 200000}",102505,102507,5,0
102507,1,102,100,获得{1}个5星英雄,"{""a"": ""item"", ""t"": ""2017"", ""n"": 250},{""a"": ""attr"", ""t"": ""jinbi"", ""n"": 200000}",102506,102508,5,0
102508,1,102,120,获得{1}个5星英雄,"{""a"": ""item"", ""t"": ""2017"", ""n"": 250},{""a"": ""attr"", ""t"": ""jinbi"", ""n"": 200000}",102507,102509,5,0
102509,1,102,140,获得{1}个5星英雄,"{""a"": ""item"", ""t"": ""2017"", ""n"": 250},{""a"": ""attr"", ""t"": ""jinbi"", ""n"": 200000}",102508,102510,5,0
102510,1,102,160,获得{1}个5星英雄,"{""a"": ""item"", ""t"": ""2017"", ""n"": 250},{""a"": ""attr"", ""t"": ""jinbi"", ""n"": 200000}",102509,102511,5,0
102511,1,102,180,获得{1}个5星英雄,"{""a"": ""item"", ""t"": ""2017"", ""n"": 250},{""a"": ""attr"", ""t"": ""jinbi"", ""n"": 300000}",102510,102512,5,0
102512,1,102,200,获得{1}个5星英雄,"{""a"": ""item"", ""t"": ""2017"", ""n"": 250},{""a"": ""attr"", ""t"": ""jinbi"", ""n"": 300000}",102511,,5,0
102601,1,102,1,获得{1}个6星英雄,"{""a"": ""item"", ""t"": ""2018"", ""n"": 50},{""a"": ""attr"", ""t"": ""jinbi"", ""n"": 500000}",,102602,6,0
102602,1,102,3,获得{1}个6星英雄,"{""a"": ""item"", ""t"": ""2018"", ""n"": 50},{""a"": ""attr"", ""t"": ""jinbi"", ""n"": 500000}",102601,102603,6,0
102603,1,102,5,获得{1}个6星英雄,"{""a"": ""item"", ""t"": ""2018"", ""n"": 50},{""a"": ""attr"", ""t"": ""jinbi"", ""n"": 500000}",102602,102604,6,0
102604,1,102,10,获得{1}个6星英雄,"{""a"": ""item"", ""t"": ""2018"", ""n"": 50},{""a"": ""attr"", ""t"": ""jinbi"", ""n"": 500000}",102603,102605,6,0
102605,1,102,15,获得{1}个6星英雄,"{""a"": ""item"", ""t"": ""2018"", ""n"": 50},{""a"": ""attr"", ""t"": ""jinbi"", ""n"": 500000}",102604,102606,6,0
102606,1,102,20,获得{1}个6星英雄,"{""a"": ""item"", ""t"": ""2018"", ""n"": 50},{""a"": ""attr"", ""t"": ""jinbi"", ""n"": 500000}",102605,102607,6,0
102607,1,102,30,获得{1}个6星英雄,"{""a"": ""item"", ""t"": ""2018"", ""n"": 50},{""a"": ""attr"", ""t"": ""jinbi"", ""n"": 500000}",102606,102608,6,0
102608,1,102,40,获得{1}个6星英雄,"{""a"": ""item"", ""t"": ""2018"", ""n"": 50},{""a"": ""attr"", ""t"": ""jinbi"", ""n"": 500000}",102607,102609,6,0
102609,1,102,50,获得{1}个6星英雄,"{""a"": ""item"", ""t"": ""2018"", ""n"": 50},{""a"": ""attr"", ""t"": ""jinbi"", ""n"": 500000}",102608,102610,6,0
102610,1,102,60,获得{1}个6星英雄,"{""a"": ""item"", ""t"": ""2018"", ""n"": 50},{""a"": ""attr"", ""t"": ""jinbi"", ""n"": 500000}",102609,102611,6,0
102611,1,102,70,获得{1}个6星英雄,"{""a"": ""item"", ""t"": ""2018"", ""n"": 50},{""a"": ""attr"", ""t"": ""jinbi"", ""n"": 500000}",102610,102612,6,0
102612,1,102,80,获得{1}个6星英雄,"{""a"": ""item"", ""t"": ""2018"", ""n"": 50},{""a"": ""attr"", ""t"": ""jinbi"", ""n"": 500000}",102611,102613,6,0
102613,1,102,90,获得{1}个6星英雄,"{""a"": ""item"", ""t"": ""2018"", ""n"": 50},{""a"": ""attr"", ""t"": ""jinbi"", ""n"": 500000}",102612,102614,6,0
102614,1,102,100,获得{1}个6星英雄,"{""a"": ""item"", ""t"": ""2018"", ""n"": 50},{""a"": ""attr"", ""t"": ""jinbi"", ""n"": 500000}",102613,,6,0
103001,1,103,30,分解{1}个英雄,"{""a"": ""item"", ""t"": ""2017"", ""n"": 100},{""a"": ""attr"", ""t"": ""jinbi"", ""n"": 100000}",,103002,,0
103002,1,103,50,分解{1}个英雄,"{""a"": ""item"", ""t"": ""2017"", ""n"": 100},{""a"": ""attr"", ""t"": ""jinbi"", ""n"": 100000}",103001,103003,,0
103003,1,103,100,分解{1}个英雄,"{""a"": ""item"", ""t"": ""2017"", ""n"": 100},{""a"": ""attr"", ""t"": ""jinbi"", ""n"": 100000}",103002,103004,,0
103004,1,103,150,分解{1}个英雄,"{""a"": ""item"", ""t"": ""2017"", ""n"": 100},{""a"": ""attr"", ""t"": ""jinbi"", ""n"": 100000}",103003,103005,,0
103005,1,103,200,分解{1}个英雄,"{""a"": ""item"", ""t"": ""2017"", ""n"": 100},{""a"": ""attr"", ""t"": ""jinbi"", ""n"": 100000}",103004,103006,,0
103006,1,103,250,分解{1}个英雄,"{""a"": ""item"", ""t"": ""2017"", ""n"": 100},{""a"": ""attr"", ""t"": ""jinbi"", ""n"": 100000}",103005,103007,,0
103007,1,103,300,分解{1}个英雄,"{""a"": ""item"", ""t"": ""2017"", ""n"": 100},{""a"": ""attr"", ""t"": ""jinbi"", ""n"": 100000}",103006,103008,,0
103008,1,103,350,分解{1}个英雄,"{""a"": ""item"", ""t"": ""2017"", ""n"": 100},{""a"": ""attr"", ""t"": ""jinbi"", ""n"": 100000}",103007,103009,,0
103009,1,103,400,分解{1}个英雄,"{""a"": ""item"", ""t"": ""2017"", ""n"": 100},{""a"": ""attr"", ""t"": ""jinbi"", ""n"": 100000}",103008,103010,,0
103010,1,103,450,分解{1}个英雄,"{""a"": ""item"", ""t"": ""2017"", ""n"": 100},{""a"": ""attr"", ""t"": ""jinbi"", ""n"": 100000}",103009,103011,,0
103011,1,103,500,分解{1}个英雄,"{""a"": ""item"", ""t"": ""2017"", ""n"": 100},{""a"": ""attr"", ""t"": ""jinbi"", ""n"": 100000}",103010,103012,,0
103012,1,103,550,分解{1}个英雄,"{""a"": ""item"", ""t"": ""2017"", ""n"": 100},{""a"": ""attr"", ""t"": ""jinbi"", ""n"": 100000}",103011,103013,,0
103013,1,103,600,分解{1}个英雄,"{""a"": ""item"", ""t"": ""2017"", ""n"": 100},{""a"": ""attr"", ""t"": ""jinbi"", ""n"": 100000}",103012,103014,,0
103014,1,103,650,分解{1}个英雄,"{""a"": ""item"", ""t"": ""2017"", ""n"": 100},{""a"": ""attr"", ""t"": ""jinbi"", ""n"": 100000}",103013,103015,,0
103015,1,103,700,分解{1}个英雄,"{""a"": ""item"", ""t"": ""2017"", ""n"": 100},{""a"": ""attr"", ""t"": ""jinbi"", ""n"": 100000}",103014,103016,,0
103016,1,103,750,分解{1}个英雄,"{""a"": ""item"", ""t"": ""2017"", ""n"": 100},{""a"": ""attr"", ""t"": ""jinbi"", ""n"": 100000}",103015,103017,,0
103017,1,103,800,分解{1}个英雄,"{""a"": ""item"", ""t"": ""2017"", ""n"": 100},{""a"": ""attr"", ""t"": ""jinbi"", ""n"": 100000}",103016,103018,,0
103018,1,103,850,分解{1}个英雄,"{""a"": ""item"", ""t"": ""2017"", ""n"": 100},{""a"": ""attr"", ""t"": ""jinbi"", ""n"": 100000}",103017,103019,,0
103019,1,103,900,分解{1}个英雄,"{""a"": ""item"", ""t"": ""2017"", ""n"": 100},{""a"": ""attr"", ""t"": ""jinbi"", ""n"": 100000}",103018,103020,,0
103020,1,103,950,分解{1}个英雄,"{""a"": ""item"", ""t"": ""2017"", ""n"": 100},{""a"": ""attr"", ""t"": ""jinbi"", ""n"": 100000}",103019,103021,,0
103021,1,103,1000,分解{1}个英雄,"{""a"": ""item"", ""t"": ""2017"", ""n"": 100},{""a"": ""attr"", ""t"": ""jinbi"", ""n"": 100000}",103020,,,0
104301,1,104,5,获得{1}件紫色装备,"{""a"": ""item"", ""t"": ""2017"", ""n"": 250},{""a"": ""attr"", ""t"": ""jinbi"", ""n"": 100000}",,104302,3,0
104302,1,104,10,获得{1}件紫色装备,"{""a"": ""item"", ""t"": ""2017"", ""n"": 250},{""a"": ""attr"", ""t"": ""jinbi"", ""n"": 100000}",104301,104303,3,0
104303,1,104,20,获得{1}件紫色装备,"{""a"": ""item"", ""t"": ""2017"", ""n"": 250},{""a"": ""attr"", ""t"": ""jinbi"", ""n"": 100000}",104302,104304,3,0
104304,1,104,30,获得{1}件紫色装备,"{""a"": ""item"", ""t"": ""2017"", ""n"": 250},{""a"": ""attr"", ""t"": ""jinbi"", ""n"": 100000}",104303,104305,3,0
104305,1,104,40,获得{1}件紫色装备,"{""a"": ""item"", ""t"": ""2017"", ""n"": 250},{""a"": ""attr"", ""t"": ""jinbi"", ""n"": 100000}",104304,104306,3,0
104306,1,104,50,获得{1}件紫色装备,"{""a"": ""item"", ""t"": ""2017"", ""n"": 250},{""a"": ""attr"", ""t"": ""jinbi"", ""n"": 200000}",104305,104307,3,0
104307,1,104,60,获得{1}件紫色装备,"{""a"": ""item"", ""t"": ""2017"", ""n"": 250},{""a"": ""attr"", ""t"": ""jinbi"", ""n"": 200000}",104306,104308,3,0
104308,1,104,70,获得{1}件紫色装备,"{""a"": ""item"", ""t"": ""2017"", ""n"": 250},{""a"": ""attr"", ""t"": ""jinbi"", ""n"": 200000}",104307,104309,3,0
104309,1,104,80,获得{1}件紫色装备,"{""a"": ""item"", ""t"": ""2017"", ""n"": 250},{""a"": ""attr"", ""t"": ""jinbi"", ""n"": 200000}",104308,104310,3,0
104310,1,104,90,获得{1}件紫色装备,"{""a"": ""item"", ""t"": ""2017"", ""n"": 250},{""a"": ""attr"", ""t"": ""jinbi"", ""n"": 200000}",104309,104311,3,0
104311,1,104,100,获得{1}件紫色装备,"{""a"": ""item"", ""t"": ""2017"", ""n"": 250},{""a"": ""attr"", ""t"": ""jinbi"", ""n"": 300000}",104310,,3,0
104401,1,104,5,获得{1}件橙色装备,"{""a"": ""item"", ""t"": ""2018"", ""n"": 50},{""a"": ""attr"", ""t"": ""jinbi"", ""n"": 300000}",,104402,4,0
104402,1,104,10,获得{1}件橙色装备,"{""a"": ""item"", ""t"": ""2018"", ""n"": 50},{""a"": ""attr"", ""t"": ""jinbi"", ""n"": 300000}",104401,104403,4,0
104403,1,104,20,获得{1}件橙色装备,"{""a"": ""item"", ""t"": ""2018"", ""n"": 50},{""a"": ""attr"", ""t"": ""jinbi"", ""n"": 300000}",104402,104404,4,0
104404,1,104,30,获得{1}件橙色装备,"{""a"": ""item"", ""t"": ""2018"", ""n"": 50},{""a"": ""attr"", ""t"": ""jinbi"", ""n"": 300000}",104403,104405,4,0
104405,1,104,40,获得{1}件橙色装备,"{""a"": ""item"", ""t"": ""2018"", ""n"": 50},{""a"": ""attr"", ""t"": ""jinbi"", ""n"": 300000}",104404,104406,4,0
104406,1,104,50,获得{1}件橙色装备,"{""a"": ""item"", ""t"": ""2018"", ""n"": 50},{""a"": ""attr"", ""t"": ""jinbi"", ""n"": 300000}",104405,104407,4,0
104407,1,104,60,获得{1}件橙色装备,"{""a"": ""item"", ""t"": ""2018"", ""n"": 50},{""a"": ""attr"", ""t"": ""jinbi"", ""n"": 300000}",104406,104408,4,0
104408,1,104,70,获得{1}件橙色装备,"{""a"": ""item"", ""t"": ""2018"", ""n"": 50},{""a"": ""attr"", ""t"": ""jinbi"", ""n"": 300000}",104407,104409,4,0
104409,1,104,80,获得{1}件橙色装备,"{""a"": ""item"", ""t"": ""2018"", ""n"": 50},{""a"": ""attr"", ""t"": ""jinbi"", ""n"": 300000}",104408,104410,4,0
104410,1,104,90,获得{1}件橙色装备,"{""a"": ""item"", ""t"": ""2018"", ""n"": 50},{""a"": ""attr"", ""t"": ""jinbi"", ""n"": 300000}",104409,104411,4,0
104411,1,104,100,获得{1}件橙色装备,"{""a"": ""item"", ""t"": ""2018"", ""n"": 50},{""a"": ""attr"", ""t"": ""jinbi"", ""n"": 300000}",104410,,4,0
104501,1,104,5,获得{1}件红色装备,"{""a"": ""item"", ""t"": ""2018"", ""n"": 100},{""a"": ""attr"", ""t"": ""jinbi"", ""n"": 500000}",,104502,5,0
104502,1,104,10,获得{1}件红色装备,"{""a"": ""item"", ""t"": ""2018"", ""n"": 100},{""a"": ""attr"", ""t"": ""jinbi"", ""n"": 500000}",104501,104503,5,0
104503,1,104,20,获得{1}件红色装备,"{""a"": ""item"", ""t"": ""2018"", ""n"": 100},{""a"": ""attr"", ""t"": ""jinbi"", ""n"": 500000}",104502,104504,5,0
104504,1,104,30,获得{1}件红色装备,"{""a"": ""item"", ""t"": ""2018"", ""n"": 100},{""a"": ""attr"", ""t"": ""jinbi"", ""n"": 500000}",104503,104505,5,0
104505,1,104,40,获得{1}件红色装备,"{""a"": ""item"", ""t"": ""2018"", ""n"": 100},{""a"": ""attr"", ""t"": ""jinbi"", ""n"": 500000}",104504,104506,5,0
104506,1,104,50,获得{1}件红色装备,"{""a"": ""item"", ""t"": ""2018"", ""n"": 100},{""a"": ""attr"", ""t"": ""jinbi"", ""n"": 500000}",104505,104507,5,0
104507,1,104,60,获得{1}件红色装备,"{""a"": ""item"", ""t"": ""2018"", ""n"": 100},{""a"": ""attr"", ""t"": ""jinbi"", ""n"": 500000}",104506,104508,5,0
104508,1,104,70,获得{1}件红色装备,"{""a"": ""item"", ""t"": ""2018"", ""n"": 100},{""a"": ""attr"", ""t"": ""jinbi"", ""n"": 500000}",104507,104509,5,0
104509,1,104,80,获得{1}件红色装备,"{""a"": ""item"", ""t"": ""2018"", ""n"": 100},{""a"": ""attr"", ""t"": ""jinbi"", ""n"": 500000}",104508,104510,5,0
104510,1,104,90,获得{1}件红色装备,"{""a"": ""item"", ""t"": ""2018"", ""n"": 100},{""a"": ""attr"", ""t"": ""jinbi"", ""n"": 500000}",104509,104511,5,0
104511,1,104,100,获得{1}件红色装备,"{""a"": ""item"", ""t"": ""2018"", ""n"": 100},{""a"": ""attr"", ""t"": ""jinbi"", ""n"": 500000}",104510,,5,0
105001,1,105,20,自由竞技场胜{1}次,"{""a"": ""item"", ""t"": ""2017"", ""n"": 100},{""a"": ""attr"", ""t"": ""jinbi"", ""n"": 100000}",,105002,,0
105002,1,105,35,自由竞技场胜{1}次,"{""a"": ""item"", ""t"": ""2017"", ""n"": 100},{""a"": ""attr"", ""t"": ""jinbi"", ""n"": 100000}",105001,105003,,0
105003,1,105,50,自由竞技场胜{1}次,"{""a"": ""item"", ""t"": ""2017"", ""n"": 100},{""a"": ""attr"", ""t"": ""jinbi"", ""n"": 100000}",105002,105004,,0
105004,1,105,100,自由竞技场胜{1}次,"{""a"": ""item"", ""t"": ""2017"", ""n"": 100},{""a"": ""attr"", ""t"": ""jinbi"", ""n"": 100000}",105003,105005,,0
105005,1,105,150,自由竞技场胜{1}次,"{""a"": ""item"", ""t"": ""2017"", ""n"": 100},{""a"": ""attr"", ""t"": ""jinbi"", ""n"": 100000}",105004,105006,,0
105006,1,105,200,自由竞技场胜{1}次,"{""a"": ""item"", ""t"": ""2017"", ""n"": 100},{""a"": ""attr"", ""t"": ""jinbi"", ""n"": 100000}",105005,105007,,0
105007,1,105,250,自由竞技场胜{1}次,"{""a"": ""item"", ""t"": ""2017"", ""n"": 100},{""a"": ""attr"", ""t"": ""jinbi"", ""n"": 100000}",105006,105008,,0
105008,1,105,300,自由竞技场胜{1}次,"{""a"": ""item"", ""t"": ""2017"", ""n"": 100},{""a"": ""attr"", ""t"": ""jinbi"", ""n"": 100000}",105007,105009,,0
105009,1,105,350,自由竞技场胜{1}次,"{""a"": ""item"", ""t"": ""2017"", ""n"": 100},{""a"": ""attr"", ""t"": ""jinbi"", ""n"": 100000}",105008,105010,,0
105010,1,105,400,自由竞技场胜{1}次,"{""a"": ""item"", ""t"": ""2017"", ""n"": 100},{""a"": ""attr"", ""t"": ""jinbi"", ""n"": 100000}",105009,105011,,0
105011,1,105,450,自由竞技场胜{1}次,"{""a"": ""item"", ""t"": ""2017"", ""n"": 100},{""a"": ""attr"", ""t"": ""jinbi"", ""n"": 100000}",105010,105012,,0
105012,1,105,500,自由竞技场胜{1}次,"{""a"": ""item"", ""t"": ""2017"", ""n"": 100},{""a"": ""attr"", ""t"": ""jinbi"", ""n"": 100000}",105011,105013,,0
105013,1,105,550,自由竞技场胜{1}次,"{""a"": ""item"", ""t"": ""2017"", ""n"": 100},{""a"": ""attr"", ""t"": ""jinbi"", ""n"": 100000}",105012,105014,,0
105014,1,105,600,自由竞技场胜{1}次,"{""a"": ""item"", ""t"": ""2017"", ""n"": 100},{""a"": ""attr"", ""t"": ""jinbi"", ""n"": 100000}",105013,105015,,0
105015,1,105,650,自由竞技场胜{1}次,"{""a"": ""item"", ""t"": ""2017"", ""n"": 100},{""a"": ""attr"", ""t"": ""jinbi"", ""n"": 100000}",105014,105016,,0
105016,1,105,700,自由竞技场胜{1}次,"{""a"": ""item"", ""t"": ""2017"", ""n"": 100},{""a"": ""attr"", ""t"": ""jinbi"", ""n"": 100000}",105015,105017,,0
105017,1,105,750,自由竞技场胜{1}次,"{""a"": ""item"", ""t"": ""2017"", ""n"": 100},{""a"": ""attr"", ""t"": ""jinbi"", ""n"": 100000}",105016,105018,,0
105018,1,105,800,自由竞技场胜{1}次,"{""a"": ""item"", ""t"": ""2017"", ""n"": 100},{""a"": ""attr"", ""t"": ""jinbi"", ""n"": 100000}",105017,105019,,0
105019,1,105,850,自由竞技场胜{1}次,"{""a"": ""item"", ""t"": ""2017"", ""n"": 100},{""a"": ""attr"", ""t"": ""jinbi"", ""n"": 100000}",105018,105020,,0
105020,1,105,900,自由竞技场胜{1}次,"{""a"": ""item"", ""t"": ""2017"", ""n"": 100},{""a"": ""attr"", ""t"": ""jinbi"", ""n"": 100000}",105019,105021,,0
105021,1,105,950,自由竞技场胜{1}次,"{""a"": ""item"", ""t"": ""2017"", ""n"": 100},{""a"": ""attr"", ""t"": ""jinbi"", ""n"": 100000}",105020,105022,,0
105022,1,105,1000,自由竞技场胜{1}次,"{""a"": ""item"", ""t"": ""2017"", ""n"": 100},{""a"": ""attr"", ""t"": ""jinbi"", ""n"": 100000}",105021,,,0
107301,1,107,20,完成蓝色悬赏任务{1}次,"{""a"": ""item"", ""t"": ""2017"", ""n"": 100},{""a"": ""attr"", ""t"": ""jinbi"", ""n"": 100000}",,107302,2,0
107302,1,107,30,完成蓝色悬赏任务{1}次,"{""a"": ""item"", ""t"": ""2017"", ""n"": 100},{""a"": ""attr"", ""t"": ""jinbi"", ""n"": 100000}",107301,107303,2,0
107303,1,107,50,完成蓝色悬赏任务{1}次,"{""a"": ""item"", ""t"": ""2017"", ""n"": 100},{""a"": ""attr"", ""t"": ""jinbi"", ""n"": 100000}",107302,107304,2,0
107304,1,107,100,完成蓝色悬赏任务{1}次,"{""a"": ""item"", ""t"": ""2017"", ""n"": 100},{""a"": ""attr"", ""t"": ""jinbi"", ""n"": 100000}",107303,107305,2,0
107305,1,107,150,完成蓝色悬赏任务{1}次,"{""a"": ""item"", ""t"": ""2017"", ""n"": 100},{""a"": ""attr"", ""t"": ""jinbi"", ""n"": 100000}",107304,107306,2,0
107306,1,107,200,完成蓝色悬赏任务{1}次,"{""a"": ""item"", ""t"": ""2017"", ""n"": 100},{""a"": ""attr"", ""t"": ""jinbi"", ""n"": 200000}",107305,107307,2,0
107307,1,107,250,完成蓝色悬赏任务{1}次,"{""a"": ""item"", ""t"": ""2017"", ""n"": 100},{""a"": ""attr"", ""t"": ""jinbi"", ""n"": 200000}",107306,107308,2,0
107308,1,107,300,完成蓝色悬赏任务{1}次,"{""a"": ""item"", ""t"": ""2017"", ""n"": 100},{""a"": ""attr"", ""t"": ""jinbi"", ""n"": 200000}",107307,107309,2,0
107309,1,107,350,完成蓝色悬赏任务{1}次,"{""a"": ""item"", ""t"": ""2017"", ""n"": 100},{""a"": ""attr"", ""t"": ""jinbi"", ""n"": 200000}",107308,107310,2,0
107310,1,107,400,完成蓝色悬赏任务{1}次,"{""a"": ""item"", ""t"": ""2017"", ""n"": 100},{""a"": ""attr"", ""t"": ""jinbi"", ""n"": 200000}",107309,107311,2,0
107311,1,107,450,完成蓝色悬赏任务{1}次,"{""a"": ""item"", ""t"": ""2017"", ""n"": 100},{""a"": ""attr"", ""t"": ""jinbi"", ""n"": 300000}",107310,107312,2,0
107312,1,107,500,完成蓝色悬赏任务{1}次,"{""a"": ""item"", ""t"": ""2017"", ""n"": 100},{""a"": ""attr"", ""t"": ""jinbi"", ""n"": 300000}",107311,,2,0
106001,1,106,1200,自由竞技场达到{1}分,"{""a"": ""item"", ""t"": ""2018"", ""n"": 100},{""a"": ""attr"", ""t"": ""jinbi"", ""n"": 200000}",,106002,,0
106002,1,106,1400,自由竞技场达到{1}分,"{""a"": ""item"", ""t"": ""2018"", ""n"": 100},{""a"": ""attr"", ""t"": ""jinbi"", ""n"": 400000}",106001,106003,,0
106003,1,106,1600,自由竞技场达到{1}分,"{""a"": ""item"", ""t"": ""2018"", ""n"": 100},{""a"": ""attr"", ""t"": ""jinbi"", ""n"": 500000}",106002,106004,,0
106004,1,106,1800,自由竞技场达到{1}分,"{""a"": ""item"", ""t"": ""2018"", ""n"": 200},{""a"": ""attr"", ""t"": ""jinbi"", ""n"": 800000}",106003,106005,,0
106005,1,106,2000,自由竞技场达到{1}分,"{""a"": ""item"", ""t"": ""2018"", ""n"": 300},{""a"": ""attr"", ""t"": ""jinbi"", ""n"": 1000000}",106004,,,0
107401,1,107,20,完成紫色悬赏{1}次,"{""a"": ""item"", ""t"": ""2017"", ""n"": 150},{""a"": ""attr"", ""t"": ""jinbi"", ""n"": 100000}",,107402,3,0
107402,1,107,30,完成紫色悬赏{1}次,"{""a"": ""item"", ""t"": ""2017"", ""n"": 150},{""a"": ""attr"", ""t"": ""jinbi"", ""n"": 100000}",107401,107403,3,0
107403,1,107,50,完成紫色悬赏{1}次,"{""a"": ""item"", ""t"": ""2017"", ""n"": 150},{""a"": ""attr"", ""t"": ""jinbi"", ""n"": 100000}",107402,107404,3,0
107404,1,107,100,完成紫色悬赏{1}次,"{""a"": ""item"", ""t"": ""2017"", ""n"": 150},{""a"": ""attr"", ""t"": ""jinbi"", ""n"": 100000}",107403,107405,3,0
107405,1,107,150,完成紫色悬赏{1}次,"{""a"": ""item"", ""t"": ""2017"", ""n"": 150},{""a"": ""attr"", ""t"": ""jinbi"", ""n"": 100000}",107404,107406,3,0
107406,1,107,200,完成紫色悬赏{1}次,"{""a"": ""item"", ""t"": ""2017"", ""n"": 150},{""a"": ""attr"", ""t"": ""jinbi"", ""n"": 200000}",107405,107407,3,0
107407,1,107,250,完成紫色悬赏{1}次,"{""a"": ""item"", ""t"": ""2017"", ""n"": 150},{""a"": ""attr"", ""t"": ""jinbi"", ""n"": 200000}",107406,107408,3,0
107408,1,107,300,完成紫色悬赏{1}次,"{""a"": ""item"", ""t"": ""2017"", ""n"": 150},{""a"": ""attr"", ""t"": ""jinbi"", ""n"": 200000}",107407,107409,3,0
107409,1,107,350,完成紫色悬赏{1}次,"{""a"": ""item"", ""t"": ""2017"", ""n"": 150},{""a"": ""attr"", ""t"": ""jinbi"", ""n"": 200000}",107408,107410,3,0
107410,1,107,400,完成紫色悬赏{1}次,"{""a"": ""item"", ""t"": ""2017"", ""n"": 150},{""a"": ""attr"", ""t"": ""jinbi"", ""n"": 200000}",107409,107411,3,0
107411,1,107,450,完成紫色悬赏{1}次,"{""a"": ""item"", ""t"": ""2017"", ""n"": 150},{""a"": ""attr"", ""t"": ""jinbi"", ""n"": 300000}",107410,107412,3,0
107412,1,107,500,完成紫色悬赏{1}次,"{""a"": ""item"", ""t"": ""2017"", ""n"": 150},{""a"": ""attr"", ""t"": ""jinbi"", ""n"": 300000}",107411,,3,0
107501,1,107,5,完成橙色悬赏任务{1}次,"{""a"": ""item"", ""t"": ""2018"", ""n"": 50},{""a"": ""attr"", ""t"": ""jinbi"", ""n"": 500000}",,107502,4,0
107502,1,107,10,完成橙色悬赏任务{1}次,"{""a"": ""item"", ""t"": ""2018"", ""n"": 50},{""a"": ""attr"", ""t"": ""jinbi"", ""n"": 500000}",107501,107503,4,0
107503,1,107,20,完成橙色悬赏任务{1}次,"{""a"": ""item"", ""t"": ""2018"", ""n"": 50},{""a"": ""attr"", ""t"": ""jinbi"", ""n"": 500000}",107502,107504,4,0
107504,1,107,30,完成橙色悬赏任务{1}次,"{""a"": ""item"", ""t"": ""2018"", ""n"": 50},{""a"": ""attr"", ""t"": ""jinbi"", ""n"": 500000}",107503,107505,4,0
107505,1,107,40,完成橙色悬赏任务{1}次,"{""a"": ""item"", ""t"": ""2018"", ""n"": 50},{""a"": ""attr"", ""t"": ""jinbi"", ""n"": 500000}",107504,107506,4,0
107506,1,107,50,完成橙色悬赏任务{1}次,"{""a"": ""item"", ""t"": ""2018"", ""n"": 50},{""a"": ""attr"", ""t"": ""jinbi"", ""n"": 500000}",107505,107507,4,0
107507,1,107,60,完成橙色悬赏任务{1}次,"{""a"": ""item"", ""t"": ""2018"", ""n"": 50},{""a"": ""attr"", ""t"": ""jinbi"", ""n"": 500000}",107506,107508,4,0
107508,1,107,70,完成橙色悬赏任务{1}次,"{""a"": ""item"", ""t"": ""2018"", ""n"": 50},{""a"": ""attr"", ""t"": ""jinbi"", ""n"": 500000}",107507,107509,4,0
107509,1,107,80,完成橙色悬赏任务{1}次,"{""a"": ""item"", ""t"": ""2018"", ""n"": 50},{""a"": ""attr"", ""t"": ""jinbi"", ""n"": 500000}",107508,107510,4,0
107510,1,107,90,完成橙色悬赏任务{1}次,"{""a"": ""item"", ""t"": ""2018"", ""n"": 50},{""a"": ""attr"", ""t"": ""jinbi"", ""n"": 500000}",107509,107511,4,0
107511,1,107,100,完成橙色悬赏任务{1}次,"{""a"": ""item"", ""t"": ""2018"", ""n"": 50},{""a"": ""attr"", ""t"": ""jinbi"", ""n"": 500000}",107510,,4,0
107601,1,107,5,完成红色悬赏任务{1}次,"{""a"": ""item"", ""t"": ""2018"", ""n"": 100},{""a"": ""attr"", ""t"": ""jinbi"", ""n"": 500000}",,107602,5,0
107602,1,107,10,完成红色悬赏任务{1}次,"{""a"": ""item"", ""t"": ""2018"", ""n"": 100},{""a"": ""attr"", ""t"": ""jinbi"", ""n"": 500000}",107601,107603,5,0
107603,1,107,20,完成红色悬赏任务{1}次,"{""a"": ""item"", ""t"": ""2018"", ""n"": 100},{""a"": ""attr"", ""t"": ""jinbi"", ""n"": 500000}",107602,107604,5,0
107604,1,107,30,完成红色悬赏任务{1}次,"{""a"": ""item"", ""t"": ""2018"", ""n"": 100},{""a"": ""attr"", ""t"": ""jinbi"", ""n"": 500000}",107603,107605,5,0
107605,1,107,40,完成红色悬赏任务{1}次,"{""a"": ""item"", ""t"": ""2018"", ""n"": 100},{""a"": ""attr"", ""t"": ""jinbi"", ""n"": 500000}",107604,107606,5,0
107606,1,107,50,完成红色悬赏任务{1}次,"{""a"": ""item"", ""t"": ""2018"", ""n"": 100},{""a"": ""attr"", ""t"": ""jinbi"", ""n"": 500000}",107605,107607,5,0
107607,1,107,60,完成红色悬赏任务{1}次,"{""a"": ""item"", ""t"": ""2018"", ""n"": 100},{""a"": ""attr"", ""t"": ""jinbi"", ""n"": 500000}",107606,107608,5,0
107608,1,107,70,完成红色悬赏任务{1}次,"{""a"": ""item"", ""t"": ""2018"", ""n"": 100},{""a"": ""attr"", ""t"": ""jinbi"", ""n"": 500000}",107607,107609,5,0
107609,1,107,80,完成红色悬赏任务{1}次,"{""a"": ""item"", ""t"": ""2018"", ""n"": 100},{""a"": ""attr"", ""t"": ""jinbi"", ""n"": 500000}",107608,107610,5,0
107610,1,107,90,完成红色悬赏任务{1}次,"{""a"": ""item"", ""t"": ""2018"", ""n"": 100},{""a"": ""attr"", ""t"": ""jinbi"", ""n"": 500000}",107609,107611,5,0
107611,1,107,100,完成红色悬赏任务{1}次,"{""a"": ""item"", ""t"": ""2018"", ""n"": 100},{""a"": ""attr"", ""t"": ""jinbi"", ""n"": 500000}",107610,,5,0
108001,1,108,1,公会探宝发现{1}次敌人,"{""a"": ""item"", ""t"": ""2017"", ""n"": 100},{""a"": ""attr"", ""t"": ""jinbi"", ""n"": 100000}",,108002,,0
108002,1,108,3,公会探宝发现{1}次敌人,"{""a"": ""item"", ""t"": ""2017"", ""n"": 100},{""a"": ""attr"", ""t"": ""jinbi"", ""n"": 100000}",108001,108003,,0
108003,1,108,5,公会探宝发现{1}次敌人,"{""a"": ""item"", ""t"": ""2017"", ""n"": 100},{""a"": ""attr"", ""t"": ""jinbi"", ""n"": 100000}",108002,108004,,0
108004,1,108,10,公会探宝发现{1}次敌人,"{""a"": ""item"", ""t"": ""2017"", ""n"": 100},{""a"": ""attr"", ""t"": ""jinbi"", ""n"": 100000}",108003,108005,,0
108005,1,108,20,公会探宝发现{1}次敌人,"{""a"": ""item"", ""t"": ""2017"", ""n"": 100},{""a"": ""attr"", ""t"": ""jinbi"", ""n"": 100000}",108004,108006,,0
108006,1,108,30,公会探宝发现{1}次敌人,"{""a"": ""item"", ""t"": ""2017"", ""n"": 100},{""a"": ""attr"", ""t"": ""jinbi"", ""n"": 200000}",108005,108007,,0
108007,1,108,40,公会探宝发现{1}次敌人,"{""a"": ""item"", ""t"": ""2017"", ""n"": 100},{""a"": ""attr"", ""t"": ""jinbi"", ""n"": 200000}",108006,108008,,0
108008,1,108,50,公会探宝发现{1}次敌人,"{""a"": ""item"", ""t"": ""2017"", ""n"": 100},{""a"": ""attr"", ""t"": ""jinbi"", ""n"": 200000}",108007,108009,,0
108009,1,108,60,公会探宝发现{1}次敌人,"{""a"": ""item"", ""t"": ""2017"", ""n"": 100},{""a"": ""attr"", ""t"": ""jinbi"", ""n"": 200000}",108008,108010,,0
108010,1,108,70,公会探宝发现{1}次敌人,"{""a"": ""item"", ""t"": ""2017"", ""n"": 100},{""a"": ""attr"", ""t"": ""jinbi"", ""n"": 200000}",108009,108011,,0
108011,1,108,80,公会探宝发现{1}次敌人,"{""a"": ""item"", ""t"": ""2017"", ""n"": 100},{""a"": ""attr"", ""t"": ""jinbi"", ""n"": 300000}",108010,108012,,0
108012,1,108,90,公会探宝发现{1}次敌人,"{""a"": ""item"", ""t"": ""2017"", ""n"": 100},{""a"": ""attr"", ""t"": ""jinbi"", ""n"": 300000}",108011,108013,,0
108013,1,108,100,公会探宝发现{1}次敌人,"{""a"": ""item"", ""t"": ""2017"", ""n"": 100},{""a"": ""attr"", ""t"": ""jinbi"", ""n"": 300000}",108012,,,0
109001,1,109,11,十字军通过第{1}关,"{""a"": ""item"", ""t"": ""2002"", ""n"": 1000},{""a"": ""attr"", ""t"": ""rmbmoney"", ""n"": 200}",,109002,,0
109002,1,109,12,十字军通过第{1}关,"{""a"": ""item"", ""t"": ""2002"", ""n"": 2000},{""a"": ""attr"", ""t"": ""rmbmoney"", ""n"": 300}",109001,109003,,0
109003,1,109,13,十字军通过第{1}关,"{""a"": ""item"", ""t"": ""2002"", ""n"": 3000},{""a"": ""attr"", ""t"": ""rmbmoney"", ""n"": 400}",109002,109004,,0
109004,1,109,14,十字军通过第{1}关,"{""a"": ""item"", ""t"": ""2002"", ""n"": 4000},{""a"": ""attr"", ""t"": ""rmbmoney"", ""n"": 400}",109003,109005,,0
109005,1,109,15,十字军通过第{1}关,"{""a"": ""item"", ""t"": ""2002"", ""n"": 5000},{""a"": ""attr"", ""t"": ""rmbmoney"", ""n"": 500}",109004,,,0
110001,1,110,1,魔法转盘获得{1}次5星英雄,"{""a"": ""item"", ""t"": ""2018"", ""n"": 100},{""a"": ""attr"", ""t"": ""jinbi"", ""n"": 500000}",,110002,5,0
110002,1,110,3,魔法转盘获得{1}次5星英雄,"{""a"": ""item"", ""t"": ""2018"", ""n"": 100},{""a"": ""attr"", ""t"": ""jinbi"", ""n"": 500000}",110001,110003,5,0
110003,1,110,5,魔法转盘获得{1}次5星英雄,"{""a"": ""item"", ""t"": ""2018"", ""n"": 100},{""a"": ""attr"", ""t"": ""jinbi"", ""n"": 500000}",110002,110004,5,0
110004,1,110,10,魔法转盘获得{1}次5星英雄,"{""a"": ""item"", ""t"": ""2018"", ""n"": 100},{""a"": ""attr"", ""t"": ""jinbi"", ""n"": 500000}",110003,110005,5,0
110005,1,110,20,魔法转盘获得{1}次5星英雄,"{""a"": ""item"", ""t"": ""2018"", ""n"": 100},{""a"": ""attr"", ""t"": ""jinbi"", ""n"": 500000}",110004,110006,5,0
110006,1,110,30,魔法转盘获得{1}次5星英雄,"{""a"": ""item"", ""t"": ""2018"", ""n"": 100},{""a"": ""attr"", ""t"": ""jinbi"", ""n"": 500000}",110005,110007,5,0
110007,1,110,40,魔法转盘获得{1}次5星英雄,"{""a"": ""item"", ""t"": ""2018"", ""n"": 100},{""a"": ""attr"", ""t"": ""jinbi"", ""n"": 500000}",110006,110008,5,0
110008,1,110,50,魔法转盘获得{1}次5星英雄,"{""a"": ""item"", ""t"": ""2018"", ""n"": 100},{""a"": ""attr"", ""t"": ""jinbi"", ""n"": 500000}",110007,110009,5,0
110009,1,110,60,魔法转盘获得{1}次5星英雄,"{""a"": ""item"", ""t"": ""2018"", ""n"": 100},{""a"": ""attr"", ""t"": ""jinbi"", ""n"": 500000}",110008,110010,5,0
110010,1,110,70,魔法转盘获得{1}次5星英雄,"{""a"": ""item"", ""t"": ""2018"", ""n"": 100},{""a"": ""attr"", ""t"": ""jinbi"", ""n"": 500000}",110009,110011,5,0
110011,1,110,80,魔法转盘获得{1}次5星英雄,"{""a"": ""item"", ""t"": ""2018"", ""n"": 100},{""a"": ""attr"", ""t"": ""jinbi"", ""n"": 500000}",110010,110012,5,0
110012,1,110,90,魔法转盘获得{1}次5星英雄,"{""a"": ""item"", ""t"": ""2018"", ""n"": 100},{""a"": ""attr"", ""t"": ""jinbi"", ""n"": 500000}",110011,110013,5,0
110013,1,110,100,魔法转盘获得{1}次5星英雄,"{""a"": ""item"", ""t"": ""2018"", ""n"": 100},{""a"": ""attr"", ""t"": ""jinbi"", ""n"": 500000}",110012,,5,0
111001,1,111,10,在召唤之书召唤{1}次,"{""a"": ""item"", ""t"": ""2018"", ""n"": 150},{""a"": ""attr"", ""t"": ""jinbi"", ""n"": 500000}",,111002,,0
111002,1,111,20,在召唤之书召唤{1}次,"{""a"": ""item"", ""t"": ""2018"", ""n"": 150},{""a"": ""attr"", ""t"": ""jinbi"", ""n"": 500000}",111001,111003,,0
111003,1,111,50,在召唤之书召唤{1}次,"{""a"": ""item"", ""t"": ""2018"", ""n"": 150},{""a"": ""attr"", ""t"": ""jinbi"", ""n"": 500000}",111002,111004,,0
111004,1,111,100,在召唤之书召唤{1}次,"{""a"": ""item"", ""t"": ""2018"", ""n"": 150},{""a"": ""attr"", ""t"": ""jinbi"", ""n"": 500000}",111003,111005,,0
111005,1,111,150,在召唤之书召唤{1}次,"{""a"": ""item"", ""t"": ""2018"", ""n"": 150},{""a"": ""attr"", ""t"": ""jinbi"", ""n"": 500000}",111004,111006,,0
111006,1,111,200,在召唤之书召唤{1}次,"{""a"": ""item"", ""t"": ""2018"", ""n"": 150},{""a"": ""attr"", ""t"": ""jinbi"", ""n"": 500000}",111005,111007,,0
111007,1,111,250,在召唤之书召唤{1}次,"{""a"": ""item"", ""t"": ""2018"", ""n"": 150},{""a"": ""attr"", ""t"": ""jinbi"", ""n"": 500000}",111006,111008,,0
111008,1,111,300,在召唤之书召唤{1}次,"{""a"": ""item"", ""t"": ""2018"", ""n"": 150},{""a"": ""attr"", ""t"": ""jinbi"", ""n"": 500000}",111007,111009,,0
111009,1,111,350,在召唤之书召唤{1}次,"{""a"": ""item"", ""t"": ""2018"", ""n"": 150},{""a"": ""attr"", ""t"": ""jinbi"", ""n"": 500000}",111008,111010,,0
111010,1,111,400,在召唤之书召唤{1}次,"{""a"": ""item"", ""t"": ""2018"", ""n"": 150},{""a"": ""attr"", ""t"": ""jinbi"", ""n"": 500000}",111009,111011,,0
111011,1,111,450,在召唤之书召唤{1}次,"{""a"": ""item"", ""t"": ""2018"", ""n"": 150},{""a"": ""attr"", ""t"": ""jinbi"", ""n"": 500000}",111010,111012,,0
111012,1,111,500,在召唤之书召唤{1}次,"{""a"": ""item"", ""t"": ""2018"", ""n"": 150},{""a"": ""attr"", ""t"": ""jinbi"", ""n"": 500000}",111011,111013,,0
111013,1,111,550,在召唤之书召唤{1}次,"{""a"": ""item"", ""t"": ""2018"", ""n"": 150},{""a"": ""attr"", ""t"": ""jinbi"", ""n"": 500000}",111012,111014,,0
111014,1,111,600,在召唤之书召唤{1}次,"{""a"": ""item"", ""t"": ""2018"", ""n"": 150},{""a"": ""attr"", ""t"": ""jinbi"", ""n"": 500000}",111013,111015,,0
111015,1,111,650,在召唤之书召唤{1}次,"{""a"": ""item"", ""t"": ""2018"", ""n"": 150},{""a"": ""attr"", ""t"": ""jinbi"", ""n"": 500000}",111014,111016,,0
111016,1,111,700,在召唤之书召唤{1}次,"{""a"": ""item"", ""t"": ""2018"", ""n"": 150},{""a"": ""attr"", ""t"": ""jinbi"", ""n"": 500000}",111015,111017,,0
111017,1,111,750,在召唤之书召唤{1}次,"{""a"": ""item"", ""t"": ""2018"", ""n"": 150},{""a"": ""attr"", ""t"": ""jinbi"", ""n"": 500000}",111016,111018,,0
111018,1,111,800,在召唤之书召唤{1}次,"{""a"": ""item"", ""t"": ""2018"", ""n"": 150},{""a"": ""attr"", ""t"": ""jinbi"", ""n"": 500000}",111017,111019,,0
111019,1,111,850,在召唤之书召唤{1}次,"{""a"": ""item"", ""t"": ""2018"", ""n"": 150},{""a"": ""attr"", ""t"": ""jinbi"", ""n"": 500000}",111018,111020,,0
111020,1,111,900,在召唤之书召唤{1}次,"{""a"": ""item"", ""t"": ""2018"", ""n"": 150},{""a"": ""attr"", ""t"": ""jinbi"", ""n"": 500000}",111019,111021,,0
111021,1,111,950,在召唤之书召唤{1}次,"{""a"": ""item"", ""t"": ""2018"", ""n"": 150},{""a"": ""attr"", ""t"": ""jinbi"", ""n"": 500000}",111020,111022,,0
111022,1,111,1000,在召唤之书召唤{1}次,"{""a"": ""item"", ""t"": ""2018"", ""n"": 150},{""a"": ""attr"", ""t"": ""jinbi"", ""n"": 500000}",111021,,,0
102a01,1,102,1,获得{1}个十星英雄,"{""a"": ""equip"", ""t"": ""1055"", ""n"": 1},{""a"": ""equip"", ""t"": ""4055"", ""n"": 1}",,,10,0
102901,1,102,1,获得{1}个九星英雄,"{""a"": ""equip"", ""t"": ""2055"", ""n"": 1},{""a"": ""equip"", ""t"": ""3055"", ""n"": 1}",,,9,0
112001,1,112,50,完成{1}次每日试炼,"{""a"": ""item"", ""t"": ""2017"", ""n"": 100},{""a"": ""attr"", ""t"": ""jinbi"", ""n"": 100000}",,112002,,0
112002,1,112,100,完成{1}次每日试炼,"{""a"": ""item"", ""t"": ""2017"", ""n"": 100},{""a"": ""attr"", ""t"": ""jinbi"", ""n"": 100000}",112001,112003,,0
112003,1,112,200,完成{1}次每日试炼,"{""a"": ""item"", ""t"": ""2017"", ""n"": 100},{""a"": ""attr"", ""t"": ""jinbi"", ""n"": 100000}",112002,112004,,0
112004,1,112,400,完成{1}次每日试炼,"{""a"": ""item"", ""t"": ""2017"", ""n"": 100},{""a"": ""attr"", ""t"": ""jinbi"", ""n"": 100000}",112003,112005,,0
112005,1,112,600,完成{1}次每日试炼,"{""a"": ""item"", ""t"": ""2017"", ""n"": 100},{""a"": ""attr"", ""t"": ""jinbi"", ""n"": 100000}",112004,112006,,0
112006,1,112,800,完成{1}次每日试炼,"{""a"": ""item"", ""t"": ""2017"", ""n"": 100},{""a"": ""attr"", ""t"": ""jinbi"", ""n"": 100000}",112005,112007,,0
112007,1,112,1000,完成{1}次每日试炼,"{""a"": ""item"", ""t"": ""2017"", ""n"": 100},{""a"": ""attr"", ""t"": ""jinbi"", ""n"": 100000}",112006,112008,,0
112008,1,112,1200,完成{1}次每日试炼,"{""a"": ""item"", ""t"": ""2017"", ""n"": 100},{""a"": ""attr"", ""t"": ""jinbi"", ""n"": 100000}",112007,112009,,0
112009,1,112,1400,完成{1}次每日试炼,"{""a"": ""item"", ""t"": ""2017"", ""n"": 100},{""a"": ""attr"", ""t"": ""jinbi"", ""n"": 100000}",112008,112010,,0
112010,1,112,1600,完成{1}次每日试炼,"{""a"": ""item"", ""t"": ""2017"", ""n"": 100},{""a"": ""attr"", ""t"": ""jinbi"", ""n"": 100000}",112009,112011,,0
112011,1,112,1800,完成{1}次每日试炼,"{""a"": ""item"", ""t"": ""2017"", ""n"": 100},{""a"": ""attr"", ""t"": ""jinbi"", ""n"": 100000}",112010,112012,,0
112012,1,112,2000,完成{1}次每日试炼,"{""a"": ""item"", ""t"": ""2017"", ""n"": 100},{""a"": ""attr"", ""t"": ""jinbi"", ""n"": 100000}",112011,112013,,0
112013,1,112,2200,完成{1}次每日试炼,"{""a"": ""item"", ""t"": ""2017"", ""n"": 100},{""a"": ""attr"", ""t"": ""jinbi"", ""n"": 100000}",112012,112014,,0
112014,1,112,2400,完成{1}次每日试炼,"{""a"": ""item"", ""t"": ""2017"", ""n"": 100},{""a"": ""attr"", ""t"": ""jinbi"", ""n"": 100000}",112013,112015,,0
112015,1,112,2600,完成{1}次每日试炼,"{""a"": ""item"", ""t"": ""2017"", ""n"": 100},{""a"": ""attr"", ""t"": ""jinbi"", ""n"": 100000}",112014,112016,,0
112016,1,112,2800,完成{1}次每日试炼,"{""a"": ""item"", ""t"": ""2017"", ""n"": 100},{""a"": ""attr"", ""t"": ""jinbi"", ""n"": 100000}",112015,112017,,0
112017,1,112,3000,完成{1}次每日试炼,"{""a"": ""item"", ""t"": ""2017"", ""n"": 100},{""a"": ""attr"", ""t"": ""jinbi"", ""n"": 100000}",112016,,,0
113001,1,113,50,十字军试炼胜利{1}次,"{""a"": ""item"", ""t"": ""2017"", ""n"": 100},{""a"": ""attr"", ""t"": ""jinbi"", ""n"": 100000}",,113002,,0
113002,1,113,100,十字军试炼胜利{1}次,"{""a"": ""item"", ""t"": ""2017"", ""n"": 100},{""a"": ""attr"", ""t"": ""jinbi"", ""n"": 100000}",113001,113003,,0
113003,1,113,200,十字军试炼胜利{1}次,"{""a"": ""item"", ""t"": ""2017"", ""n"": 100},{""a"": ""attr"", ""t"": ""jinbi"", ""n"": 100000}",113002,113004,,0
113004,1,113,400,十字军试炼胜利{1}次,"{""a"": ""item"", ""t"": ""2017"", ""n"": 100},{""a"": ""attr"", ""t"": ""jinbi"", ""n"": 100000}",113003,113005,,0
113005,1,113,600,十字军试炼胜利{1}次,"{""a"": ""item"", ""t"": ""2017"", ""n"": 100},{""a"": ""attr"", ""t"": ""jinbi"", ""n"": 100000}",113004,113006,,0
113006,1,113,800,十字军试炼胜利{1}次,"{""a"": ""item"", ""t"": ""2017"", ""n"": 100},{""a"": ""attr"", ""t"": ""jinbi"", ""n"": 100000}",113005,113007,,0
113007,1,113,1000,十字军试炼胜利{1}次,"{""a"": ""item"", ""t"": ""2017"", ""n"": 100},{""a"": ""attr"", ""t"": ""jinbi"", ""n"": 100000}",113006,113008,,0
113008,1,113,1200,十字军试炼胜利{1}次,"{""a"": ""item"", ""t"": ""2017"", ""n"": 100},{""a"": ""attr"", ""t"": ""jinbi"", ""n"": 100000}",113007,113009,,0
113009,1,113,1400,十字军试炼胜利{1}次,"{""a"": ""item"", ""t"": ""2017"", ""n"": 100},{""a"": ""attr"", ""t"": ""jinbi"", ""n"": 100000}",113008,113010,,0
113010,1,113,1600,十字军试炼胜利{1}次,"{""a"": ""item"", ""t"": ""2017"", ""n"": 100},{""a"": ""attr"", ""t"": ""jinbi"", ""n"": 100000}",113009,113011,,0
113011,1,113,1800,十字军试炼胜利{1}次,"{""a"": ""item"", ""t"": ""2017"", ""n"": 100},{""a"": ""attr"", ""t"": ""jinbi"", ""n"": 100000}",113010,113012,,0
113012,1,113,2000,十字军试炼胜利{1}次,"{""a"": ""item"", ""t"": ""2017"", ""n"": 100},{""a"": ""attr"", ""t"": ""jinbi"", ""n"": 100000}",113011,113013,,0
113013,1,113,2200,十字军试炼胜利{1}次,"{""a"": ""item"", ""t"": ""2017"", ""n"": 100},{""a"": ""attr"", ""t"": ""jinbi"", ""n"": 100000}",113012,113014,,0
113014,1,113,2400,十字军试炼胜利{1}次,"{""a"": ""item"", ""t"": ""2017"", ""n"": 100},{""a"": ""attr"", ""t"": ""jinbi"", ""n"": 100000}",113013,113015,,0
113015,1,113,2600,十字军试炼胜利{1}次,"{""a"": ""item"", ""t"": ""2017"", ""n"": 100},{""a"": ""attr"", ""t"": ""jinbi"", ""n"": 100000}",113014,113016,,0
113016,1,113,2800,十字军试炼胜利{1}次,"{""a"": ""item"", ""t"": ""2017"", ""n"": 100},{""a"": ""attr"", ""t"": ""jinbi"", ""n"": 100000}",113015,113017,,0
113017,1,113,3000,十字军试炼胜利{1}次,"{""a"": ""item"", ""t"": ""2017"", ""n"": 100},{""a"": ""attr"", ""t"": ""jinbi"", ""n"": 100000}",113016,,,0
114001,1,114,50,赠送{1}次友情印记,"{""a"": ""item"", ""t"": ""2017"", ""n"": 100},{""a"": ""attr"", ""t"": ""jinbi"", ""n"": 100000}",,114002,,0
114002,1,114,100,赠送{1}次友情印记,"{""a"": ""item"", ""t"": ""2017"", ""n"": 100},{""a"": ""attr"", ""t"": ""jinbi"", ""n"": 100000}",114001,114003,,0
114003,1,114,300,赠送{1}次友情印记,"{""a"": ""item"", ""t"": ""2017"", ""n"": 100},{""a"": ""attr"", ""t"": ""jinbi"", ""n"": 100000}",114002,114004,,0
114004,1,114,500,赠送{1}次友情印记,"{""a"": ""item"", ""t"": ""2017"", ""n"": 100},{""a"": ""attr"", ""t"": ""jinbi"", ""n"": 100000}",114003,114005,,0
114005,1,114,750,赠送{1}次友情印记,"{""a"": ""item"", ""t"": ""2017"", ""n"": 100},{""a"": ""attr"", ""t"": ""jinbi"", ""n"": 100000}",114004,114006,,0
114006,1,114,1000,赠送{1}次友情印记,"{""a"": ""item"", ""t"": ""2017"", ""n"": 100},{""a"": ""attr"", ""t"": ""jinbi"", ""n"": 100000}",114005,114007,,0
114007,1,114,1250,赠送{1}次友情印记,"{""a"": ""item"", ""t"": ""2017"", ""n"": 100},{""a"": ""attr"", ""t"": ""jinbi"", ""n"": 100000}",114006,114008,,0
114008,1,114,1500,赠送{1}次友情印记,"{""a"": ""item"", ""t"": ""2017"", ""n"": 100},{""a"": ""attr"", ""t"": ""jinbi"", ""n"": 100000}",114007,114009,,0
114009,1,114,1750,赠送{1}次友情印记,"{""a"": ""item"", ""t"": ""2017"", ""n"": 100},{""a"": ""attr"", ""t"": ""jinbi"", ""n"": 100000}",114008,114010,,0
114010,1,114,2000,赠送{1}次友情印记,"{""a"": ""item"", ""t"": ""2017"", ""n"": 100},{""a"": ""attr"", ""t"": ""jinbi"", ""n"": 100000}",114009,114011,,0
114011,1,114,2250,赠送{1}次友情印记,"{""a"": ""item"", ""t"": ""2017"", ""n"": 100},{""a"": ""attr"", ""t"": ""jinbi"", ""n"": 100000}",114010,114012,,0
114012,1,114,2500,赠送{1}次友情印记,"{""a"": ""item"", ""t"": ""2017"", ""n"": 100},{""a"": ""attr"", ""t"": ""jinbi"", ""n"": 100000}",114011,114013,,0
114013,1,114,2750,赠送{1}次友情印记,"{""a"": ""item"", ""t"": ""2017"", ""n"": 100},{""a"": ""attr"", ""t"": ""jinbi"", ""n"": 100000}",114012,114014,,0
114014,1,114,3000,赠送{1}次友情印记,"{""a"": ""item"", ""t"": ""2017"", ""n"": 100},{""a"": ""attr"", ""t"": ""jinbi"", ""n"": 100000}",114013,,,0
115001,1,115,50,外域积分赛胜{1}次,"{""a"": ""item"", ""t"": ""2018"", ""n"": 50},{""a"": ""attr"", ""t"": ""jinbi"", ""n"": 200000}",,115002,,0
115002,1,115,100,外域积分赛胜{1}次,"{""a"": ""item"", ""t"": ""2018"", ""n"": 50},{""a"": ""attr"", ""t"": ""jinbi"", ""n"": 200000}",115001,115003,,0
115003,1,115,200,外域积分赛胜{1}次,"{""a"": ""item"", ""t"": ""2018"", ""n"": 50},{""a"": ""attr"", ""t"": ""jinbi"", ""n"": 200000}",115002,115004,,0
115004,1,115,300,外域积分赛胜{1}次,"{""a"": ""item"", ""t"": ""2018"", ""n"": 50},{""a"": ""attr"", ""t"": ""jinbi"", ""n"": 200000}",115003,115005,,0
115005,1,115,400,外域积分赛胜{1}次,"{""a"": ""item"", ""t"": ""2018"", ""n"": 50},{""a"": ""attr"", ""t"": ""jinbi"", ""n"": 200000}",115004,115006,,0
115006,1,115,500,外域积分赛胜{1}次,"{""a"": ""item"", ""t"": ""2018"", ""n"": 50},{""a"": ""attr"", ""t"": ""jinbi"", ""n"": 200000}",115005,115007,,0
115007,1,115,600,外域积分赛胜{1}次,"{""a"": ""item"", ""t"": ""2018"", ""n"": 50},{""a"": ""attr"", ""t"": ""jinbi"", ""n"": 200000}",115006,115008,,0
115008,1,115,700,外域积分赛胜{1}次,"{""a"": ""item"", ""t"": ""2018"", ""n"": 50},{""a"": ""attr"", ""t"": ""jinbi"", ""n"": 200000}",115007,115009,,0
115009,1,115,800,外域积分赛胜{1}次,"{""a"": ""item"", ""t"": ""2018"", ""n"": 50},{""a"": ""attr"", ""t"": ""jinbi"", ""n"": 200000}",115008,115010,,0
115010,1,115,900,外域积分赛胜{1}次,"{""a"": ""item"", ""t"": ""2018"", ""n"": 50},{""a"": ""attr"", ""t"": ""jinbi"", ""n"": 200000}",115009,115011,,0
115011,1,115,1000,外域积分赛胜{1}次,"{""a"": ""item"", ""t"": ""2018"", ""n"": 50},{""a"": ""attr"", ""t"": ""jinbi"", ""n"": 200000}",115010,115012,,0
115012,1,115,1100,外域积分赛胜{1}次,"{""a"": ""item"", ""t"": ""2018"", ""n"": 50},{""a"": ""attr"", ""t"": ""jinbi"", ""n"": 200000}",115011,115013,,0
115013,1,115,1200,外域积分赛胜{1}次,"{""a"": ""item"", ""t"": ""2018"", ""n"": 50},{""a"": ""attr"", ""t"": ""jinbi"", ""n"": 200000}",115012,115014,,0
115014,1,115,1300,外域积分赛胜{1}次,"{""a"": ""item"", ""t"": ""2018"", ""n"": 50},{""a"": ""attr"", ""t"": ""jinbi"", ""n"": 200000}",115013,115015,,0
115015,1,115,1400,外域积分赛胜{1}次,"{""a"": ""item"", ""t"": ""2018"", ""n"": 50},{""a"": ""attr"", ""t"": ""jinbi"", ""n"": 200000}",115014,115016,,0
115016,1,115,1500,外域积分赛胜{1}次,"{""a"": ""item"", ""t"": ""2018"", ""n"": 50},{""a"": ""attr"", ""t"": ""jinbi"", ""n"": 200000}",115015,,,0
